jobid,submit,start,end,nnodes,duration,max_memory
218,169884006,169884015,169884037,1,22,17
219,169884041,169884064,169884127,1,63,87
221,169884041,169884052,169884094,1,42,80
222,169884041,169884052,169884162,1,110,83
224,169884041,169884064,169884122,1,58,85
220,169884049,169884064,169884077,1,13,17
226,169884078,169884100,169884126,4,26,19
227,169884107,169884107,169884121,1,14,16
228,169884144,169884175,169884217,4,42,58
229,169884165,169884165,169884233,1,68,462
230,169884171,169884175,169884198,1,23,57
293,169884193,169884193,169884200,1,7,15
325,169884214,169884214,169884647,1,433,32
326,169884216,169884216,169892858,32,8642,25
327,169884233,169884233,169884272,4,39,27
328,169884238,169884239,169884246,1,7,16
329,169884249,169884249,169885032,1,783,189
330,169884268,169884268,169884275,4,7,47
331,169884283,169884283,169884341,4,58,27
332,169884308,169884308,169884371,1,63,17
333,169884316,169884316,169884370,1,54,19
334,169884339,169884339,169884533,1,194,29
335,169884341,169884342,169884357,4,15,19
336,169884343,169884343,169884393,32,50,34
337,169884373,169884373,169884517,1,144,75
338,169884408,169884408,169884537,1,129,260
339,169884413,169884413,169884633,64,220,35
340,169884419,169884419,169884432,4,13,25
341,169884431,169884431,169884448,1,17,30
342,169884474,169884474,169884538,1,64,270
343,169884483,169884483,169884605,2,122,23
344,169884492,169884493,169884500,1,7,15
345,169884503,169884525,169884587,1,62,50
346,169884509,169884509,169884632,8,123,54
347,169884509,169884509,169884833,1,324,89
348,169884515,169884516,169886603,1,2087,27
349,169884522,169884522,169884568,1,46,29
350,169884530,169884530,169884606,1,76,481
351,169884542,169884542,169884665,8,123,35
352,169884565,169884565,169884636,1,71,17
353,169884585,169884585,169884589,1,4,66
354,169884602,169884607,169884731,8,124,31
355,169884605,169884606,169885328,1,722,102
356,169884610,169884611,169886690,1,2079,65
357,169884627,169884627,169885255,1,628,41
358,169884629,169884629,169884644,1,15,60
359,169884639,169884639,169884657,4,18,50
360,169884667,169884667,169885993,12,1326,82
361,169884670,169884670,169884691,4,21,50
362,169884671,169884671,169885994,12,1323,72
363,169884680,169884691,169884693,1,2,15
364,169884681,169884691,169888365,32,3674,125
365,169884685,169884685,169884847,1,162,33
366,169884687,169884687,169884765,1,78,491
367,169884690,169884691,169884701,1,10,38
368,169884690,169884691,169884783,128,92,53
369,169884696,169884696,169884761,2,65,17
370,169884696,169884696,169884723,4,27,50
371,169884703,169884703,169884754,1,51,88
372,169884726,169884726,169884737,1,11,17
373,169884731,169884731,169885012,1,281,18
374,169884732,169884732,169884752,4,20,50
375,169884734,169884735,169884794,1,59,65
376,169884749,169884751,169886068,12,1317,90
377,169884752,169884753,169884762,4,9,25
378,169884753,169884753,169884765,1,12,89
379,169884757,169884757,169884857,1,100,24
380,169884761,169884761,169884779,1,18,19
381,169884773,169884773,169884840,1,67,410
382,169884776,169884777,169885317,24,540,76
383,169884795,169884795,169885061,1,266,24
384,169884797,169884797,169885231,1,434,32
385,169884808,169884808,169885239,1,431,53
386,169884809,169884809,169885434,1,625,75
387,169884810,169884810,169885244,1,434,32
388,169884867,169884867,169885229,1,362,27
389,169884894,169884894,169885606,1,712,17
390,169884899,169884899,169886459,1,1560,27
391,169884927,169884927,169884931,1,4,17
392,169884938,169884938,169885661,1,723,18
393,169884940,169884940,169885035,1,95,478
394,169884945,169884945,169884950,2,5,17
395,169884962,169884962,169892275,1,7313,178
396,169884992,169884992,169885046,1,54,65
397,169885024,169885024,169885108,4,84,199
398,169885031,169885031,169885126,1,95,451
399,169885041,169885043,169887128,1,2085,27
400,169885045,169885045,169885052,2,7,17
401,169885050,169885050,169891773,8,6723,111
404,169885084,169885084,169885194,1,110,27
405,169885100,169885100,169887263,32,2163,259
406,169885116,169885116,169885135,1,19,17
407,169885138,169885139,169885260,64,121,194
408,169885143,169885143,169885182,1,39,48
409,169885156,169885156,169885159,4,3,16
410,169885176,169885177,169885489,1,312,487
411,169885183,169885183,169885902,1,719,25
412,169885184,169885184,169885466,32,282,61
413,169885194,169885194,169885226,1,32,56
414,169885203,169885204,169885266,1,62,33
415,169885212,169885212,169885404,1,192,16
416,169885239,169885239,169886591,12,1352,82
417,169885243,169885243,169893424,1,8181,199
418,169885243,169885244,169892763,1,7519,178
419,169885283,169885283,169886634,12,1351,91
420,169885295,169885295,169885310,2,15,28
421,169885312,169886776,169887027,128,251,194
422,169885317,169885328,169885338,24,10,48
423,169885321,169885321,169885444,1,123,16
424,169885339,169885339,169885409,1,70,257
425,169885347,169885347,169886303,1,956,24
426,169885352,169885353,169885575,32,222,56
427,169885372,169885372,169885391,1,19,77
428,169885375,169885375,169885391,1,16,118
429,169885377,169885377,169885392,1,15,16
430,169885379,169885379,169885390,1,11,17
431,169885383,169885383,169886108,1,725,159
432,169885407,169885412,169885587,24,175,85
433,169885408,169885408,169885413,1,5,17
434,169885414,169885414,169885778,1,364,254
435,169885416,169885416,169893978,1,8562,169
436,169885416,169902544,169911106,1,8562,162
437,169885416,169911116,169919678,1,8562,158
438,169885416,169919679,169928242,1,8563,158
439,169885416,169935841,169944403,1,8562,166
440,169885416,169944411,169952973,1,8562,170
441,169885416,169954403,169962965,1,8562,162
442,169885418,169885418,169885429,2,11,41
443,169885424,169885424,169885677,20,253,173
444,169885432,169885468,169886159,20,691,60
445,169885442,169885448,169885455,4,7,24
446,169885447,169885447,169885457,2,10,34
447,169885449,169885468,169888416,20,2948,68
448,169885451,169885451,169894012,1,8561,251
449,169885451,169902578,169911140,1,8562,161
450,169885451,169911152,169919714,1,8562,157
451,169885451,169919716,169928278,1,8562,157
452,169885451,169935841,169944403,1,8562,167
453,169885451,169944448,169953011,1,8563,263
454,169885451,169954403,169962965,1,8562,159
455,169885453,169885453,169889432,1,3979,127
456,169885453,169897999,169906562,1,8563,161
457,169885453,169906567,169915128,1,8561,159
458,169885453,169915134,169923696,1,8562,158
459,169885453,169923698,169932260,1,8562,160
460,169885453,169935845,169944407,1,8562,170
461,169885453,169944448,169953011,1,8563,276
462,169885454,169885454,169894016,1,8562,168
463,169885454,169902582,169911144,1,8562,159
464,169885454,169911152,169919714,1,8562,167
465,169885454,169919716,169928278,1,8562,177
466,169885454,169935841,169944403,1,8562,166
467,169885454,169944448,169953010,1,8562,159
468,169885454,169954403,169962965,1,8562,161
469,169885458,169885589,169888979,20,3390,98
470,169885466,169885779,169889586,20,3807,108
471,169885486,169885486,169885638,1,152,428
472,169885490,169885490,169885511,8,21,21
473,169885527,169885527,169885541,2,14,17
474,169885528,169885528,169885606,1,78,16
475,169885538,169885577,169885845,32,268,56
476,169885546,169885546,169885563,8,17,21
477,169885559,169885559,169885715,1,156,16
478,169885562,169885577,169894134,1,8557,26
479,169885569,169885569,169885708,1,139,20
480,169885570,169885570,169885574,1,4,21
481,169885573,169885577,169885793,1,216,19
482,169885577,169885577,169885585,1,8,44
483,169885577,169885577,169885907,1,330,20
484,169885582,169885582,169885626,1,44,20
485,169885586,169885589,169885612,8,23,43
486,169885587,169886352,169886488,24,136,90
487,169885599,169885608,169885632,1,24,27
488,169885609,169885609,169885625,1,16,17
489,169885616,169885616,169885632,8,16,23
490,169885616,169885777,169885999,32,222,177
491,169885638,169885640,169885664,1,24,17
492,169885659,169885659,169885673,1,14,18
493,169885671,169885671,169885684,1,13,17
494,169885672,169885689,169885843,1,154,20
495,169885676,169885676,169886598,1,922,42
496,169885690,169885690,169885706,1,16,17
497,169885731,169885737,169885759,5,22,174
498,169885731,169885737,169886165,1,428,17
499,169885742,169885742,169885782,1,40,21
500,169885785,169885785,169885811,1,26,21
501,169885791,169885904,169885921,1,17,25
502,169885815,169885816,169885823,1,7,21
503,169885821,169885821,169886089,5,268,56
504,169885825,169885825,169886189,1,364,281
505,169885833,169885833,169885840,1,7,17
506,169885844,169885844,169885905,1,61,21
507,169885855,169885855,169885889,4,34,19
508,169885860,169885860,169886057,12,197,59
509,169885866,169885968,169886156,25,188,49
510,169885882,169885883,169885946,1,63,20
511,169885897,169885897,169885931,4,34,19
512,169885928,169885928,169885967,1,39,21
513,169885977,169885977,169885990,1,13,17
514,169885988,169886000,169886008,1,8,49
515,169885990,169886021,169886023,1,2,67
516,169885990,169886021,169886023,1,2,18
517,169885990,169886021,169886023,1,2,56
518,169885990,169886021,169886023,1,2,17
519,169885990,169886021,169886023,1,2,58
520,169885990,169886021,169886023,1,2,64
521,169885990,169886021,169886023,1,2,53
522,169885990,169886021,169886023,1,2,56
523,169885990,169886021,169886023,1,2,144
524,169885990,169886021,169886023,1,2,16
525,169885990,169886021,169886023,1,2,48
526,169885990,169886021,169886023,1,2,45
527,169885990,169886021,169886023,1,2,38
528,169885991,169886021,169886023,1,2,56
529,169885991,169886021,169886023,1,2,48
530,169885991,169886021,169886023,1,2,18
531,169885991,169886021,169886023,1,2,48
533,169885991,169886028,169886030,1,2,55
534,169885991,169886028,169886030,1,2,64
535,169885991,169886028,169886030,1,2,48
536,169885991,169886028,169886030,1,2,145
537,169885991,169886028,169886030,1,2,135
538,169885991,169886028,169886030,1,2,67
539,169885991,169886028,169886030,1,2,132
540,169885991,169886028,169886030,1,2,56
541,169885991,169886029,169886031,1,2,48
542,169885991,169886029,169886031,1,2,56
543,169885991,169886029,169886031,1,2,48
544,169885991,169886029,169886031,1,2,18
545,169885991,169886029,169886031,1,2,56
546,169885991,169886029,169886031,1,2,34
547,169885991,169886029,169886031,1,2,53
548,169885991,169886029,169886031,1,2,56
532,169886027,169886029,169886049,1,20,22
549,169886038,169886038,169886242,32,204,160
550,169886044,169886070,169886326,32,256,188
551,169886050,169886050,169886328,1,278,162
552,169886058,169886058,169892484,8,6426,119
553,169886088,169886088,169886181,1,93,20
554,169886094,169886094,169886130,2,36,148
555,169886100,169886330,169886393,1,63,50
556,169886109,169886109,169886831,1,722,171
557,169886109,169886109,169889723,1,3614,86
558,169886109,169889724,169893536,1,3812,84
559,169886109,169906158,169909461,1,3303,84
560,169886109,169909464,169912357,1,2893,88
561,169886109,169912925,169915335,1,2410,82
562,169886109,169915386,169917133,1,1747,78
563,169886109,169917135,169918443,1,1308,180
564,169886109,169918445,169920482,1,2037,180
565,169886109,169921710,169923868,1,2158,216
566,169886109,169923869,169925471,1,1602,78
567,169886109,169925472,169927918,1,2446,80
568,169886109,169935841,169937861,1,2020,81
569,169886109,169937863,169939533,1,1670,81
570,169886109,169940583,169942907,1,2324,169
571,169886109,169942909,169944946,1,2037,84
572,169886109,169944969,169947634,1,2665,82
573,169886109,169949551,169952102,1,2551,81
574,169886109,169954412,169958331,1,3919,401
575,169886109,169958894,169962203,1,3309,86
576,169886110,169962241,169965943,1,3702,85
577,169886110,169965956,169971261,1,5305,87
578,169886110,169971268,169975944,1,4676,87
579,169886110,169975946,169980302,1,4356,86
580,169886110,169980304,169984091,1,3787,86
581,169886110,169984093,169987544,1,3451,83
582,169886110,169987546,169990416,1,2870,81
583,169886110,169992679,169995331,1,2652,105
584,169886110,169995333,169997776,1,2443,103
585,169886110,169997777,170000302,1,2525,103
586,169886110,170000359,170002440,1,2081,79
587,169886110,170002441,170004161,1,1720,82
588,169886110,170004162,170006159,1,1997,145
589,169886110,170006289,170008378,1,2089,85
590,169886110,170010041,170011906,1,1865,78
591,169886110,170011908,170013412,1,1504,85
592,169886110,170014083,170016374,1,2291,80
593,169886110,170016553,170018574,1,2021,81
594,169886110,170018576,170020618,1,2042,80
595,169886110,170020620,170023187,1,2567,82
596,169886110,170023672,170026558,1,2886,83
597,169886110,170026564,170029547,1,2983,84
598,169886110,170029548,170033347,1,3799,84
599,169886110,170033360,170037815,1,4455,85
600,169886110,170037817,170042011,1,4194,84
601,169886110,170043547,170049041,1,5494,85
602,169886110,170051981,170055389,1,3408,86
603,169886110,170055573,170060431,1,4858,85
604,169886110,170060949,170064706,1,3757,84
605,169886110,170064708,170068688,1,3980,86
606,169886110,170068705,170072333,1,3628,84
607,169886110,170072335,170074904,1,2569,83
608,169886110,170074907,170077144,1,2237,83
609,169886110,170078110,170080759,1,2649,91
610,169886110,170080760,170082894,1,2134,80
611,169886110,170085171,170087205,1,2034,113
612,169886110,170089486,170091155,1,1669,179
613,169886110,170091437,170093829,1,2392,455
614,169886110,170093912,170096371,1,2459,83
615,169886111,170096373,170097933,1,1560,83
616,169886111,170097996,170099439,1,1443,80
617,169886111,170099441,170101224,1,1783,83
618,169886111,170101226,170103656,1,2430,84
619,169886111,170103658,170106810,1,3152,83
620,169886111,170106811,170109524,1,2713,82
621,169886111,170109526,170112232,1,2706,82
622,169886117,169886117,169888305,1,2188,110
623,169886117,169888307,169890687,1,2380,109
624,169886117,169890689,169893043,1,2354,81
625,169886117,169893045,169895582,1,2537,80
626,169886118,169906120,169907310,1,1190,190
627,169886118,169907312,169908573,1,1261,193
628,169886118,169908575,169909569,1,994,190
629,169886118,169909571,169910980,1,1409,79
630,169886118,169910981,169912208,1,1227,79
631,169886118,169912210,169913239,1,1029,77
632,169886118,169913249,169914572,1,1323,80
633,169886118,169914579,169915983,1,1404,80
634,169886118,169915985,169917629,1,1644,79
635,169886118,169917659,169919220,1,1561,80
636,169886118,169919454,169921425,1,1971,78
637,169886118,169921587,169923425,1,1838,110
638,169886118,169923427,169925232,1,1805,79
639,169886118,169925234,169928334,1,3100,82
640,169886118,169935841,169938439,1,2598,84
641,169886118,169938807,169941565,1,2758,81
642,169886118,169941567,169943668,1,2101,80
643,169886118,169943670,169945503,1,1833,79
644,169886118,169945562,169947310,1,1748,86
645,169886118,169948763,169950346,1,1583,82
646,169886118,169950348,169951927,1,1579,81
647,169886118,169951929,169953426,1,1497,81
648,169886118,169953427,169954628,1,1201,78
649,169886118,169955119,169956155,1,1036,85
650,169886118,169957820,169959012,1,1192,82
651,169886118,169959014,169960137,1,1123,80
652,169886118,169960139,169961250,1,1111,76
653,169886118,169961252,169962320,1,1068,78
654,169886118,169962321,169963504,1,1183,82
655,169886118,169963523,169964621,1,1098,102
656,169886118,169964623,169965871,1,1248,80
657,169886118,169965872,169967361,1,1489,79
658,169886118,169967363,169968866,1,1503,80
659,169886119,169968868,169970433,1,1565,80
660,169886119,169970445,169972396,1,1951,78
661,169886119,169972418,169974816,1,2398,82
662,169886119,169974818,169977049,1,2231,83
663,169886119,169977051,169979844,1,2793,81
664,169886119,169979847,169981700,1,1853,79
665,169886119,169981711,169983907,1,2196,79
666,169886119,169983909,169985868,1,1959,182
667,169886119,169985870,169988011,1,2141,82
668,169886119,169988014,169989884,1,1870,76
669,169886119,169990802,169992449,1,1647,79
670,169886119,169992786,169994155,1,1369,180
671,169886119,169994157,169995673,1,1516,180
672,169886119,169995869,169997222,1,1353,177
673,169886119,169997224,169998414,1,1190,177
674,169886119,169998416,169999479,1,1063,180
675,169886119,169999481,170000723,1,1242,177
676,169886119,170000747,170001949,1,1202,77
677,169886119,170001951,170003044,1,1093,178
678,169886119,170003045,170004061,1,1016,134
679,169886119,170004063,170005129,1,1066,127
680,169886119,170005137,170006558,1,1421,126
681,169886119,170006570,170008407,1,1837,106
682,169886119,170009554,170011138,1,1584,79
683,169886119,170011140,170012740,1,1600,80
684,169886120,169886135,169886156,1,21,35
685,169886172,169886182,169887692,32,1510,79
686,169886182,169886182,169886525,1,343,34
687,169886199,169886249,169887305,32,1056,80
688,169886208,169886208,169886218,1,10,17
689,169886213,169886213,169886257,1,44,17
690,169886234,169886234,169886257,1,23,16
691,169886287,169886287,169886303,4,16,138
692,169886324,169886324,169886345,1,21,17
693,169886328,169886328,169886693,1,365,79
694,169886331,169886331,169886336,4,5,78
695,169886341,169886341,169886375,4,34,80
696,169886381,169886381,169890083,1,3702,85
697,169886381,169890086,169894639,1,4553,83
698,169886381,169906132,169908295,1,2163,80
699,169886381,169908296,169911741,1,3445,81
700,169886381,169911754,169914302,1,2548,81
701,169886381,169914387,169916920,1,2533,100
702,169886381,169916921,169918548,1,1627,78
703,169886381,169918574,169919822,1,1248,78
704,169886381,169919874,169921735,1,1861,78
705,169886381,169922338,169924126,1,1788,79
706,169886381,169924128,169925508,1,1380,169
707,169886381,169925510,169927561,1,2051,81
708,169886381,169935841,169937578,1,1737,81
709,169886381,169937580,169939023,1,1443,78
710,169886381,169940504,169942686,1,2182,81
711,169886381,169942688,169944497,1,1809,78
712,169886381,169944630,169947247,1,2617,89
713,169886381,169949551,169952159,1,2608,85
714,169886381,169954412,169958097,1,3685,124
715,169886381,169958894,169962413,1,3519,85
716,169886381,169962414,169966420,1,4006,85
717,169886381,169966425,169972237,1,5812,123
718,169886381,169972661,169977662,1,5001,86
719,169886382,169977664,169982202,1,4538,85
720,169886382,169982221,169985937,1,3716,84
721,169886382,169985938,169988993,1,3055,183
722,169886382,169990992,169993978,1,2986,184
723,169886382,169993980,169996404,1,2424,182
724,169886382,169996406,169998600,1,2194,182
725,169886382,169999489,170001457,1,1968,81
726,169886382,170001459,170003168,1,1709,80
727,169886382,170003169,170004385,1,1216,78
728,169886382,170004411,170005774,1,1363,185
729,169886382,169886382,169886444,1,62,34
730,169886382,170006240,170007620,1,1380,78
731,169886382,170009895,170011105,1,1210,81
732,169886382,170011107,170012197,1,1090,79
733,169886382,170012199,170013564,1,1365,78
734,169886382,170014083,170015275,1,1192,79
735,169886382,170015622,170017112,1,1490,79
736,169886382,170017119,170018851,1,1732,80
737,169886382,170018853,170020902,1,2049,79
738,169886382,170020904,170023388,1,2484,185
739,169886382,170023672,170026889,1,3217,117
740,169886382,170026901,170031002,1,4101,84
741,169886382,170031003,170034868,1,3865,84
742,169886382,170034869,170040102,1,5233,85
743,169886382,170040211,170043241,1,3030,88
744,169886382,170043574,170047447,1,3873,91
745,169886382,170047459,170050851,1,3392,81
746,169886382,170052235,170055956,1,3721,82
747,169886382,170060484,170063485,1,3001,80
748,169886382,170063486,170065713,1,2227,82
749,169886382,170065714,170067446,1,1732,79
750,169886382,170067448,170069496,1,2048,80
751,169886382,170069497,170071006,1,1509,81
752,169886382,170071008,170072321,1,1313,79
753,169886382,170072322,170073426,1,1104,76
754,169886382,170073427,170074677,1,1250,80
755,169886382,170074679,170076127,1,1448,81
756,169886382,170076129,170077267,1,1138,78
757,169886382,170078122,170079251,1,1129,79
758,169886382,170079252,170080431,1,1179,79
759,169886383,170080433,170082100,1,1667,80
760,169886383,170082219,170084292,1,2073,79
761,169886383,170087484,170089453,1,1969,83
762,169886383,170089486,170091684,1,2198,178
763,169886412,169886412,169887751,12,1339,183
764,169886412,169886412,169887737,12,1325,84
765,169886423,169886423,169886430,1,7,17
766,169886428,169886428,169886444,1,16,50
767,169886452,169886452,169886472,1,20,151
768,169886484,169886484,169886506,4,22,107
769,169886488,169886496,169886668,24,172,91
770,169886489,169886508,169886520,1,12,67
771,169886496,169886497,169886861,1,364,87
772,169886503,169886503,169886516,1,13,16
773,169886503,169886503,169886525,1,22,35
774,169886503,169886503,169886516,1,13,16
775,169886503,169886503,169886516,1,13,16
776,169886503,169886503,169886514,1,11,17
777,169886503,169886503,169886514,1,11,17
778,169886503,169886503,169886514,1,11,17
779,169886503,169886503,169886513,1,10,18
780,169886503,169886503,169886514,1,11,17
781,169886503,169886503,169886514,1,11,16
784,169886503,169886516,169886523,1,7,18
785,169886503,169886516,169886523,1,7,19
786,169886503,169886516,169886521,1,5,16
787,169886503,169886516,169886521,1,5,18
788,169886503,169886516,169886523,1,7,17
789,169886503,169886518,169886524,1,6,16
790,169886503,169886518,169886524,1,6,16
791,169886503,169886519,169886525,1,6,16
782,169886506,169886515,169886537,1,22,22
783,169886510,169886522,169886560,1,38,17
792,169886523,169886563,169886571,1,8,19
793,169886523,169886523,169887261,1,738,37
795,169886523,169886525,169886532,1,7,18
796,169886523,169886525,169887206,1,681,37
798,169886523,169886526,169886534,1,8,35
799,169886523,169886528,169886535,1,7,34
800,169886523,169886528,169886535,1,7,16
801,169886523,169886535,169886543,1,8,16
802,169886523,169886535,169886543,1,8,16
803,169886523,169886535,169886543,1,8,17
804,169886523,169886535,169886543,1,8,18
805,169886523,169886536,169886544,1,8,16
806,169886523,169886538,169886546,1,8,18
807,169886523,169886538,169886546,1,8,16
808,169886523,169886539,169886547,1,8,22
809,169886523,169886544,169886552,1,8,16
810,169886523,169886544,169886552,1,8,16
811,169886523,169886545,169886553,1,8,17
812,169886523,169886545,169886553,1,8,18
813,169886523,169886545,169886553,1,8,16
814,169886523,169886547,169886555,1,8,18
815,169886523,169886548,169886556,1,8,16
816,169886523,169886549,169886557,1,8,22
820,169886523,169886554,169886562,1,8,16
821,169886523,169886554,169886562,1,8,16
822,169886523,169886554,169886562,1,8,16
824,169886523,169886555,169886563,1,8,20
825,169886523,169886557,169886565,1,8,18
826,169886523,169886558,169886566,1,8,16
827,169886523,169886558,169886566,1,8,18
828,169886523,169886563,169886571,1,8,20
829,169886523,169886563,169886571,1,8,19
794,169886524,169887288,169887296,1,8,44
978,169886524,169887268,169888018,1,750,84
979,169886524,169887268,169887275,1,7,80
980,169886524,169887268,169888054,1,786,102
981,169886524,169887268,169887276,1,8,89
982,169886524,169887268,169887276,1,8,77
983,169886524,169887268,169887276,1,8,102
984,169886524,169887268,169887275,1,7,92
985,169886524,169887268,169887275,1,7,100
986,169886524,169887268,169887275,1,7,142
988,169886524,169887280,169887287,1,7,61
989,169886524,169887280,169887287,1,7,72
990,169886524,169887280,169887287,1,7,59
991,169886524,169887280,169887287,1,7,83
992,169886524,169887280,169887287,1,7,75
993,169886524,169887280,169887287,1,7,81
994,169886524,169887280,169887287,1,7,122
995,169886524,169887288,169887296,1,8,44
996,169886524,169887288,169887296,1,8,44
997,169886524,169887288,169887296,1,8,44
998,169886524,169887288,169887296,1,8,45
999,169886524,169887288,169887296,1,8,44
1000,169886524,169887288,169887296,1,8,45
1001,169886524,169887288,169887296,1,8,45
1002,169886524,169887288,169887296,1,8,45
1003,169886524,169887288,169887296,1,8,44
1004,169886524,169887288,169887296,1,8,44
1005,169886524,169887288,169887296,1,8,45
1006,169886524,169887288,169887296,1,8,44
1007,169886524,169887288,169887296,1,8,44
1008,169886524,169887288,169887296,1,8,45
1009,169886524,169887288,169887296,1,8,44
1010,169886524,169887288,169887296,1,8,45
1011,169886524,169887288,169887296,1,8,45
1012,169886524,169887288,169887296,1,8,45
1013,169886524,169887288,169887296,1,8,45
797,169886525,169888056,169888064,1,8,26
1055,169886525,169888056,169888889,1,833,155
1056,169886525,169888056,169888064,1,8,16
1057,169886525,169888056,169889022,1,966,51
1058,169886525,169888056,169888064,1,8,45
1059,169886525,169888056,169888064,1,8,132
1060,169886525,169888056,169888064,1,8,105
1061,169886525,169888056,169888064,1,8,125
1062,169886525,169888056,169888064,1,8,16
1063,169886525,169888056,169888064,1,8,17
1064,169886525,169888056,169888064,1,8,16
1065,169886525,169888056,169888065,1,9,83
1066,169886525,169888056,169888064,1,8,92
1067,169886525,169888056,169888064,1,8,21
1068,169886525,169888056,169888064,1,8,38
1069,169886525,169888056,169888064,1,8,17
1070,169886525,169888056,169888064,1,8,17
1071,169886525,169888056,169888064,1,8,18
1072,169886525,169888056,169888064,1,8,23
1073,169886525,169888056,169888064,1,8,18
1074,169886525,169888056,169888064,1,8,53
1075,169886525,169888056,169888064,1,8,38
1076,169886525,169888056,169888064,1,8,53
1077,169886525,169888056,169888064,1,8,53
1078,169886525,169888056,169888064,1,8,53
1079,169886525,169888056,169888064,1,8,36
1080,169886525,169888056,169888064,1,8,16
1081,169886525,169888056,169888064,1,8,16
1082,169886525,169888056,169888064,1,8,17
1083,169886525,169888056,169888064,1,8,16
1084,169886525,169888056,169888064,1,8,16
1085,169886525,169888056,169888064,1,8,16
1086,169886525,169888056,169888064,1,8,16
1087,169886525,169888056,169888064,1,8,16
1088,169886525,169888056,169888064,1,8,16
1089,169886525,169888056,169888064,1,8,26
817,169886552,169886565,169893270,1,6705,180
818,169886552,169886568,169892162,1,5594,180
819,169886552,169886568,169894736,1,8168,181
823,169886554,169886555,169886575,1,20,23
830,169886569,169886569,169886585,2,16,67
831,169886569,169886569,169886588,1,19,34
832,169886570,169886670,169886775,40,105,98
833,169886590,169886590,169886599,4,9,17
834,169886603,169886604,169888677,1,2073,28
835,169886604,169886604,169886612,2,8,67
836,169886620,169886620,169886684,1,64,33
837,169886662,169886662,169886674,4,12,69
838,169886666,169886666,169886719,2,53,34
839,169886668,169886777,169886938,24,161,98
840,169886684,169886684,169886717,1,33,35
841,169886688,169886688,169886870,2,182,69
842,169886690,169886691,169888781,1,2090,23
843,169886698,169886698,169886887,1,189,74
844,169886699,169886699,169888233,8,1534,492
845,169886712,169886721,169886779,2,58,34
846,169886722,169886722,169886732,1,10,61
847,169886750,169886750,169886777,1,27,33
848,169886775,169886776,169886840,1,64,35
849,169886784,169887030,169887215,50,185,92
850,169886791,169886791,169886855,1,64,33
851,169886832,169886832,169886894,1,62,33
852,169886832,169886832,169886867,2,35,34
853,169886845,169886845,169886855,1,10,34
854,169886850,169886851,169886863,2,12,23
855,169886851,169886851,169886861,2,10,38
856,169886852,169886852,169886860,2,8,18
857,169886853,169886853,169886865,2,12,63
858,169886853,169886853,169886865,2,12,33
859,169886854,169886854,169886864,2,10,22
860,169886855,169886855,169886865,2,10,66
861,169886856,169886857,169886871,2,14,63
862,169886856,169886857,169887074,1,217,93
863,169886857,169886857,169886873,2,16,62
864,169886857,169886857,169886872,2,15,62
865,169886858,169886858,169886873,2,15,62
866,169886859,169886859,169886882,2,23,44
867,169886860,169886862,169886880,2,18,24
868,169886860,169886863,169886881,2,18,44
869,169886861,169886865,169886885,2,20,23
870,169886875,169886875,169886877,2,2,70
871,169886886,169886886,169886948,1,62,18
872,169886887,169886887,169886904,2,17,24
873,169886888,169886888,169886904,2,16,23
874,169886889,169886889,169886906,2,17,44
875,169886889,169886889,169886906,2,17,33
876,169886890,169886891,169886903,2,12,17
877,169886891,169886891,169886904,2,13,65
878,169886892,169886892,169886908,2,16,63
879,169886893,169886893,169886910,2,17,62
880,169886893,169886893,169886911,2,18,61
881,169886894,169886894,169886912,2,18,38
882,169886895,169886895,169886911,2,16,56
883,169886896,169886906,169886914,2,8,71
884,169886896,169886906,169886918,2,12,22
885,169886897,169886906,169886916,2,10,23
886,169886898,169886906,169886916,2,10,23
887,169886898,169886898,169886977,1,79,90
888,169886898,169886899,169887041,1,142,55
889,169886918,169886918,169886931,2,13,33
890,169886919,169886919,169886933,2,14,23
891,169886919,169886919,169886933,2,14,23
892,169886920,169886921,169886944,2,23,67
893,169886921,169886921,169886933,2,12,44
894,169886922,169886922,169886934,2,12,22
895,169886922,169886923,169886933,2,10,71
896,169886923,169886923,169886932,2,9,63
897,169886924,169886925,169886937,2,12,62
898,169886925,169886925,169886937,2,12,62
899,169886926,169886926,169886936,2,10,44
900,169886926,169886926,169886938,2,12,56
901,169886927,169886934,169886944,2,10,33
902,169886928,169886934,169886944,2,10,63
903,169886928,169886935,169886946,2,11,71
904,169886929,169886935,169886945,2,10,24
905,169886930,169886935,169886944,2,9,44
906,169886931,169886935,169886945,2,10,23
907,169886931,169886939,169886949,2,10,17
908,169886932,169886939,169886949,2,10,62
909,169886938,169886943,169889105,24,2162,106
910,169886952,169886952,169886962,2,10,17
911,169886953,169886953,169886963,2,10,18
912,169886954,169886954,169886966,2,12,44
913,169886954,169886955,169886966,2,11,33
914,169886955,169886955,169886963,2,8,17
915,169886956,169886956,169886964,2,8,65
916,169886956,169886957,169886968,2,11,63
917,169886957,169886957,169886969,2,12,62
918,169886958,169886958,169886969,2,11,62
919,169886959,169886959,169886971,2,12,44
920,169886960,169886960,169886971,2,11,62
921,169886960,169886964,169886972,2,8,23
922,169886961,169886966,169886978,2,12,24
923,169886962,169886966,169886976,2,10,54
924,169886962,169887030,169887285,85,255,109
925,169886963,169886966,169886976,2,10,17
926,169886977,169886977,169887073,1,96,95
927,169886979,169886979,169887001,2,22,23
928,169886981,169886981,169887001,2,20,44
929,169886982,169886983,169887003,2,20,24
930,169886983,169886983,169887004,2,21,33
931,169886984,169886984,169887003,2,19,22
932,169886985,169886985,169887003,2,18,71
933,169886986,169886986,169887001,2,15,63
934,169886987,169886987,169887006,2,19,62
935,169886988,169886988,169887008,2,20,62
936,169886989,169886989,169887006,2,17,44
937,169886990,169886990,169887045,2,55,62
938,169886991,169887003,169887015,2,12,23
939,169886992,169887003,169887015,2,12,44
940,169886994,169887005,169887016,2,11,63
941,169886995,169887005,169887017,2,12,71
942,169886996,169887005,169887017,2,12,24
943,169886997,169887006,169887018,2,12,44
944,169886998,169887007,169887019,2,12,27
945,169887005,169887005,169887037,2,32,67
946,169887008,169887008,169887029,1,21,73
947,169887022,169887023,169887061,1,38,33
948,169887046,169887046,169887074,1,28,73
949,169887066,169887067,169887116,1,49,67
950,169887094,169887094,169887226,2,132,71
951,169887128,169887268,169889348,1,2080,146
952,169887129,169887218,169887707,1,489,138
956,169887129,169887218,169887707,1,489,138
957,169887129,169887218,169887707,1,489,142
958,169887129,169887218,169887713,1,495,138
959,169887129,169887218,169887712,1,494,138
960,169887129,169887218,169887715,1,497,139
961,169887129,169887218,169887716,1,498,139
962,169887129,169887218,169887710,1,492,141
963,169887129,169887218,169887712,1,494,143
964,169887129,169887218,169887713,1,495,141
965,169887129,169887218,169887709,1,491,138
966,169887129,169887218,169887706,1,488,138
953,169887130,169887218,169888763,1,1545,85
967,169887130,169887218,169887768,1,550,73
968,169887130,169887218,169888768,1,1550,77
969,169887130,169887218,169888769,1,1551,77
970,169887130,169887218,169888767,1,1549,77
971,169887130,169887218,169888757,1,1539,85
973,169887142,169887233,169887236,1,3,28
954,169887188,169887268,169887290,1,22,22
955,169887198,169887288,169887295,64,7,104
972,169887228,169887228,169887253,1,25,153
974,169887241,169887288,169891611,1,4323,72
975,169887243,169887288,169891611,1,4323,84
976,169887243,169887243,169887308,1,65,54
977,169887258,169887268,169893333,4,6065,151
987,169887279,169887279,169887303,1,24,193
1014,169887298,169887298,169887540,1,242,65
1015,169887303,169887303,169887359,1,56,72
1016,169887309,169887309,169887338,1,29,197
1017,169887324,169887325,169887379,64,54,146
1018,169887334,169887334,169887369,1,35,53
1019,169887371,169887371,169887400,1,29,201
1020,169887381,169887381,169889543,64,2162,151
1021,169887406,169895520,169896163,1,643,74
1022,169887409,169887409,169887419,1,10,38
1023,169887409,169887413,169887415,1,2,67
1024,169887420,169887425,169887427,1,2,67
1025,169887433,169887437,169887466,1,29,69
1026,169887445,169889024,169889032,1,8,15
1140,169887445,169889024,169889819,1,795,36
1141,169887445,169889024,169889032,1,8,18
1142,169887445,169889024,169889748,1,724,36
1143,169887445,169889024,169889032,1,8,18
1144,169887445,169889024,169889032,1,8,20
1145,169887445,169889024,169889032,1,8,15
1146,169887445,169889024,169889032,1,8,15
1147,169887445,169889024,169889032,1,8,16
1148,169887445,169889024,169889032,1,8,132
1149,169887445,169889024,169889032,1,8,16
1150,169887445,169889024,169889032,1,8,125
1151,169887445,169889024,169889032,1,8,17
1152,169887445,169889024,169889032,1,8,27
1153,169887445,169889024,169889032,1,8,17
1154,169887445,169889024,169889032,1,8,17
1155,169887445,169889024,169889032,1,8,27
1156,169887445,169889024,169889032,1,8,17
1157,169887445,169889024,169889032,1,8,59
1158,169887445,169889024,169889032,1,8,54
1159,169887445,169889024,169889032,1,8,54
1160,169887445,169889024,169889032,1,8,54
1161,169887445,169889024,169889032,1,8,61
1162,169887445,169889024,169889032,1,8,62
1163,169887445,169889024,169889032,1,8,17
1164,169887445,169889024,169889032,1,8,17
1165,169887445,169889024,169889032,1,8,17
1166,169887445,169889024,169889032,1,8,15
1167,169887445,169889024,169889032,1,8,17
1168,169887445,169889024,169889032,1,8,16
1169,169887445,169889024,169889032,1,8,17
1170,169887445,169889024,169889032,1,8,17
1171,169887445,169889024,169889032,1,8,17
1172,169887445,169889024,169889032,1,8,19
1173,169887445,169889024,169889032,1,8,18
1174,169887445,169889024,169889032,1,8,26
1027,169887446,169889821,169889829,1,8,15
1184,169887446,169889821,169890606,1,785,36
1185,169887446,169889821,169889828,1,7,17
1186,169887446,169889821,169890624,1,803,36
1187,169887446,169889821,169889828,1,7,17
1188,169887446,169889821,169889829,1,8,17
1189,169887446,169889821,169889828,1,7,65
1190,169887446,169889821,169889828,1,7,48
1191,169887446,169889821,169889828,1,7,38
1192,169887446,169889821,169889828,1,7,57
1193,169887446,169889821,169889828,1,7,21
1194,169887446,169889821,169889828,1,7,57
1195,169887446,169889821,169889828,1,7,56
1196,169887446,169889821,169889828,1,7,56
1197,169887446,169889821,169889828,1,7,56
1198,169887446,169889821,169889828,1,7,17
1199,169887446,169889821,169889828,1,7,15
1200,169887446,169889821,169889828,1,7,37
1201,169887446,169889821,169889828,1,7,17
1202,169887446,169889821,169889828,1,7,53
1203,169887446,169889821,169889828,1,7,38
1204,169887446,169889821,169889828,1,7,17
1205,169887446,169889821,169889828,1,7,17
1206,169887446,169889821,169889828,1,7,53
1207,169887446,169889821,169889828,1,7,53
1208,169887446,169889821,169889828,1,7,53
1209,169887446,169889821,169889828,1,7,36
1210,169887446,169889821,169889828,1,7,17
1211,169887446,169889821,169889828,1,7,17
1212,169887446,169889821,169889828,1,7,17
1213,169887446,169889821,169889828,1,7,17
1214,169887446,169889821,169889828,1,7,17
1215,169887446,169889821,169889828,1,7,24
1216,169887446,169889821,169889828,1,7,18
1217,169887446,169889821,169889828,1,7,17
1218,169887446,169889821,169889828,1,7,17
1028,169887447,169890625,169890633,1,8,17
1238,169887447,169890625,169891423,1,798,36
1239,169887447,169890625,169890633,1,8,26
1240,169887447,169890625,169891467,1,842,36
1241,169887447,169890625,169890633,1,8,17
1242,169887447,169890625,169890633,1,8,21
1243,169887447,169890625,169890633,1,8,57
1244,169887447,169890625,169890633,1,8,56
1245,169887447,169890625,169890633,1,8,56
1246,169887447,169890625,169890633,1,8,56
1247,169887447,169890625,169890633,1,8,144
1248,169887447,169890625,169890633,1,8,46
1249,169887447,169890625,169890633,1,8,160
1250,169887447,169890625,169890633,1,8,135
1251,169887447,169890625,169890633,1,8,123
1252,169887447,169890625,169890633,1,8,140
1253,169887447,169890625,169890633,1,8,114
1254,169887447,169890625,169890633,1,8,148
1255,169887447,169890625,169890633,1,8,38
1256,169887447,169890625,169890633,1,8,38
1257,169887447,169890625,169890633,1,8,132
1258,169887447,169890625,169890633,1,8,124
1259,169887447,169890625,169890633,1,8,17
1260,169887447,169890625,169890633,1,8,15
1261,169887447,169890625,169890633,1,8,37
1262,169887447,169890625,169890633,1,8,17
1263,169887447,169890625,169890633,1,8,53
1264,169887447,169890625,169890633,1,8,38
1265,169887447,169890625,169890633,1,8,17
1266,169887447,169890625,169890633,1,8,17
1267,169887447,169890625,169890633,1,8,53
1268,169887447,169890625,169890633,1,8,53
1269,169887447,169890625,169890633,1,8,53
1270,169887447,169890625,169890633,1,8,36
1271,169887447,169890625,169890633,1,8,17
1272,169887447,169890625,169890633,1,8,17
1029,169887449,169891468,169891476,1,8,126
1313,169887449,169891468,169892176,1,708,57
1314,169887449,169891468,169891476,1,8,16
1315,169887449,169891468,169892207,1,739,75
1316,169887449,169891468,169891476,1,8,14
1317,169887449,169891468,169891476,1,8,16
1318,169887449,169891468,169891476,1,8,15
1319,169887449,169891468,169891476,1,8,15
1320,169887449,169891468,169891476,1,8,15
1321,169887449,169891468,169891476,1,8,15
1322,169887449,169891468,169891476,1,8,14
1323,169887449,169891468,169891476,1,8,17
1324,169887449,169891468,169891476,1,8,21
1325,169887449,169891468,169891476,1,8,15
1326,169887449,169891468,169891476,1,8,17
1327,169887449,169891468,169891476,1,8,17
1328,169887449,169891468,169891476,1,8,18
1329,169887449,169891468,169891476,1,8,18
1330,169887449,169891468,169891476,1,8,46
1331,169887449,169891468,169891476,1,8,17
1332,169887449,169891468,169891476,1,8,25
1333,169887449,169891468,169891476,1,8,18
1334,169887449,169891468,169891476,1,8,18
1335,169887449,169891468,169891476,1,8,19
1336,169887449,169891468,169891476,1,8,19
1337,169887449,169891468,169891476,1,8,17
1338,169887449,169891468,169891476,1,8,16
1339,169887449,169891468,169891476,1,8,16
1340,169887449,169891468,169891476,1,8,16
1341,169887449,169891468,169891476,1,8,16
1342,169887449,169891468,169891476,1,8,28
1343,169887449,169891468,169891476,1,8,17
1344,169887449,169891468,169891476,1,8,17
1345,169887449,169891468,169891476,1,8,17
1346,169887449,169891468,169891476,1,8,17
1347,169887449,169891468,169891476,1,8,16
1030,169887450,169892210,169892217,1,7,59
1594,169887450,169892208,169893025,1,817,75
1595,169887450,169892208,169892216,1,8,16
1596,169887450,169892208,169893115,1,907,36
1597,169887450,169892208,169892217,1,9,17
1598,169887450,169892208,169892217,1,9,17
1599,169887450,169892208,169892217,1,9,26
1600,169887450,169892208,169892217,1,9,17
1601,169887450,169892208,169892217,1,9,54
1602,169887450,169892208,169892217,1,9,16
1603,169887450,169892208,169892217,1,9,17
1604,169887450,169892208,169892217,1,9,17
1605,169887450,169892208,169892217,1,9,62
1606,169887450,169892208,169892217,1,9,63
1607,169887450,169892208,169892217,1,9,63
1608,169887450,169892208,169892217,1,9,52
1609,169887450,169892208,169892217,1,9,17
1610,169887450,169892208,169892217,1,9,55
1611,169887450,169892208,169892217,1,9,32
1612,169887450,169892208,169892217,1,9,18
1613,169887450,169892208,169892217,1,9,17
1614,169887450,169892208,169892217,1,9,48
1615,169887450,169892208,169892217,1,9,49
1616,169887450,169892208,169892217,1,9,32
1617,169887450,169892208,169892217,1,9,17
1618,169887450,169892208,169892217,1,9,17
1619,169887450,169892208,169892217,1,9,17
1620,169887450,169892208,169892217,1,9,17
1621,169887450,169892208,169892217,1,9,17
1622,169887450,169892208,169892217,1,9,39
1623,169887450,169892209,169892217,1,8,63
1624,169887450,169892209,169892217,1,8,17
1625,169887450,169892209,169892217,1,8,19
1626,169887450,169892209,169892217,1,8,25
1627,169887450,169892209,169892217,1,8,18
1628,169887450,169892209,169892217,1,8,18
1031,169887451,169893116,169893125,1,9,18
1820,169887451,169893116,169894030,1,914,149
1821,169887451,169893116,169893125,1,9,121
1822,169887451,169893116,169893916,1,800,36
1823,169887451,169893116,169893125,1,9,18
1824,169887451,169893116,169893125,1,9,140
1825,169887451,169893116,169893125,1,9,56
1826,169887451,169893116,169893125,1,9,17
1827,169887451,169893116,169893125,1,9,22
1828,169887451,169893116,169893125,1,9,39
1829,169887451,169893116,169893125,1,9,16
1830,169887451,169893116,169893125,1,9,16
1831,169887451,169893116,169893125,1,9,17
1832,169887451,169893116,169893125,1,9,16
1833,169887451,169893116,169893125,1,9,17
1834,169887451,169893116,169893125,1,9,16
1835,169887451,169893116,169893125,1,9,17
1836,169887451,169893116,169893125,1,9,80
1837,169887451,169893116,169893125,1,9,18
1838,169887451,169893116,169893125,1,9,16
1839,169887451,169893116,169893125,1,9,37
1840,169887451,169893116,169893125,1,9,17
1841,169887451,169893116,169893125,1,9,53
1842,169887451,169893116,169893125,1,9,38
1843,169887451,169893116,169893125,1,9,18
1844,169887451,169893116,169893125,1,9,17
1845,169887451,169893116,169893125,1,9,54
1846,169887451,169893116,169893125,1,9,54
1847,169887451,169893116,169893125,1,9,54
1848,169887451,169893116,169893125,1,9,37
1849,169887451,169893116,169893125,1,9,17
1850,169887451,169893116,169893125,1,9,50
1851,169887451,169893116,169893125,1,9,51
1852,169887451,169893116,169893125,1,9,18
1853,169887451,169893116,169893125,1,9,17
1854,169887451,169893116,169893125,1,9,21
1032,169887479,169887479,169887542,1,63,68
1033,169887487,169887487,169887493,1,6,38
1034,169887489,169887489,169889651,32,2162,238
1035,169887513,169887513,169887540,1,27,44
1036,169887521,169887521,169887523,1,2,54
1037,169887528,169887533,169887535,1,2,54
1038,169887530,169887533,169888252,1,719,61
1039,169887557,169887569,169887585,2,16,69
1040,169887567,169887567,169887572,1,5,57
1041,169887602,169887602,169887635,1,33,54
1042,169887656,169887665,169887667,1,2,71
1043,169887685,169887689,169887708,1,19,72
1044,169887687,169887687,169887717,1,30,50
1045,169887776,169887776,169889227,1,1451,58
1046,169887803,169887810,169887820,1,10,72
1047,169887821,169887822,169887824,1,2,72
1048,169887874,169887882,169887884,1,2,72
1049,169887945,169887945,169888010,1,65,72
1050,169887951,169887951,169891329,1,3378,85
1051,169887970,169887970,169889415,1,1445,50
1052,169887997,169887998,169892655,12,4657,64
1053,169888010,169888010,169890409,12,2399,177
1054,169888019,169888019,169889812,12,1793,63
1090,169888094,169888094,169889360,12,1266,101
1091,169888108,169888108,169888217,1,109,203
1092,169888108,169888108,169888220,1,112,92
1093,169888108,169888108,169888214,1,106,84
1094,169888114,169888114,169888135,1,21,72
1095,169888183,169888183,169888257,1,74,72
1096,169888269,169888269,169888327,1,58,21
1097,169888271,169888272,169888635,1,363,32
1098,169888281,169888281,169888287,1,6,28
1099,169888295,169888295,169888312,1,17,27
1100,169888304,169888304,169888312,1,8,16
1101,169888305,169888305,169888313,1,8,17
1102,169888354,169888354,169888360,1,6,17
1103,169888355,169888355,169888373,1,18,72
1104,169888355,169888355,169888363,1,8,16
1105,169888356,169888356,169888364,1,8,16
1106,169888397,169888397,169889000,1,603,47
1107,169888432,169888432,169888920,1,488,68
1108,169888441,169888441,169888460,1,19,24
1109,169888444,169888444,169888451,1,7,16
1110,169888444,169888444,169888451,1,7,17
1111,169888474,169888474,169888478,1,4,27
1112,169888474,169888474,169888492,1,18,24
1113,169888476,169888476,169888483,1,7,17
1114,169888510,169888510,169888515,1,5,27
1115,169888511,169888511,169888528,1,17,24
1116,169888512,169888512,169888520,1,8,17
1117,169888593,169888593,169888598,1,5,27
1118,169888593,169888593,169888611,1,18,24
1119,169888594,169888594,169888601,1,7,18
1120,169888594,169888594,169888602,1,8,17
1121,169888619,169888619,169888664,1,45,95
1122,169888649,169888649,169889023,120,374,102
1123,169888676,169888676,169888717,1,41,95
1124,169888677,169888678,169890760,1,2082,39
1125,169888704,169888704,169889656,250,952,231
1126,169888710,169888710,169888726,1,16,26
1127,169888710,169888710,169888728,1,18,24
1128,169888710,169888710,169889075,1,365,53
1129,169888711,169888711,169888719,1,8,16
1130,169888711,169888711,169888719,1,8,19
1131,169888778,169888778,169896761,1,7983,29
1132,169888778,169888778,169888796,1,18,24
1133,169888780,169888780,169888787,1,7,18
1134,169888780,169888780,169888788,1,8,20
1135,169888781,169888782,169890862,1,2080,23
1136,169888872,169888872,169888907,1,35,95
1137,169888888,169888888,169888905,1,17,26
1138,169888889,169888889,169888916,1,27,28
1139,169888893,169888893,169888926,1,33,108
1175,169889190,169889190,169891352,24,2162,90
1176,169889247,169889247,169889285,1,38,42
1177,169889348,169889351,169891448,1,2097,49
1178,169889493,169889493,169889527,1,34,23
1179,169889594,169889594,169889627,1,33,23
1180,169889652,169889652,169890014,1,362,65
1181,169889656,169889656,169889701,32,45,258
1182,169889750,169889750,169890312,32,562,318
1183,169889765,169889765,169892709,4,2944,52
1219,169889933,169889933,169889937,1,4,17
1220,169890116,169890116,169890121,2,5,54
1221,169890149,169890149,169890151,1,2,23
1222,169890191,169890191,169890204,4,13,65
1223,169890207,169890207,169890393,1,186,25
1224,169890224,169890224,169890237,4,13,77
1225,169890272,169890272,169890280,1,8,23
1226,169890292,169890292,169890295,1,3,23
1227,169890316,169890316,169890350,1,34,114
1228,169890335,169890335,169890338,4,3,77
1229,169890406,169890406,169890678,32,272,322
1230,169890417,169890417,169890452,1,35,124
1231,169890425,169890425,169890427,2,2,67
1232,169890439,169890439,169890475,4,36,83
1233,169890443,169890443,169890445,2,2,67
1234,169890519,169890519,169890552,1,33,128
1235,169890527,169890528,169890697,4,169,84
1236,169890588,169890588,169890590,2,2,36
1237,169890615,169890615,169890645,1,30,148
1273,169890653,169890653,169890655,2,2,36
1274,169890664,169890664,169890990,1,326,128
1275,169890665,169890665,169890669,2,4,67
1276,169890670,169890670,169890682,4,12,62
1277,169890677,169890677,169890679,2,2,67
1278,169890690,169890690,169890692,2,2,67
1279,169890716,169890716,169890745,64,29,64
1280,169890751,169890751,169890781,128,30,85
1281,169890760,169890761,169892839,1,2078,30
1282,169890761,169890761,169890763,2,2,67
1283,169890765,169890766,169890787,30,21,126
1284,169890767,169890767,169890770,2,3,67
1285,169890798,169890798,169892994,30,2196,84
1286,169890804,169890804,169890866,32,62,112
1287,169890816,169890816,169894694,30,3878,116
1288,169890825,169890825,169895499,30,4674,120
1289,169890834,169890834,169896317,30,5483,154
1290,169890844,169890844,169890873,64,29,64
1291,169890862,169890862,169892947,1,2085,128
1292,169890869,169890869,169890872,1,3,29
1293,169890906,169890907,169890925,1,18,17
1294,169890958,169890958,169890987,64,29,63
1295,169890959,169890959,169890962,4,3,23
1296,169890961,169890962,169892943,128,1981,312
1297,169890966,169890966,169892952,128,1986,282
1298,169890966,169890966,169892743,128,1777,220
1299,169890966,169890968,169893021,128,2053,275
1300,169890966,169892746,169892749,128,3,220
1301,169890971,169890971,169890975,4,4,55
1302,169890991,169890991,169891391,1,400,34
1303,169891176,169891177,169891354,16,177,32
1304,169891344,169891344,169891434,2,90,139
1305,169891375,169891375,169891578,20,203,64
1306,169891397,169891397,169894772,1,3375,297
1307,169891423,169891424,169891609,32,185,76
1308,169891438,169891438,169891716,2,278,162
1309,169891441,169891441,169891475,1,34,26
1310,169891442,169891442,169892126,24,684,87
1311,169891447,169891447,169892166,1,719,53
1312,169891448,169891448,169893544,1,2096,28
1348,169891470,169891478,169891608,32,130,157
1349,169891518,169891518,169894105,3,2587,95
1350,169891518,169891519,169894107,3,2588,89
1351,169891519,169891519,169894086,3,2567,88
1352,169891519,169891519,169894069,3,2550,99
1353,169891537,169891537,169891551,1,14,15
1354,169891539,169891539,169891582,1,43,137
1355,169891558,169891558,169891651,1,93,354
1356,169891563,169891563,169891702,1,139,48
1357,169891563,169891563,169891701,1,138,47
1358,169891563,169891563,169891706,1,143,47
1359,169891563,169891563,169891702,1,139,47
1360,169891563,169891563,169891704,1,141,48
1361,169891563,169891563,169891700,1,137,47
1362,169891563,169891563,169891703,1,140,48
1363,169891563,169891563,169891703,1,140,47
1364,169891563,169891563,169891704,1,141,49
1365,169891563,169891563,169891704,1,141,47
1366,169891563,169891563,169891700,1,137,48
1367,169891563,169891563,169891703,1,140,47
1368,169891563,169891580,169891715,1,135,53
1369,169891563,169891563,169891701,1,138,50
1370,169891563,169891563,169891703,1,140,50
1371,169891563,169891563,169891703,1,140,50
1372,169891563,169891563,169891699,1,136,50
1373,169891563,169891579,169891713,1,134,53
1374,169891563,169891579,169891714,1,135,53
1375,169891563,169891580,169891721,1,141,53
1376,169891563,169891580,169891713,1,133,53
1377,169891563,169891580,169891714,1,134,53
1378,169891563,169891580,169891715,1,135,53
1379,169891563,169891580,169891711,1,131,53
1380,169891563,169891580,169891704,1,124,52
1381,169891563,169891580,169891715,1,135,53
1382,169891563,169891580,169891718,1,138,53
1383,169891563,169891580,169891714,1,134,53
1384,169891563,169891580,169891717,1,137,64
1385,169891563,169891580,169891718,1,138,52
1386,169891563,169891580,169891712,1,132,64
1387,169891563,169891580,169891713,1,133,52
1388,169891563,169891580,169891717,1,137,55
1389,169891592,169891592,169892119,1,527,127
1390,169891626,169891626,169891637,2,11,22
1391,169891627,169891627,169891637,2,10,89
1392,169891628,169891628,169891638,2,10,22
1393,169891628,169891629,169891641,2,12,23
1394,169891629,169891630,169891640,2,10,132
1395,169891630,169891630,169891638,2,8,136
1396,169891631,169891631,169891638,2,7,138
1397,169891632,169891632,169891667,2,35,84
1398,169891632,169891632,169891645,2,13,45
1399,169891633,169891633,169891991,32,358,77
1400,169891633,169891633,169891644,2,11,63
1401,169891634,169891634,169891645,2,11,63
1402,169891635,169891635,169891646,2,11,62
1403,169891636,169891636,169891644,2,8,24
1404,169891636,169891636,169891648,2,12,23
1405,169891637,169891637,169891646,2,9,21
1406,169891640,169891640,169891682,1,42,173
1407,169891648,169891648,169891657,2,9,22
1408,169891648,169891648,169891658,2,10,89
1409,169891649,169891649,169891660,2,11,23
1410,169891650,169891650,169891661,2,11,23
1411,169891651,169891651,169891660,2,9,132
1412,169891661,169891661,169891708,1,47,100
1413,169891668,169891668,169892182,1,514,17
1414,169891679,169891679,169896491,16,4812,184
1415,169891679,169891679,169896027,16,4348,55
1416,169891709,169891709,169891973,1,264,17
1417,169891720,169891720,169892755,20,1035,108
1418,169891721,169891721,169891776,1,55,17
1419,169891723,169891723,169891779,8,56,200
1420,169891728,169891728,169891757,1,29,18
1421,169891730,169892160,169892208,32,48,59
1422,169891745,169891746,169891751,1,5,18
1423,169891752,169891752,169891987,1,235,17
1424,169891792,169891792,169891797,2,5,35
1425,169891812,169891815,169891834,8,19,23
1426,169891814,169891814,169892198,1,384,67
1427,169891828,169891828,169891833,1,5,16
1428,169891843,169891843,169891851,1,8,16
1429,169891848,169891848,169895255,1,3407,107
1430,169891862,169891862,169891872,1,10,35
1431,169891864,169891864,169891868,2,4,67
1432,169891874,169891874,169892418,1,544,190
1433,169891894,169891899,169891917,1,18,34
1434,169891931,169892696,169892786,1,90,141
1435,169891931,169891935,169892035,1,100,178
1436,169891931,169891935,169892028,1,93,152
1437,169891931,169891935,169892034,1,99,148
1438,169891931,169891935,169892027,1,92,165
1439,169891931,169891935,169892030,1,95,140
1440,169891931,169891935,169892035,1,100,191
1441,169891931,169891935,169892033,1,98,205
1442,169891931,169891935,169892037,1,102,140
1443,169891931,169891935,169892032,1,97,180
1444,169891931,169891935,169892030,1,95,140
1445,169891931,169891935,169892028,1,93,150
1446,169891931,169891935,169892031,1,96,153
1447,169891931,169891947,169892039,1,92,132
1494,169891931,169892007,169892100,1,93,199
1495,169891931,169892007,169892101,1,94,180
1512,169891931,169892044,169892134,1,90,153
1513,169891931,169892044,169892134,1,90,172
1514,169891931,169892044,169892134,1,90,163
1515,169891931,169892044,169892140,1,96,179
1521,169891931,169892056,169892150,1,94,194
1522,169891931,169892056,169892149,1,93,135
1523,169891931,169892056,169892153,1,97,203
1524,169891931,169892056,169892150,1,94,180
1525,169891931,169892056,169892148,1,92,151
1526,169891931,169892056,169892149,1,93,164
1527,169891931,169892056,169892146,1,90,167
1530,169891931,169892068,169892162,1,94,179
1531,169891931,169892068,169892160,1,92,157
1532,169891931,169892068,169892160,1,92,156
1533,169891931,169892068,169892156,1,88,120
1534,169891931,169892068,169892168,1,100,174
1535,169891931,169892068,169892163,1,95,158
1536,169891931,169892068,169892169,1,101,176
1537,169891931,169892068,169892162,1,94,181
1538,169891931,169892080,169892176,1,96,156
1539,169891931,169892080,169892168,1,88,142
1543,169891931,169892104,169892197,1,93,201
1552,169891931,169892141,169892236,1,95,154
1553,169891931,169892141,169892237,1,96,230
1563,169891931,169892154,169892262,1,108,193
1573,169891931,169892178,169892269,1,91,119
1586,169891931,169892190,169892288,1,98,190
1587,169891931,169892190,169892280,1,90,146
1588,169891931,169892190,169892280,1,90,177
1589,169891931,169892190,169892282,1,92,159
1590,169891931,169892202,169892295,1,93,170
1591,169891931,169892202,169892292,1,90,160
1592,169891931,169892202,169892291,1,89,148
1648,169891931,169892287,169892380,1,93,152
1654,169891931,169892395,169892488,1,93,166
1693,169891931,169892552,169892647,1,95,155
1694,169891931,169892552,169892643,1,91,161
1695,169891931,169892552,169892643,1,91,182
1696,169891931,169892552,169892644,1,92,132
1697,169891931,169892552,169892645,1,93,186
1698,169891931,169892552,169892644,1,92,171
1706,169891931,169892648,169892736,1,88,166
1708,169891931,169892660,169892758,1,98,174
1709,169891931,169892660,169892755,1,95,158
1710,169891931,169892660,169892759,1,99,154
1716,169891931,169892696,169892793,1,97,159
1717,169891931,169892696,169892787,1,91,192
1448,169891959,169892006,169892146,1,140,53
1449,169891959,169892010,169892145,1,135,50
1467,169891959,169891994,169892141,1,147,50
1468,169891959,169891994,169892147,1,153,89
1469,169891959,169891994,169892143,1,149,87
1470,169891959,169891994,169892149,1,155,54
1475,169891959,169892006,169892150,1,144,51
1476,169891959,169892006,169892149,1,143,51
1477,169891959,169892006,169892145,1,139,49
1478,169891959,169892006,169892146,1,140,50
1479,169891959,169892006,169892140,1,134,51
1480,169891959,169892006,169892148,1,142,52
1481,169891959,169892006,169892145,1,139,87
1482,169891959,169892006,169892151,1,145,88
1483,169891959,169892006,169892139,1,133,50
1484,169891959,169892006,169892151,1,145,89
1485,169891959,169892006,169892144,1,138,51
1486,169891959,169892006,169892142,1,136,50
1487,169891959,169892006,169892154,1,148,51
1488,169891959,169892006,169892156,1,150,62
1491,169891959,169892007,169892151,1,144,89
1492,169891959,169892007,169892151,1,144,89
1493,169891959,169892007,169892149,1,142,51
1500,169891959,169892010,169892148,1,138,52
1450,169891969,169891988,169892004,2,16,22
1451,169891970,169891993,169892004,2,11,31
1452,169891971,169891983,169891995,1,12,34
1453,169891971,169891993,169892002,2,9,32
1454,169891972,169891994,169892007,2,13,42
1455,169891973,169891994,169892008,2,14,32
1456,169891973,169891994,169892005,2,11,60
1457,169891974,169891994,169892005,2,11,59
1458,169891975,169891994,169892026,2,32,23
1459,169891976,169891994,169892006,2,12,22
1460,169891976,169891994,169892005,2,11,23
1461,169891977,169891994,169892004,2,10,56
1462,169891978,169891994,169892003,2,9,60
1463,169891978,169891994,169892004,2,10,60
1464,169891979,169891994,169892004,2,10,22
1465,169891980,169891994,169892005,2,11,60
1466,169891981,169891983,169891997,2,14,68
1471,169891996,169892007,169892024,1,17,224
1472,169891998,169892007,169892034,1,27,34
1473,169892004,169892007,169892052,1,45,57
1474,169892006,169892006,169892039,2,33,22
1489,169892006,169892007,169892011,2,4,67
1490,169892007,169892008,169892018,2,10,22
1496,169892008,169892009,169892020,2,11,33
1497,169892008,169892020,169892031,2,11,22
1498,169892009,169892022,169892030,2,8,33
1499,169892010,169892028,169892036,2,8,23
1501,169892010,169892029,169892039,2,10,224
1502,169892011,169892030,169892044,2,14,134
1503,169892012,169892032,169892043,2,11,33
1504,169892013,169892034,169892046,2,12,22
1505,169892014,169892034,169892046,2,12,113
1506,169892014,169892034,169892043,2,9,63
1507,169892015,169892036,169892078,2,42,77
1508,169892016,169892037,169892048,2,11,108
1509,169892016,169892038,169892048,2,10,23
1510,169892036,169892044,169892063,1,19,34
1511,169892041,169892041,169892760,1,719,46
1516,169892049,169892049,169892060,2,11,23
1517,169892050,169892050,169892061,2,11,33
1518,169892050,169892051,169892066,1,15,179
1519,169892051,169892051,169892062,2,11,23
1520,169892051,169892052,169892062,2,10,22
1528,169892065,169892068,169892071,1,3,34
1529,169892067,169892067,169892144,1,77,74
1540,169892093,169892219,169892519,32,300,71
1541,169892093,169892102,169892147,1,45,101
1542,169892094,169892095,169892216,2,121,72
1544,169892122,169892128,169892132,1,4,33
1545,169892124,169892128,169892131,2,3,34
1546,169892136,169892136,169892158,2,22,77
1547,169892137,169892137,169892158,2,21,94
1548,169892137,169892138,169892158,2,20,94
1549,169892138,169892139,169892160,2,21,94
1550,169892140,169892140,169892161,2,21,94
1551,169892140,169892142,169892163,2,21,62
1554,169892141,169892142,169892163,2,21,63
1555,169892142,169892142,169892163,2,21,63
1556,169892143,169892144,169892165,2,21,63
1557,169892144,169892147,169892169,2,22,63
1558,169892145,169892147,169892169,2,22,99
1559,169892146,169892147,169892169,2,22,101
1560,169892147,169892147,169892169,2,22,84
1561,169892148,169892148,169892169,2,21,63
1562,169892148,169892151,169892173,2,22,62
1564,169892162,169892164,169892180,1,16,196
1565,169892162,169892768,169894932,24,2164,70
1566,169892168,169892178,169892180,1,2,34
1567,169892169,169892178,169892218,1,40,34
1568,169892170,169892178,169892191,1,13,36
1569,169892174,169892175,169892195,2,20,63
1570,169892175,169892176,169892197,2,21,63
1571,169892176,169892176,169892197,2,21,63
1572,169892177,169892177,169892198,2,21,72
1574,169892178,169892178,169892198,2,20,77
1575,169892179,169892179,169892199,2,20,94
1576,169892180,169892180,169892200,2,20,94
1577,169892180,169892181,169892201,2,20,62
1578,169892181,169892182,169892202,2,20,63
1579,169892182,169892183,169892203,2,20,84
1580,169892183,169892183,169892902,1,719,34
1581,169892183,169892184,169892204,2,20,99
1582,169892184,169892184,169892205,2,21,62
1583,169892185,169892185,169892206,2,21,63
1584,169892186,169892186,169892207,2,21,63
1585,169892187,169892187,169892208,2,21,63
1593,169892207,169892208,169893290,1,1082,16
1629,169892209,169892210,169892230,2,20,77
1630,169892210,169892214,169892216,1,2,34
1631,169892210,169892210,169892231,2,21,63
1632,169892211,169892212,169892232,2,20,94
1633,169892212,169892212,169892233,2,21,94
1634,169892219,169892220,169892493,1,273,58
1635,169892221,169892221,169892237,1,16,16
1636,169892224,169892224,169892920,1,696,51
1637,169892224,169892226,169892228,1,2,36
1638,169892229,169892229,169892378,2,149,64
1639,169892237,169892238,169892241,1,3,29
1640,169892237,169892238,169894708,8,2470,91
1641,169892242,169892242,169892283,1,41,78
1642,169892262,169892263,169892269,1,6,34
1643,169892278,169892278,169892334,2,56,167
1644,169892280,169892280,169894722,8,2442,174
1645,169892280,169892280,169894705,8,2425,100
1646,169892280,169892280,169894684,8,2404,137
1647,169892280,169892296,169894663,8,2367,93
1649,169892318,169892318,169892359,1,41,50
1650,169892326,169892383,169892393,1,10,80
1651,169892366,169892366,169892371,2,5,68
1652,169892379,169892379,169892414,1,35,58
1653,169892394,169892394,169892438,2,44,158
1655,169892427,169892427,169892437,1,10,27
1656,169892445,169892522,169892659,1,137,87
1657,169892445,169892522,169892664,1,142,88
1664,169892445,169892491,169892640,1,149,50
1667,169892445,169892521,169892665,1,144,51
1668,169892445,169892521,169892661,1,140,88
1669,169892445,169892522,169892660,1,138,56
1670,169892445,169892522,169892665,1,143,51
1671,169892445,169892522,169892670,1,148,63
1672,169892445,169892522,169892664,1,142,63
1673,169892445,169892522,169892662,1,140,50
1674,169892445,169892522,169892666,1,144,53
1675,169892445,169892522,169892659,1,137,73
1676,169892445,169892522,169892662,1,140,53
1677,169892445,169892522,169892663,1,141,89
1678,169892445,169892522,169892657,1,135,88
1679,169892445,169892522,169892656,1,134,50
1680,169892445,169892522,169892662,1,140,51
1681,169892445,169892522,169892666,1,144,52
1682,169892445,169892522,169892662,1,140,51
1683,169892445,169892522,169892666,1,144,52
1684,169892445,169892522,169892659,1,137,54
1685,169892445,169892522,169892664,1,142,61
1686,169892445,169892522,169892661,1,139,88
1687,169892445,169892522,169892655,1,133,51
1658,169892449,169892450,169892456,1,6,38
1659,169892461,169892544,169892582,8,38,63
1660,169892464,169892464,169892484,1,20,28
1661,169892464,169892464,169893189,2,725,159
1662,169892477,169892477,169892491,1,14,47
1663,169892479,169892479,169892579,1,100,70
1665,169892499,169892499,169892727,1,228,45
1666,169892513,169892513,169892526,1,13,47
1688,169892524,169892524,169892530,1,6,34
1689,169892539,169892539,169892558,1,19,47
1690,169892541,169892541,169892590,1,49,61
1691,169892547,169892547,169892555,1,8,34
1692,169892550,169892550,169892912,1,362,18
1699,169892560,169892560,169892563,1,3,47
1700,169892587,169892587,169892825,1,238,64
1701,169892590,169892591,169892601,1,10,34
1702,169892591,169892591,169892594,1,3,34
1703,169892598,169892657,169893622,8,965,91
1704,169892601,169892604,169892626,1,22,61
1705,169892626,169892628,169892651,1,23,63
1707,169892652,169892652,169892681,1,29,19
1711,169892661,169892663,169892680,1,17,34
1712,169892672,169892672,169892851,1,179,35
1713,169892689,169892846,169892910,1,64,51
1718,169892689,169892696,169892767,1,71,66
1719,169892689,169892696,169892770,1,74,69
1720,169892689,169892696,169892771,1,75,63
1721,169892689,169892696,169892772,1,76,93
1722,169892689,169892696,169892767,1,71,95
1723,169892689,169892696,169892770,1,74,99
1724,169892689,169892696,169892769,1,73,64
1725,169892689,169892696,169892771,1,75,62
1726,169892689,169892696,169892765,1,69,65
1728,169892689,169892708,169892781,1,73,71
1729,169892689,169892708,169892776,1,68,61
1730,169892689,169892708,169892773,1,65,61
1731,169892689,169892708,169892774,1,66,100
1732,169892689,169892708,169892774,1,66,61
1733,169892689,169892708,169892773,1,65,99
1734,169892689,169892708,169892783,1,75,100
1735,169892689,169892708,169892776,1,68,65
1738,169892689,169892756,169892823,1,67,61
1739,169892689,169892756,169892825,1,69,63
1740,169892689,169892768,169892841,1,73,59
1741,169892689,169892768,169892842,1,74,64
1742,169892689,169892768,169892840,1,72,75
1743,169892689,169892768,169892833,1,65,83
1744,169892689,169892768,169892838,1,70,73
1746,169892689,169892770,169892837,1,67,68
1747,169892689,169892774,169892845,1,71,81
1748,169892689,169892774,169892844,1,70,68
1749,169892689,169892774,169892843,1,69,61
1750,169892689,169892774,169892843,1,69,61
1751,169892689,169892774,169892844,1,70,64
1752,169892689,169892774,169892848,1,74,59
1753,169892689,169892774,169892846,1,72,65
1754,169892689,169892775,169892843,1,68,97
1755,169892689,169892775,169892844,1,69,62
1757,169892689,169892777,169892848,1,71,98
1758,169892689,169892777,169892850,1,73,65
1759,169892689,169892782,169892859,1,77,103
1760,169892689,169892784,169892862,1,78,121
1761,169892689,169892788,169892858,1,70,80
1762,169892689,169892788,169892859,1,71,97
1763,169892689,169892794,169892870,1,76,109
1768,169892689,169892827,169892896,1,69,62
1769,169892689,169892827,169892900,1,73,62
1771,169892689,169892834,169892905,1,71,64
1773,169892689,169892840,169892911,1,71,58
1774,169892689,169892840,169892910,1,70,82
1775,169892689,169892842,169892908,1,66,74
1776,169892689,169892842,169892909,1,67,65
1777,169892689,169892842,169892909,1,67,57
1779,169892689,169892846,169892912,1,66,61
1780,169892689,169892846,169892912,1,66,61
1714,169892691,169892691,169894725,1,2034,49
1715,169892693,169892693,169894857,2,2164,34
1727,169892707,169892707,169892713,2,6,54
1736,169892717,169892717,169892757,1,40,34
1737,169892733,169892734,169892800,1,66,28
1745,169892768,169892768,169892830,1,62,34
1756,169892776,169892777,169892779,2,2,70
1764,169892800,169892802,169893233,1,431,19
1765,169892801,169892802,169892805,32,3,107
1766,169892816,169892816,169892866,1,50,34
1767,169892820,169892820,169892821,32,1,39
1770,169892832,169892832,169895117,1,2285,89
1772,169892839,169892842,169894916,1,2074,30
1778,169892843,169892843,169892888,1,45,110
1781,169892851,169892851,169895184,1,2333,51
1782,169892861,169892862,169893285,1,423,40
1783,169892872,169892872,169893566,1,694,34
1784,169892877,169892878,169893062,1,184,47
1785,169892915,169892916,169893095,1,179,30
1786,169892920,169892920,169896612,1,3692,82
1787,169892930,169892930,169893273,3,343,64
1788,169892941,169892941,169896449,1,3508,41
1789,169892941,169892941,169896478,1,3537,42
1790,169892943,169892945,169893128,1,183,51
1791,169892945,169892945,169895143,1,2198,46
1792,169892945,169892945,169895165,1,2220,50
1793,169892945,169892945,169895200,1,2255,50
1794,169892945,169892945,169896512,1,3567,50
1795,169892945,169892945,169895231,1,2286,48
1796,169892945,169892945,169896566,1,3621,48
1797,169892947,169892948,169895027,1,2079,22
1798,169892948,169892948,169893016,1,68,149
1799,169892957,169892957,169892970,1,13,35
1800,169892960,169892960,169892975,1,15,243
1801,169892968,169892968,169893018,1,50,36
1802,169892968,169892968,169893018,1,50,150
1803,169892968,169892968,169893018,1,50,66
1804,169892968,169892968,169893018,1,50,47
1805,169892968,169892968,169893018,1,50,48
1806,169892974,169892974,169892980,1,6,35
1807,169892981,169892981,169893011,1,30,37
1808,169893005,169893006,169893033,1,27,344
1809,169893005,169893006,169893023,1,17,215
1810,169893013,169893020,169893121,1,101,61
1811,169893022,169893022,169893057,1,35,134
1812,169893022,169893022,169893071,1,49,152
1813,169893022,169893022,169893072,1,50,209
1814,169893022,169893022,169893076,1,54,143
1815,169893023,169893023,169894244,128,1221,309
1816,169893038,169893038,169893044,1,6,344
1817,169893045,169893045,169893049,5,4,55
1818,169893056,169893056,169893094,5,38,173
1819,169893093,169893093,169893274,5,181,109
1855,169893125,169893126,169893127,2,1,17
1856,169893129,169893130,169893171,1,41,30
1857,169893137,169893241,169893305,1,64,42
1858,169893137,169893137,169893241,1,104,188
1859,169893137,169893137,169893242,1,105,86
1860,169893137,169893137,169893239,1,102,141
1861,169893137,169893137,169893239,1,102,103
1862,169893137,169893137,169893239,1,102,84
1863,169893137,169893137,169893243,1,106,89
1864,169893137,169893137,169893242,1,105,106
1865,169893137,169893137,169893239,1,102,84
1866,169893137,169893137,169893247,1,110,85
1867,169893137,169893137,169893240,1,103,83
1868,169893137,169893137,169893240,1,103,88
1869,169893137,169893137,169893238,1,101,84
1870,169893137,169893137,169893244,1,107,87
1871,169893137,169893137,169893238,1,101,85
1872,169893137,169893137,169893240,1,103,141
1873,169893137,169893137,169893241,1,104,81
1874,169893137,169893137,169893242,1,105,81
1875,169893137,169893137,169893244,1,107,104
1876,169893137,169893137,169893239,1,102,84
1877,169893137,169893137,169893241,1,104,120
1878,169893137,169893137,169893241,1,104,105
1879,169893137,169893137,169893248,1,111,85
1880,169893137,169893137,169893236,1,99,88
1881,169893137,169893137,169893240,1,103,121
1922,169893137,169893238,169893341,1,103,83
1923,169893137,169893240,169893343,1,103,92
1928,169893137,169893241,169893342,1,101,84
1929,169893137,169893241,169893343,1,102,133
1930,169893137,169893241,169893345,1,104,107
1931,169893137,169893241,169893339,1,98,88
1932,169893137,169893241,169893344,1,103,85
1882,169893141,169893142,169893149,1,7,30
1883,169893146,169901795,169910438,1,8643,53
1884,169893146,169910446,169919087,1,8641,23
8364,169893146,169901795,169910438,1,8643,33
8365,169893146,169901795,169910438,1,8643,48
8366,169893146,169901795,169910438,1,8643,25
8367,169893146,169901795,169910438,1,8643,24
8368,169893146,169901795,169910438,1,8643,25
8369,169893146,169901795,169910438,1,8643,145
8370,169893146,169901795,169910438,1,8643,92
8371,169893146,169901795,169910438,1,8643,45
8372,169893146,169901795,169910438,1,8643,64
8373,169893146,169901795,169910438,1,8643,40
8374,169893146,169901795,169910438,1,8643,23
8375,169893146,169901795,169910438,1,8643,24
8376,169893146,169901795,169910438,1,8643,87
8377,169893146,169901795,169910438,1,8643,24
8378,169893146,169901795,169910438,1,8643,24
8379,169893146,169901795,169910438,1,8643,24
8380,169893146,169901795,169910438,1,8643,48
8381,169893146,169901795,169910438,1,8643,48
8382,169893146,169901795,169910438,1,8643,49
8383,169893146,169901795,169910438,1,8643,68
8384,169893146,169901795,169910438,1,8643,70
8385,169893146,169901795,169910438,1,8643,49
8386,169893146,169901795,169910438,1,8643,63
8387,169893146,169901795,169910438,1,8643,69
9760,169893146,169910438,169919081,1,8643,26
9762,169893146,169910440,169919081,1,8641,25
9763,169893146,169910440,169919084,1,8644,27
9764,169893146,169910440,169919084,1,8644,26
9765,169893146,169910440,169919084,1,8644,25
9766,169893146,169910440,169919084,1,8644,145
9768,169893146,169910445,169919087,1,8642,27
9769,169893146,169910445,169919087,1,8642,23
9770,169893146,169910445,169919087,1,8642,27
9771,169893146,169910445,169919087,1,8642,44
9772,169893146,169910445,169919087,1,8642,45
9773,169893146,169910445,169919087,1,8642,53
9774,169893146,169910445,169919087,1,8642,24
9775,169893146,169910445,169919087,1,8642,32
9776,169893146,169910445,169919087,1,8642,26
9777,169893146,169910445,169919087,1,8642,30
9778,169893146,169910445,169919087,1,8642,42
9779,169893146,169910445,169919087,1,8642,24
9780,169893146,169910445,169919087,1,8642,89
9781,169893146,169910445,169919087,1,8642,23
9782,169893146,169910445,169919087,1,8642,46
9783,169893146,169910445,169919087,1,8642,25
9784,169893146,169910445,169919087,1,8642,23
9785,169893146,169910446,169919087,1,8641,23
1885,169893146,169919116,169927759,1,8643,63
1886,169893146,169935845,169944487,1,8642,25
1887,169893146,169944594,169952402,1,7808,25
11263,169893146,169919102,169927744,1,8642,26
11264,169893146,169919102,169927744,1,8642,33
11265,169893146,169919102,169927744,1,8642,26
11266,169893146,169919103,169927747,1,8644,24
11267,169893146,169919104,169927747,1,8643,26
11268,169893146,169919104,169927747,1,8643,25
11269,169893146,169919111,169927756,1,8645,25
11270,169893146,169919111,169927756,1,8645,23
11271,169893146,169919112,169927756,1,8644,63
11272,169893146,169919112,169927756,1,8644,44
11273,169893146,169919112,169927756,1,8644,83
11274,169893146,169919112,169927756,1,8644,23
11275,169893146,169919112,169927756,1,8644,32
11276,169893146,169919112,169927756,1,8644,42
11277,169893146,169919112,169927756,1,8644,23
11278,169893146,169919112,169927756,1,8644,24
11279,169893146,169919113,169927756,1,8643,23
11280,169893146,169919113,169927756,1,8643,68
11281,169893146,169919115,169927759,1,8644,24
11282,169893146,169919115,169927759,1,8644,23
11283,169893146,169919116,169927759,1,8643,24
11284,169893146,169919116,169927759,1,8643,66
11285,169893146,169919116,169927759,1,8643,63
11286,169893146,169919116,169927759,1,8643,62
14246,169893146,169935841,169944484,1,8643,25
14247,169893146,169935841,169944484,1,8643,25
14248,169893146,169935841,169944484,1,8643,25
14249,169893146,169935841,169944484,1,8643,25
14250,169893146,169935841,169944484,1,8643,25
14251,169893146,169935841,169944484,1,8643,24
14252,169893146,169935841,169944484,1,8643,25
14253,169893146,169935841,169944484,1,8643,25
14254,169893146,169935841,169944484,1,8643,25
14255,169893146,169935841,169944484,1,8643,25
14256,169893146,169935841,169944484,1,8643,26
14257,169893146,169935841,169944484,1,8643,24
14270,169893146,169935845,169944487,1,8642,25
14271,169893146,169935845,169944487,1,8642,25
14272,169893146,169935845,169944487,1,8642,24
14273,169893146,169935845,169944487,1,8642,25
14274,169893146,169935845,169944487,1,8642,28
14275,169893146,169935845,169944487,1,8642,26
14276,169893146,169935845,169944487,1,8642,27
14277,169893146,169935845,169944487,1,8642,25
14278,169893146,169935845,169944487,1,8642,24
14279,169893146,169935845,169944487,1,8642,24
14280,169893146,169935845,169944487,1,8642,25
14281,169893146,169935845,169944487,1,8642,24
14375,169893146,169944498,169952304,1,7806,25
14376,169893146,169944520,169952320,1,7800,24
14377,169893146,169944520,169952312,1,7792,24
14378,169893146,169944520,169952316,1,7796,25
14379,169893146,169944520,169952327,1,7807,24
14380,169893146,169944520,169952313,1,7793,24
14381,169893146,169944520,169952320,1,7800,29
14382,169893146,169944520,169952321,1,7801,26
14383,169893146,169944520,169952325,1,7805,27
14384,169893146,169944520,169952330,1,7810,25
14385,169893146,169944520,169952315,1,7795,24
14386,169893146,169944520,169952322,1,7802,24
14387,169893146,169944520,169952335,1,7815,25
14388,169893146,169944520,169952321,1,7801,24
14389,169893146,169944520,169952323,1,7803,32
14390,169893146,169944520,169952315,1,7795,24
14391,169893146,169944520,169952311,1,7791,25
14392,169893146,169944520,169952299,1,7779,26
14393,169893146,169944520,169952320,1,7800,25
14394,169893146,169944520,169952320,1,7800,25
14395,169893146,169944520,169952310,1,7790,25
14396,169893146,169944520,169952326,1,7806,25
14397,169893146,169944520,169952326,1,7806,25
14400,169893146,169944594,169952392,1,7798,24
1888,169893146,169954358,169955923,1,1565,144
1889,169893146,169957880,169959449,1,1569,24
1890,169893146,169959546,169961115,1,1569,64
14425,169893146,169953246,169954815,1,1569,24
14426,169893146,169954142,169955711,1,1569,26
14427,169893146,169954142,169955713,1,1571,25
14428,169893146,169954142,169955713,1,1571,27
14429,169893146,169954142,169955712,1,1570,27
14430,169893146,169954142,169955712,1,1570,27
14431,169893146,169954142,169955713,1,1571,25
14432,169893146,169954234,169955803,1,1569,401
14433,169893146,169954234,169955804,1,1570,400
14434,169893146,169954234,169955803,1,1569,24
14435,169893146,169954234,169955798,1,1564,400
14436,169893146,169954234,169955800,1,1566,401
14437,169893146,169954234,169955801,1,1567,25
14438,169893146,169954234,169955802,1,1568,25
14439,169893146,169954277,169955847,1,1570,32
14440,169893146,169954277,169955845,1,1568,29
14441,169893146,169954277,169955845,1,1568,24
14442,169893146,169954277,169955848,1,1571,26
14443,169893146,169954309,169955873,1,1564,76
14444,169893146,169954309,169955878,1,1569,76
14445,169893146,169954310,169955877,1,1567,76
14446,169893146,169954310,169955878,1,1568,75
14447,169893146,169954350,169955918,1,1568,50
14448,169893146,169954351,169955917,1,1566,33
14473,169893146,169957870,169959439,1,1569,143
14474,169893146,169957870,169959441,1,1571,399
14475,169893146,169957870,169959440,1,1570,403
14476,169893146,169957873,169959439,1,1566,398
14477,169893146,169957873,169959438,1,1565,399
14478,169893146,169957873,169959440,1,1567,399
14479,169893146,169957873,169959436,1,1563,398
14480,169893146,169957873,169959437,1,1564,402
14481,169893146,169957873,169959437,1,1564,398
14482,169893146,169957873,169959439,1,1566,398
14483,169893146,169957873,169959443,1,1570,401
14484,169893146,169957873,169959437,1,1564,399
14485,169893146,169957873,169959435,1,1562,416
14486,169893146,169957873,169959438,1,1565,400
14487,169893146,169957873,169959437,1,1564,399
14488,169893146,169957873,169959435,1,1562,405
14489,169893146,169957873,169959439,1,1566,400
14490,169893146,169957873,169959439,1,1566,403
14491,169893146,169957873,169959440,1,1567,400
14492,169893146,169957873,169959437,1,1564,399
14493,169893146,169957873,169959440,1,1567,398
14494,169893146,169957874,169959439,1,1565,400
14495,169893146,169957874,169959440,1,1566,401
14496,169893146,169957880,169959449,1,1569,143
14497,169893146,169959450,169961021,1,1571,25
14498,169893146,169959450,169961022,1,1572,29
14499,169893146,169959450,169961017,1,1567,27
14500,169893146,169959450,169961016,1,1566,27
14501,169893146,169959450,169961017,1,1567,26
14502,169893146,169959451,169961017,1,1566,45
14503,169893146,169959451,169961020,1,1569,24
14504,169893146,169959451,169961019,1,1568,25
14505,169893146,169959483,169961049,1,1566,109
14506,169893146,169959483,169961050,1,1567,110
14507,169893146,169959483,169961050,1,1567,114
14508,169893146,169959483,169961051,1,1568,108
14509,169893146,169959485,169961053,1,1568,109
14510,169893146,169959485,169961056,1,1571,110
14511,169893146,169959485,169961055,1,1570,111
14512,169893146,169959485,169961052,1,1567,110
14513,169893146,169959523,169961092,1,1569,113
14514,169893146,169959523,169961089,1,1566,132
14515,169893146,169959523,169961088,1,1565,110
14516,169893146,169959523,169961093,1,1570,110
14517,169893146,169959545,169961117,1,1572,25
14518,169893146,169959545,169961113,1,1568,26
14519,169893146,169959545,169961110,1,1565,25
14520,169893146,169959545,169961110,1,1565,26
1891,169893150,169893244,169893271,1,27,70
1924,169893150,169893240,169893324,1,84,42
1925,169893150,169893240,169893323,1,83,31
1926,169893150,169893240,169893324,1,84,56
1927,169893150,169893240,169893295,1,55,34
1933,169893150,169893241,169893328,1,87,64
1934,169893150,169893244,169893298,1,54,164
1935,169893150,169893244,169893299,1,55,67
1936,169893150,169893244,169893298,1,54,62
1892,169893151,169893151,169894230,1,1079,46
1893,169893151,169893151,169894695,1,1544,45
1894,169893151,169893151,169894680,1,1529,55
1895,169893151,169893151,169894261,1,1110,57
1896,169893151,169893151,169894741,1,1590,83
1897,169893151,169893151,169894714,1,1563,55
1898,169893151,169893151,169894299,1,1148,42
1899,169893151,169893151,169894845,1,1694,43
1900,169893151,169893151,169894778,1,1627,43
1901,169893151,169893151,169894351,1,1200,43
1902,169893151,169893151,169894961,1,1810,44
1903,169893151,169893151,169894564,1,1413,43
1904,169893153,169893153,169893166,1,13,55
1905,169893154,169893244,169893327,1,83,120
1906,169893157,169901800,169910444,1,8644,95
1907,169893157,169910455,169919096,1,8641,111
1908,169893157,169919503,169928146,1,8643,48
8388,169893157,169901800,169910444,1,8644,40
8389,169893157,169901800,169910444,1,8644,48
8390,169893157,169901800,169910444,1,8644,41
8391,169893157,169901800,169910444,1,8644,23
8392,169893157,169901800,169910444,1,8644,23
8393,169893157,169901800,169910444,1,8644,32
8394,169893157,169901800,169910444,1,8644,32
8395,169893157,169901800,169910444,1,8644,23
8396,169893157,169901800,169910444,1,8644,25
8397,169893157,169901800,169910444,1,8644,23
8398,169893157,169901800,169910444,1,8644,23
8399,169893157,169901800,169910444,1,8644,78
8400,169893157,169901800,169910444,1,8644,50
8401,169893157,169901800,169910444,1,8644,84
8402,169893157,169901800,169910444,1,8644,49
8403,169893157,169901800,169910444,1,8644,80
8404,169893157,169901800,169910444,1,8644,50
8405,169893157,169901800,169910444,1,8644,50
8406,169893157,169901800,169910444,1,8644,50
8407,169893157,169901800,169910444,1,8644,70
8408,169893157,169901800,169910444,1,8644,75
8409,169893157,169901800,169910444,1,8644,69
8410,169893157,169901800,169910444,1,8644,114
8411,169893157,169901800,169910444,1,8644,70
9786,169893157,169910446,169919087,1,8641,23
9787,169893157,169910446,169919087,1,8641,29
9789,169893157,169910447,169919090,1,8643,26
9790,169893157,169910447,169919090,1,8643,26
9791,169893157,169910447,169919090,1,8643,27
9792,169893157,169910447,169919090,1,8643,27
9793,169893157,169910448,169919090,1,8642,23
9794,169893157,169910448,169919090,1,8642,23
9795,169893157,169910450,169919093,1,8643,24
9796,169893157,169910450,169919093,1,8643,23
9797,169893157,169910450,169919093,1,8643,24
9798,169893157,169910450,169919093,1,8643,87
9799,169893157,169910450,169919093,1,8643,24
9800,169893157,169910452,169919096,1,8644,26
9801,169893157,169910452,169919096,1,8644,26
9802,169893157,169910452,169919096,1,8644,31
9803,169893157,169910452,169919096,1,8644,24
9804,169893157,169910452,169919096,1,8644,23
9805,169893157,169910452,169919096,1,8644,25
9806,169893157,169910452,169919096,1,8644,42
9807,169893157,169910452,169919096,1,8644,25
9808,169893157,169910452,169919096,1,8644,26
9810,169893157,169910453,169919096,1,8643,32
9811,169893157,169910453,169919096,1,8643,26
11288,169893157,169919116,169927759,1,8643,62
11289,169893157,169919116,169927759,1,8643,63
11290,169893157,169919116,169927759,1,8643,62
11291,169893157,169919116,169927759,1,8643,63
11292,169893157,169919117,169927759,1,8642,63
11293,169893157,169919117,169927759,1,8642,63
11294,169893157,169919117,169927759,1,8642,63
11295,169893157,169919117,169927759,1,8642,63
11339,169893157,169919457,169928101,1,8644,160
11340,169893157,169919457,169928101,1,8644,158
11341,169893157,169919457,169928101,1,8644,63
11342,169893157,169919457,169928101,1,8644,66
11343,169893157,169919460,169928104,1,8644,24
11344,169893157,169919460,169928104,1,8644,29
11358,169893157,169919497,169928140,1,8643,108
11360,169893157,169919498,169928140,1,8642,111
11361,169893157,169919498,169928140,1,8642,108
11362,169893157,169919498,169928140,1,8642,114
11363,169893157,169919500,169928143,1,8643,57
11364,169893157,169919503,169928146,1,8643,48
11365,169893157,169919503,169928146,1,8643,65
11366,169893157,169919503,169928146,1,8643,66
11367,169893157,169919503,169928146,1,8643,65
11368,169893157,169919503,169928146,1,8643,63
1909,169893157,169935845,169944487,1,8642,25
1910,169893157,169944630,169953273,1,8643,31
1911,169893157,169955119,169963761,1,8642,45
1912,169893157,169963851,169967991,1,4140,26
14282,169893157,169935845,169944487,1,8642,24
14283,169893157,169935845,169944487,1,8642,25
14284,169893157,169935845,169944487,1,8642,24
14285,169893157,169935845,169944487,1,8642,25
14286,169893157,169935845,169944487,1,8642,25
14287,169893157,169935845,169944487,1,8642,24
14288,169893157,169935845,169944487,1,8642,25
14289,169893157,169935845,169944487,1,8642,25
14290,169893157,169935845,169944487,1,8642,25
14291,169893157,169935845,169944487,1,8642,25
14292,169893157,169935845,169944487,1,8642,25
14293,169893157,169935845,169944487,1,8642,24
14294,169893157,169935845,169944487,1,8642,25
14295,169893157,169935845,169944487,1,8642,26
14296,169893157,169935845,169944487,1,8642,24
14297,169893157,169935845,169944487,1,8642,25
14298,169893157,169935845,169944487,1,8642,25
14299,169893157,169935845,169944487,1,8642,25
14300,169893157,169935845,169944487,1,8642,25
14301,169893157,169935845,169944487,1,8642,24
14302,169893157,169935845,169944487,1,8642,25
14303,169893157,169935845,169944487,1,8642,26
14304,169893157,169935845,169944487,1,8642,25
14305,169893157,169935845,169944487,1,8642,24
14401,169893157,169944594,169953237,1,8643,25
14402,169893157,169944594,169953237,1,8643,25
14403,169893157,169944594,169953237,1,8643,24
14404,169893157,169944594,169953237,1,8643,30
14405,169893157,169944594,169953237,1,8643,25
14406,169893157,169944595,169953237,1,8642,23
14407,169893157,169944595,169953237,1,8642,25
14408,169893157,169944630,169953274,1,8644,25
14409,169893157,169944630,169953273,1,8643,26
14410,169893157,169944630,169953273,1,8643,32
14411,169893157,169944630,169953273,1,8643,30
14412,169893157,169944630,169953273,1,8643,130
14413,169893157,169944630,169953273,1,8643,130
14414,169893157,169944630,169953273,1,8643,129
14415,169893157,169944630,169953273,1,8643,35
14416,169893157,169944630,169953273,1,8643,31
14417,169893157,169944630,169953273,1,8643,27
14418,169893157,169944630,169953273,1,8643,131
14419,169893157,169944630,169953273,1,8643,26
14420,169893157,169944630,169953273,1,8643,131
14421,169893157,169944630,169953273,1,8643,27
14422,169893157,169944630,169953273,1,8643,27
14423,169893157,169944630,169953273,1,8643,31
14424,169893157,169944630,169953273,1,8643,31
14449,169893157,169954897,169963539,1,8642,44
14450,169893157,169954897,169963539,1,8642,26
14451,169893157,169954897,169963539,1,8642,48
14452,169893157,169954897,169963539,1,8642,26
14453,169893157,169954897,169963539,1,8642,26
14454,169893157,169954897,169963539,1,8642,26
14455,169893157,169954897,169963539,1,8642,26
14456,169893157,169954897,169963539,1,8642,27
14457,169893157,169954922,169963566,1,8644,27
14458,169893157,169954934,169963578,1,8644,26
14459,169893157,169954958,169963602,1,8644,32
14460,169893157,169954995,169963638,1,8643,25
14461,169893157,169955082,169963725,1,8643,30
14462,169893157,169955094,169963737,1,8643,26
14463,169893157,169955094,169963737,1,8643,26
14464,169893157,169955107,169963749,1,8642,25
14465,169893157,169955107,169963749,1,8642,33
14466,169893157,169955107,169963749,1,8642,25
14467,169893157,169955107,169963749,1,8642,31
14468,169893157,169955107,169963749,1,8642,26
14469,169893157,169955107,169963749,1,8642,26
14470,169893157,169955119,169963761,1,8642,26
14471,169893157,169955119,169963761,1,8642,36
14472,169893157,169955119,169963761,1,8642,25
14521,169893157,169963803,169967947,1,4144,26
14522,169893157,169963803,169967876,1,4073,72
14523,169893157,169963803,169967882,1,4079,66
14524,169893157,169963803,169967882,1,4079,26
14525,169893157,169963803,169967951,1,4148,26
14526,169893157,169963803,169967950,1,4147,41
14527,169893157,169963803,169967885,1,4082,25
14528,169893157,169963803,169967878,1,4075,102
14529,169893157,169963815,169967895,1,4080,65
14530,169893157,169963815,169967890,1,4075,65
14531,169893157,169963815,169967890,1,4075,63
14532,169893157,169963815,169967894,1,4079,26
14533,169893157,169963815,169967957,1,4142,26
14534,169893157,169963815,169967952,1,4137,26
14535,169893157,169963815,169967958,1,4143,26
14536,169893157,169963815,169967962,1,4147,50
14537,169893157,169963815,169967956,1,4141,25
14538,169893157,169963839,169967990,1,4151,75
14539,169893157,169963839,169967987,1,4148,64
14540,169893157,169963839,169967981,1,4142,86
14541,169893157,169963839,169967920,1,4081,65
14542,169893157,169963851,169968001,1,4150,56
14543,169893157,169963851,169967999,1,4148,26
14544,169893157,169963851,169967930,1,4079,26
1913,169893157,169968002,169970077,1,2075,25
1914,169893157,169970083,169972160,1,2077,26
14545,169893157,169968002,169970074,1,2072,26
14546,169893157,169968002,169970043,1,2041,25
14547,169893157,169968002,169970079,1,2077,51
14548,169893157,169968002,169970077,1,2075,24
14549,169893157,169968002,169970041,1,2039,24
14550,169893157,169968002,169970049,1,2047,49
14551,169893157,169968002,169970074,1,2072,53
14552,169893157,169968002,169970044,1,2042,33
14553,169893157,169968002,169970043,1,2041,26
14554,169893157,169968002,169970041,1,2039,25
14555,169893157,169968002,169970043,1,2041,27
14556,169893157,169968002,169970042,1,2040,26
14557,169893157,169968002,169970073,1,2071,26
14558,169893157,169968002,169970076,1,2074,28
14559,169893157,169968002,169970044,1,2042,50
14560,169893157,169968002,169970043,1,2041,26
14561,169893157,169968002,169970079,1,2077,27
14562,169893157,169968002,169970073,1,2071,26
14563,169893157,169968002,169970076,1,2074,26
14564,169893157,169968002,169970081,1,2079,27
14565,169893157,169968002,169970076,1,2074,61
14566,169893157,169968002,169970043,1,2041,50
14567,169893157,169968002,169970075,1,2073,26
14568,169893157,169968002,169970077,1,2075,25
14569,169893157,169970083,169972161,1,2078,24
14570,169893157,169970083,169972162,1,2079,53
14571,169893157,169970083,169972162,1,2079,25
14572,169893157,169970083,169972130,1,2047,51
14573,169893157,169970083,169972126,1,2043,25
14574,169893157,169970083,169972126,1,2043,26
14575,169893157,169970083,169972125,1,2042,25
14576,169893157,169970083,169972128,1,2045,27
14577,169893157,169970083,169972164,1,2081,26
14578,169893157,169970083,169972163,1,2080,26
14579,169893157,169970083,169972160,1,2077,26
14580,169893157,169970083,169972129,1,2046,25
14581,169893157,169970083,169972163,1,2080,25
14582,169893157,169970083,169972129,1,2046,26
14583,169893157,169970083,169972127,1,2044,25
14584,169893157,169970083,169972126,1,2043,25
14585,169893157,169970083,169972156,1,2073,55
14586,169893157,169970083,169972128,1,2045,26
14587,169893157,169970083,169972128,1,2045,49
14588,169893157,169970083,169972127,1,2044,28
14589,169893157,169970083,169972127,1,2044,50
14590,169893157,169970083,169972124,1,2041,26
14591,169893157,169970083,169972127,1,2044,29
14592,169893157,169970083,169972161,1,2078,26
1915,169893160,169893244,169893300,1,56,84
1937,169893160,169893244,169893299,1,55,59
1916,169893188,169893188,169893220,1,32,353
1917,169893189,169893189,169893208,1,19,172
1918,169893195,169893195,169893550,5,355,28
1919,169893202,169893202,169893206,2,4,17
1920,169893225,169893225,169893584,1,359,18
1921,169893227,169893227,169893229,1,2,150
1938,169893249,169893249,169893265,1,16,50
1939,169893253,169893253,169893295,32,42,24
1940,169893262,169893262,169893613,1,351,17
1941,169893266,169893267,169893653,1,386,32
1942,169893274,169893275,169893277,1,2,17
1943,169893275,169893276,169894723,5,1447,71
1944,169893277,169893278,169894724,3,1446,39
1945,169893286,169893286,169893295,1,9,30
1946,169893296,169893296,169893374,32,78,159
1947,169893300,169893301,169893313,4,12,73
1948,169893313,169893315,169893338,1,23,18
1949,169893322,169893322,169894776,4,1454,129
1950,169893340,169893340,169893343,4,3,40
1951,169893344,169893345,169893730,1,385,30
1952,169893365,169893366,169893459,1,93,80
1953,169893367,169893368,169893393,1,25,18
1954,169893384,169893384,169893418,1,34,17
1955,169893386,169893386,169893460,4,74,51
1956,169893392,169893392,169893665,1,273,36
1957,169893403,169893403,169893409,1,6,17
1958,169893418,169893419,169894344,1,925,363
1959,169893418,169893419,169894142,1,723,36
1960,169893456,169893456,169893474,2,18,23
1961,169893457,169893457,169893472,2,15,60
1962,169893457,169893458,169893471,2,13,86
1963,169893458,169893458,169893476,2,18,86
1964,169893459,169893459,169893476,2,17,23
1965,169893460,169893460,169893475,2,15,23
1966,169893461,169893461,169893492,2,31,77
1967,169893461,169893461,169893472,2,11,64
1968,169893462,169893462,169893474,2,12,51
1969,169893462,169893462,169893540,32,78,25
1970,169893463,169893463,169893473,2,10,51
1971,169893463,169893464,169893490,2,26,23
1972,169893464,169893464,169893474,2,10,18
1973,169893465,169893465,169893476,2,11,19
1974,169893465,169893466,169893476,2,10,40
1975,169893466,169893467,169893478,2,11,38
1976,169893472,169893475,169893534,4,59,72
1977,169893474,169893475,169893566,32,91,93
1978,169893475,169893475,169893485,2,10,17
1979,169893485,169893485,169893849,32,364,317
1980,169893486,169893486,169893496,2,10,23
1981,169893487,169893487,169893498,2,11,54
1982,169893488,169893488,169893500,2,12,23
1983,169893488,169893489,169893500,2,11,21
1984,169893489,169893489,169893499,2,10,22
1985,169893490,169893490,169893498,2,8,17
1986,169893491,169893491,169893501,2,10,17
1987,169893491,169893491,169893503,2,12,23
1988,169893492,169893492,169893530,2,38,86
1989,169893493,169893493,169893505,2,12,80
1990,169893494,169893494,169893505,2,11,55
1991,169893494,169893494,169893502,2,8,77
1992,169893495,169893495,169893507,2,12,24
1993,169893496,169893496,169893506,2,10,40
1994,169893496,169893497,169893505,2,8,17
1995,169893497,169893497,169893507,2,10,43
1996,169893512,169893512,169893518,2,6,20
1997,169893512,169893513,169893517,1,4,54
1998,169893516,169893516,169893526,2,10,38
1999,169893517,169893517,169893528,2,11,80
2000,169893518,169893519,169893529,2,10,23
2001,169893519,169893519,169893528,2,9,54
2002,169893519,169893519,169893548,2,29,60
2003,169893520,169893520,169893531,2,11,22
2004,169893521,169893521,169893531,2,10,22
2005,169893521,169893521,169893530,2,9,21
2006,169893530,169893530,169893561,1,31,21
2007,169893543,169893543,169893548,2,5,28
2008,169893544,169893545,169895627,1,2082,29
2009,169893545,169893545,169893550,1,5,45
2010,169893551,169893551,169893600,2,49,30
2011,169893581,169893582,169893663,4,81,52
2012,169893604,169893604,169893609,32,5,150
2013,169893605,169893605,169893708,1,103,132
2014,169893610,169893610,169893686,32,76,86
2015,169893613,169893614,169893655,1,41,31
2016,169893614,169893614,169893675,1,61,75
2017,169893636,169893636,169893687,1,51,21
2018,169893663,169893663,169893667,32,4,106
2019,169893677,169893677,169893712,2,35,57
2020,169893687,169893713,169893986,4,273,123
2021,169893690,169893690,169894009,1,319,30
2022,169893702,169893702,169893711,1,9,18
2023,169893719,169893719,169893727,1,8,46
2024,169893720,169893720,169895164,1,1444,90
2780,169893720,169895166,169896616,1,1450,89
5339,169893720,169898071,169899519,1,1448,95
7815,169893720,169899521,169900968,1,1447,88
8184,169893720,169900969,169902425,1,1456,89
8565,169893720,169902426,169903886,1,1460,84
9250,169893720,169903888,169905336,1,1448,88
9394,169893720,169905337,169906786,1,1449,86
9507,169893720,169906787,169908237,1,1450,82
9546,169893720,169908238,169909396,1,1158,84
2025,169893724,169893724,169894449,1,725,35
2026,169893725,169893726,169893812,32,86,108
2027,169893729,169893729,169895174,1,1445,82
2782,169893729,169895176,169896621,1,1445,86
5340,169893729,169898072,169899519,1,1447,87
7816,169893729,169899521,169900968,1,1447,87
8185,169893729,169900969,169902424,1,1455,81
8566,169893729,169902426,169903886,1,1460,156
9251,169893729,169903888,169905077,1,1189,85
2028,169893746,169894451,169896255,1,1804,132
2029,169893747,169904632,169906436,1,1804,21
2030,169893747,169906447,169908250,1,1803,21
2031,169893747,169908252,169910054,1,1802,21
2032,169893749,169910116,169911920,1,1804,63
2033,169893749,169911920,169913723,1,1803,20
2034,169893750,169893750,169895196,1,1446,79
2783,169893750,169895197,169896641,1,1444,82
5431,169893750,169898090,169899535,1,1445,83
7818,169893750,169899537,169900981,1,1444,90
8222,169893750,169900982,169902430,1,1448,91
8568,169893750,169902431,169903886,1,1455,81
9252,169893750,169903888,169905337,1,1449,87
9395,169893750,169905338,169906786,1,1448,86
9508,169893750,169906787,169908237,1,1450,81
9547,169893750,169908238,169909298,1,1060,86
2035,169893750,169893750,169893761,1,11,16
2036,169893751,169913782,169916126,1,2344,23
2037,169893754,169893755,169893763,1,8,16
2038,169893767,169893767,169893773,1,6,46
2039,169893768,169893768,169895213,1,1445,81
2784,169893768,169895213,169896658,1,1445,94
5520,169893768,169898108,169899552,1,1444,89
7819,169893768,169899553,169900998,1,1445,84
8240,169893768,169900999,169902447,1,1448,90
8571,169893768,169902448,169903894,1,1446,93
9253,169893768,169903896,169905268,1,1372,92
2040,169893778,169893778,169893793,3,15,46
2041,169893785,169893785,169893792,1,7,34
2042,169893792,169893792,169896682,4,2890,53
2043,169893798,169893798,169893811,2,13,61
2044,169893799,169893799,169893813,2,14,27
2045,169893802,169893807,169893813,1,6,17
2046,169893802,169893803,169893805,3,2,71
2047,169893813,169893814,169893838,1,24,255
2048,169893815,169893815,169893829,1,14,46
2049,169893829,169893829,169893849,1,20,17
2050,169893839,169893839,169893870,1,31,46
2051,169893849,169893849,169893864,1,15,35
2052,169893850,169893850,169893862,2,12,17
2053,169893851,169893851,169893862,2,11,17
2054,169893852,169893852,169893860,2,8,17
2055,169893853,169893853,169893865,2,12,17
2056,169893853,169893853,169893904,2,51,23
2057,169893854,169893854,169893882,2,28,61
2058,169893855,169893855,169893865,2,10,37
2059,169893856,169893856,169893866,2,10,18
2060,169893856,169893866,169893877,3,11,35
2061,169893856,169893857,169893866,2,9,40
2062,169893857,169893857,169893866,2,9,18
2063,169893858,169893858,169893868,2,10,17
2064,169893859,169893859,169893868,2,9,17
2065,169893859,169893860,169893869,2,9,17
2066,169893860,169893860,169893870,2,10,17
2067,169893861,169893861,169896047,1,2186,41
2068,169893861,169893861,169896065,1,2204,41
2069,169893861,169893861,169896097,1,2236,42
2070,169893861,169893861,169896127,1,2266,41
2071,169893861,169893861,169896168,1,2307,42
2072,169893865,169893875,169893885,1,10,46
2073,169893871,169893871,169894950,2,1079,148
2074,169893872,169893872,169893884,2,12,43
2075,169893873,169893873,169893883,2,10,24
2076,169893874,169893874,169893882,2,8,46
2077,169893875,169893875,169893890,2,15,23
2078,169893875,169893876,169893888,2,12,23
2079,169893876,169893876,169893913,2,37,23
2080,169893877,169893878,169893888,2,10,24
2081,169893878,169893878,169893890,2,12,23
2082,169893879,169893879,169893889,2,10,22
2083,169893880,169893880,169893892,2,12,23
2084,169893880,169893881,169893891,2,10,23
2085,169893881,169893881,169893892,2,11,23
2086,169893882,169893882,169893893,2,11,44
2087,169893882,169893884,169893913,2,29,61
2088,169893883,169893884,169893900,2,16,22
2089,169893887,169893887,169893960,32,73,86
2090,169893892,169893894,169893971,32,77,25
2091,169893903,169893903,169893945,2,42,23
2092,169893904,169893904,169893920,2,16,23
2093,169893905,169893905,169893924,2,19,23
2094,169893906,169893906,169893923,2,17,43
2095,169893906,169893907,169893920,2,13,23
2096,169893907,169893907,169893922,2,15,24
2097,169893908,169893909,169893926,2,17,46
2098,169893909,169893909,169893928,2,19,44
2099,169893910,169893910,169893963,2,53,22
2100,169893911,169893911,169893969,2,58,23
2101,169893912,169893912,169893930,2,18,23
2102,169893913,169893913,169893938,2,25,23
2103,169893913,169893913,169893932,2,19,32
2104,169893914,169893914,169893928,2,14,45
2105,169893915,169893915,169893952,2,37,61
2106,169893915,169893915,169893922,8,7,39
2107,169893917,169893917,169894726,8,809,100
2108,169893917,169893917,169894280,1,363,20
2109,169893952,169893964,169893991,1,27,46
2110,169893953,169893953,169893967,2,14,23
2111,169893954,169893954,169893969,2,15,44
2112,169893955,169893955,169893974,2,19,23
2113,169893956,169893956,169893975,2,19,23
2114,169893957,169893957,169893976,2,19,61
2115,169893957,169893957,169893975,2,18,43
2116,169893958,169893958,169893974,2,16,24
2117,169893959,169893964,169894145,1,181,17
2118,169893959,169893959,169893979,2,20,46
2119,169893960,169893960,169893979,2,19,23
2120,169893961,169893961,169893976,2,15,44
2121,169893962,169893962,169893977,2,15,24
2122,169893962,169893962,169893979,2,17,22
2123,169893963,169893964,169893979,2,15,24
2124,169893964,169893964,169893979,2,15,23
2125,169893965,169893965,169893980,2,15,23
2126,169893966,169893967,169893980,2,13,23
2127,169893967,169893967,169893997,2,30,22
2128,169893968,169893968,169893981,2,13,32
2129,169893969,169893971,169893982,2,11,44
2130,169893981,169893981,169894011,1,30,59
2131,169893991,169893992,169894004,2,12,23
2132,169893992,169893993,169894005,2,12,51
2133,169893993,169893993,169894006,2,13,24
2134,169893994,169893995,169894032,1,37,24
2135,169893994,169893995,169894007,2,12,43
2136,169893995,169893995,169894002,2,7,18
2137,169893995,169893995,169894003,2,8,46
2138,169893996,169893996,169894006,2,10,23
2139,169893997,169893997,169894009,2,12,22
2140,169893997,169893998,169894177,1,179,31
2141,169893997,169893998,169894010,2,12,23
2142,169893998,169893999,169894011,2,12,22
2143,169893999,169893999,169894011,2,12,22
2144,169894000,169894000,169894009,2,9,17
2145,169894000,169894001,169894013,2,12,18
2146,169894001,169894001,169894011,2,10,38
2147,169894002,169894003,169894038,2,35,22
2148,169894003,169894005,169894201,1,196,22
2149,169894004,169894005,169895071,1,1066,40
2150,169894004,169894005,169895523,1,1518,42
2151,169894004,169894005,169895511,1,1506,42
2152,169894004,169894005,169895099,1,1094,41
2153,169894004,169894005,169895578,1,1573,41
2154,169894004,169894005,169895547,1,1542,62
2155,169894004,169894005,169895129,1,1124,42
2156,169894004,169894005,169895660,1,1655,42
2157,169894004,169894005,169895604,1,1599,62
2158,169894004,169894005,169895189,1,1184,42
2159,169894004,169894005,169896469,1,2464,41
2160,169894004,169894005,169895741,1,1736,42
2161,169894004,169894005,169895349,1,1344,40
2162,169894007,169938849,169945049,16,6200,44
2163,169894007,169894007,169896826,16,2819,60
7899,169894007,169900300,169903237,16,2937,171
8748,169894007,169903237,169911161,16,7924,144
10001,169894007,169911161,169919085,16,7924,128
11262,169894007,169919089,169927012,16,7923,139
12905,169894007,169927021,169934945,16,7924,69
14243,169894007,169935841,169937049,16,1208,42
14364,169894007,169937050,169938847,16,1797,43
2164,169894010,169894729,169895520,8,791,101
2165,169894010,169895523,169896218,8,695,100
2166,169894013,169894013,169894092,32,79,25
2167,169894014,169894014,169894054,1,40,68
2168,169894015,169894015,169894034,10,19,169
2169,169894026,169894026,169894098,32,72,153
2170,169894029,169894030,169894072,1,42,64
2171,169894040,169894041,169894050,2,9,18
2172,169894041,169894042,169894077,2,35,44
2173,169894042,169894042,169894052,2,10,24
2174,169894043,169894043,169894053,2,10,46
2175,169894044,169894044,169894055,2,11,37
2176,169894044,169894045,169894054,2,9,46
2177,169894045,169894048,169894055,4,7,35
2178,169894045,169894045,169894054,2,9,21
2179,169894046,169894046,169894058,2,12,23
2180,169894047,169894047,169894059,2,12,23
2181,169894047,169894048,169894057,2,9,44
2182,169894048,169894049,169894059,2,10,22
2183,169894049,169894049,169894079,2,30,23
2184,169894050,169894050,169894060,2,10,68
2185,169894051,169894051,169894061,2,10,136
2186,169894051,169894051,169894061,2,10,23
2187,169894052,169894052,169894061,2,9,130
2188,169894053,169894053,169894063,2,10,155
2189,169894054,169894055,169894064,2,9,24
2190,169894054,169894055,169894065,2,10,146
2191,169894054,169894055,169894073,1,18,55
2192,169894060,169894060,169894107,4,47,48
2193,169894074,169894074,169894086,2,12,24
2194,169894075,169894075,169894086,2,11,44
2195,169894075,169894076,169894088,2,12,22
2196,169894076,169894076,169894119,2,43,51
2197,169894077,169894078,169894085,2,7,37
2198,169894077,169894078,169894167,1,89,70
2199,169894077,169894078,169894087,1,9,22
2200,169894078,169894078,169894086,2,8,41
2201,169894078,169894078,169894089,2,11,44
2202,169894079,169894079,169894092,2,13,17
2203,169894080,169894080,169894091,2,11,17
2204,169894081,169894081,169894093,2,12,17
2205,169894082,169894082,169894093,2,11,23
2206,169894082,169894082,169894091,2,9,28
2207,169894083,169894083,169894096,2,13,23
2208,169894084,169894084,169894093,2,9,18
2209,169894085,169894085,169894095,2,10,68
2210,169894104,169894104,169894115,2,11,23
2211,169894105,169894106,169894119,2,13,43
2212,169894106,169894106,169894119,2,13,41
2213,169894107,169894108,169894121,2,13,95
2214,169894108,169894108,169894115,8,7,28
2215,169894112,169894112,169894133,1,21,32
2216,169894120,169894120,169894133,10,13,29
2217,169894121,169894121,169894135,4,14,41
2218,169894132,169894132,169896753,1,2621,26
2219,169894132,169894132,169896755,1,2623,19
2220,169894132,169894132,169896769,1,2637,19
2221,169894132,169894132,169896759,1,2627,19
2222,169894132,169894132,169894139,1,7,17
2223,169894132,169894133,169894137,8,4,47
2224,169894139,169894139,169894311,1,172,131
2225,169894142,169894143,169894153,1,10,17
2226,169894146,169894147,169894156,4,9,30
2227,169894153,169894155,169894753,64,598,199
2228,169894158,169894158,169894175,1,17,179
2229,169894158,169894159,169894170,4,11,22
2230,169894170,169894170,169894231,1,61,70
2231,169894178,169894178,169894192,1,14,179
2232,169894186,169894186,169894189,8,3,28
2233,169894195,169894195,169894247,1,52,118
2234,169894205,169894205,169894497,1,292,21
2235,169894211,169894211,169894935,1,724,25
2236,169894218,169894218,169894239,8,21,33
2237,169894219,169894219,169894434,32,215,285
2238,169894232,169894232,169894313,1,81,53
2239,169894245,169894245,169894282,1,37,48
2240,169894260,169894260,169894305,10,45,168
2241,169894271,169894271,169894288,1,17,175
2242,169894275,169894275,169894305,64,30,72
2243,169894275,169894275,169894313,1,38,33
2244,169894287,169894287,169894291,1,4,129
2245,169894287,169894287,169894291,1,4,135
2246,169894287,169894287,169894291,1,4,123
2247,169894287,169894287,169894291,1,4,127
2248,169894287,169894287,169894291,1,4,38
2249,169894287,169894287,169894291,1,4,38
2250,169894287,169894287,169894291,1,4,19
2251,169894287,169894287,169894291,1,4,17
2252,169894287,169894287,169894291,1,4,17
2253,169894287,169894287,169894291,1,4,46
2254,169894287,169894287,169894291,1,4,17
2255,169894287,169894288,169894292,1,4,37
2256,169894287,169894288,169894292,1,4,22
2257,169894287,169894288,169894292,1,4,17
2258,169894287,169894288,169894292,1,4,40
2259,169894287,169894288,169894292,1,4,17
2260,169894287,169894288,169894292,1,4,17
2261,169894287,169894288,169894292,1,4,17
2262,169894287,169894288,169894292,1,4,17
2263,169894288,169894288,169894292,1,4,29
2264,169894288,169894288,169894292,1,4,17
2265,169894288,169894288,169894292,1,4,17
2266,169894288,169894288,169894292,1,4,17
2267,169894288,169894288,169894292,1,4,18
2268,169894288,169894288,169894292,1,4,17
2269,169894288,169894288,169894292,1,4,17
2270,169894288,169894288,169894292,1,4,17
2271,169894288,169894288,169894292,1,4,17
2272,169894288,169894288,169894292,1,4,17
2273,169894288,169894288,169894292,1,4,17
2274,169894288,169894288,169894293,1,5,17
2275,169894288,169894288,169894293,1,5,17
2276,169894288,169894288,169894293,1,5,17
2277,169894288,169894288,169894293,1,5,18
2278,169894288,169894288,169894293,1,5,17
2279,169894288,169894288,169894293,1,5,17
2280,169894288,169894288,169894293,1,5,38
2281,169894288,169894288,169894293,1,5,38
2282,169894288,169894288,169894293,1,5,38
2283,169894288,169894289,169894294,1,5,16
2284,169894288,169894289,169894293,1,4,38
2285,169894288,169894289,169894294,1,5,38
2286,169894289,169894289,169894294,1,5,38
2287,169894289,169894289,169894294,1,5,38
2288,169894289,169894289,169894294,1,5,38
2289,169894289,169894289,169894294,1,5,47
2290,169894289,169894289,169894294,1,5,38
2291,169894289,169894289,169894294,1,5,16
2292,169894289,169894289,169894294,1,5,16
2293,169894289,169894289,169894294,1,5,47
2294,169894289,169894289,169894294,1,5,17
2295,169894289,169894289,169894294,1,5,136
2296,169894289,169894289,169894294,1,5,196
2297,169894289,169894289,169894294,1,5,119
2298,169894289,169894289,169894294,1,5,160
2299,169894290,169894296,169894301,1,5,17
2300,169894290,169894296,169894301,1,5,79
2301,169894290,169894296,169894301,1,5,17
2302,169894290,169894296,169894301,1,5,16
2303,169894290,169894296,169894301,1,5,16
2304,169894290,169894296,169894302,1,6,61
2305,169894290,169894296,169894302,1,6,17
2306,169894291,169894296,169894301,1,5,17
2307,169894291,169894296,169894302,1,6,17
2308,169894291,169894296,169894302,1,6,135
2309,169894291,169894296,169894302,1,6,26
2310,169894291,169894296,169894302,1,6,143
2311,169894291,169894296,169894302,1,6,196
2312,169894291,169894296,169894302,1,6,119
2313,169894291,169894296,169894302,1,6,131
2314,169894291,169894296,169894302,1,6,138
2315,169894291,169894296,169894302,1,6,129
2316,169894291,169894296,169894302,1,6,135
2317,169894291,169894296,169894302,1,6,123
2318,169894291,169894296,169894302,1,6,127
2319,169894291,169894296,169894302,1,6,38
2320,169894291,169894296,169894302,1,6,38
2321,169894291,169894296,169894302,1,6,19
2322,169894291,169894296,169894302,1,6,17
2323,169894291,169894296,169894302,1,6,17
2324,169894292,169894296,169894302,1,6,46
2325,169894292,169894296,169894302,1,6,17
2326,169894292,169894296,169894302,1,6,37
2327,169894292,169894296,169894302,1,6,22
2328,169894292,169894296,169894302,1,6,17
2329,169894292,169894296,169894302,1,6,40
2330,169894292,169894296,169894302,1,6,17
2331,169894292,169894296,169894302,1,6,17
2332,169894292,169894296,169894302,1,6,17
2333,169894292,169894296,169894302,1,6,17
2334,169894292,169894296,169894302,1,6,29
2335,169894292,169894296,169894302,1,6,17
2336,169894292,169894296,169894302,1,6,17
2337,169894292,169894296,169894302,1,6,17
2338,169894292,169894296,169894302,1,6,18
2339,169894292,169894296,169894302,1,6,17
2340,169894292,169894296,169894302,1,6,17
2341,169894292,169894296,169894302,1,6,17
2342,169894292,169894296,169894302,1,6,17
2343,169894292,169894296,169894302,1,6,17
2344,169894292,169894296,169894302,1,6,17
2345,169894293,169894296,169894302,1,6,17
2346,169894293,169894296,169894302,1,6,17
2347,169894293,169894296,169894302,1,6,17
2348,169894293,169894296,169894302,1,6,18
2349,169894293,169894296,169894302,1,6,17
2350,169894293,169894296,169894303,1,7,17
2351,169894293,169894296,169894303,1,7,38
2352,169894293,169894296,169894302,1,6,38
2353,169894293,169894296,169894302,1,6,38
2354,169894293,169894296,169894302,1,6,38
2355,169894293,169894296,169894303,1,7,38
2356,169894293,169894296,169894303,1,7,38
2357,169894293,169894296,169894303,1,7,38
2358,169894293,169894296,169894303,1,7,38
2359,169894293,169894296,169894303,1,7,47
2360,169894293,169894296,169894303,1,7,38
2361,169894293,169894296,169894303,1,7,16
2362,169894293,169894296,169894303,1,7,16
2363,169894293,169894296,169894303,1,7,47
2364,169894293,169894296,169894303,1,7,17
2365,169894294,169894296,169894303,1,7,16
2366,169894294,169894296,169894303,1,7,17
2367,169894294,169894296,169894303,1,7,17
2368,169894294,169894296,169894303,1,7,17
2369,169894294,169894296,169894303,1,7,17
2370,169894294,169894296,169894303,1,7,16
2371,169894294,169894296,169894303,1,7,16
2372,169894294,169894296,169894303,1,7,16
2373,169894294,169894296,169894303,1,7,17
2374,169894294,169894296,169894303,1,7,17
2375,169894294,169894296,169894303,1,7,17
2376,169894294,169894296,169894303,1,7,16
2377,169894294,169894296,169894303,1,7,16
2378,169894294,169894296,169894303,1,7,16
2379,169894294,169894296,169894303,1,7,16
2380,169894294,169894296,169894303,1,7,17
2381,169894294,169894296,169894303,1,7,16
2382,169894294,169894296,169894303,1,7,16
2383,169894294,169894296,169894303,1,7,16
2384,169894295,169894296,169894303,1,7,17
2385,169894295,169894296,169894303,1,7,18
2386,169894295,169894296,169894303,1,7,15
2387,169894295,169894296,169894303,1,7,15
2388,169894295,169894296,169894303,1,7,17
2389,169894295,169894296,169894303,1,7,17
2390,169894295,169894296,169894303,1,7,15
2391,169894295,169894296,169894303,1,7,16
2392,169894295,169894296,169894303,1,7,16
2393,169894295,169894296,169894303,1,7,15
2394,169894295,169894296,169894303,1,7,15
2395,169894295,169894296,169894303,1,7,17
2396,169894295,169894296,169894303,1,7,15
2397,169894295,169894296,169894303,1,7,16
2398,169894295,169894296,169894304,1,8,15
2399,169894295,169894296,169894303,1,7,17
2400,169894295,169894296,169894303,1,7,15
2401,169894295,169894296,169894303,1,7,15
2402,169894295,169894296,169894303,1,7,15
2403,169894296,169894296,169894303,1,7,15
2404,169894296,169894296,169894303,1,7,15
2405,169894296,169894296,169894304,1,8,15
2406,169894296,169894296,169894303,1,7,16
2407,169894296,169894296,169894304,1,8,15
2408,169894296,169894296,169894304,1,8,15
2409,169894296,169894296,169894304,1,8,15
2410,169894296,169894296,169894304,1,8,160
2411,169894296,169894296,169894304,1,8,68
2412,169894296,169894296,169894304,1,8,115
2413,169894296,169894296,169894304,1,8,136
2414,169894296,169894296,169894304,1,8,46
2415,169894296,169894296,169894304,1,8,27
2416,169894296,169894296,169894304,1,8,106
2417,169894296,169894297,169894304,1,7,131
2418,169894296,169894297,169894304,1,7,17
2419,169894296,169894297,169894304,1,7,66
2420,169894297,169894297,169894304,1,7,140
2421,169894297,169894297,169894304,1,7,62
2422,169894297,169894297,169894304,1,7,112
2423,169894297,169894297,169894304,1,7,55
2424,169894297,169894297,169894304,1,7,63
2425,169894297,169894297,169894304,1,7,17
2426,169894297,169894297,169894305,1,8,97
2427,169894297,169894306,169894314,1,8,17
2428,169894297,169894306,169894314,1,8,19
2429,169894297,169894306,169894314,1,8,18
2430,169894297,169894306,169894314,1,8,17
2431,169894297,169894306,169894314,1,8,79
2432,169894297,169894306,169894314,1,8,17
2433,169894297,169894306,169894314,1,8,16
2434,169894297,169894306,169894314,1,8,17
2435,169894297,169894306,169894314,1,8,135
2436,169894297,169894306,169894314,1,8,26
2437,169894297,169894306,169894314,1,8,143
2438,169894298,169894306,169894314,1,8,38
2439,169894298,169894306,169894314,1,8,38
2440,169894298,169894306,169894314,1,8,19
2441,169894298,169894306,169894314,1,8,17
2442,169894298,169894306,169894314,1,8,17
2443,169894298,169894306,169894314,1,8,46
2444,169894298,169894306,169894314,1,8,17
2445,169894298,169894306,169894314,1,8,37
2446,169894298,169894306,169894314,1,8,22
2447,169894298,169894306,169894314,1,8,17
2448,169894298,169894306,169894314,1,8,40
2449,169894298,169894306,169894314,1,8,19
2450,169894298,169894306,169894314,1,8,19
2451,169894298,169894306,169894314,1,8,19
2452,169894298,169894306,169894314,1,8,16
2453,169894298,169894306,169894314,1,8,61
2454,169894298,169894306,169894314,1,8,17
2455,169894298,169894306,169894315,1,9,17
2456,169894298,169894306,169894314,1,8,155
2457,169894299,169894306,169894315,1,9,152
2458,169894299,169894306,169894314,1,8,154
2459,169894299,169894306,169894314,1,8,129
2460,169894299,169894306,169894314,1,8,135
2461,169894299,169894306,169894315,1,9,123
2462,169894299,169894306,169894315,1,9,127
2463,169894299,169894306,169894315,1,9,17
2464,169894299,169894306,169894315,1,9,17
2465,169894299,169894306,169894315,1,9,17
2466,169894299,169894306,169894315,1,9,17
2467,169894299,169894306,169894315,1,9,29
2468,169894299,169894306,169894315,1,9,17
2469,169894299,169894306,169894315,1,9,17
2470,169894299,169894306,169894315,1,9,17
2471,169894299,169894306,169894315,1,9,18
2472,169894299,169894306,169894315,1,9,17
2473,169894299,169894306,169894315,1,9,17
2474,169894299,169894306,169894315,1,9,18
2475,169894300,169894306,169894315,1,9,17
2476,169894300,169894306,169894315,1,9,18
2477,169894300,169894306,169894315,1,9,17
2478,169894300,169894306,169894315,1,9,17
2479,169894300,169894306,169894315,1,9,17
2480,169894300,169894306,169894315,1,9,17
2481,169894300,169894306,169894315,1,9,18
2482,169894300,169894306,169894315,1,9,18
2483,169894300,169894306,169894315,1,9,17
2484,169894300,169894300,169894413,1,113,58
2485,169894300,169894306,169894315,1,9,38
2486,169894300,169894306,169894315,1,9,38
2487,169894300,169894306,169894315,1,9,38
2488,169894300,169894306,169894315,1,9,38
2489,169894300,169894306,169894315,1,9,38
2490,169894300,169894306,169894315,1,9,38
2491,169894300,169894306,169894315,1,9,38
2492,169894300,169894306,169894315,1,9,38
2493,169894301,169894306,169894315,1,9,48
2494,169894301,169894306,169894315,1,9,38
2495,169894301,169894306,169894315,1,9,16
2496,169894301,169894306,169894315,1,9,16
2497,169894301,169894306,169894315,1,9,47
2498,169894301,169894306,169894315,1,9,18
2499,169894301,169894306,169894315,1,9,17
2500,169894301,169894306,169894315,1,9,196
2501,169894301,169894306,169894315,1,9,46
2502,169894301,169894306,169894315,1,9,119
2503,169894301,169894306,169894315,1,9,132
2504,169894301,169894306,169894316,1,10,119
2505,169894301,169894306,169894315,1,9,138
2506,169894301,169894306,169894316,1,10,128
2507,169894301,169894306,169894316,1,10,123
2508,169894301,169894306,169894315,1,9,132
2509,169894301,169894306,169894315,1,9,115
2510,169894302,169894306,169894316,1,10,131
2511,169894302,169894306,169894316,1,10,115
2512,169894302,169894306,169894316,1,10,38
2513,169894302,169894306,169894316,1,10,38
2514,169894302,169894306,169894316,1,10,132
2515,169894302,169894306,169894316,1,10,125
2516,169894302,169894306,169894316,1,10,139
2517,169894302,169894306,169894316,1,10,16
2518,169894302,169894306,169894316,1,10,68
2519,169894302,169894306,169894316,1,10,27
2520,169894302,169894306,169894316,1,10,17
2521,169894302,169894306,169894316,1,10,62
2522,169894302,169894306,169894316,1,10,63
2523,169894302,169894306,169894316,1,10,63
2524,169894302,169894306,169894316,1,10,27
2525,169894302,169894306,169894316,1,10,50
2526,169894302,169894306,169894316,1,10,59
2527,169894303,169894306,169894316,1,10,61
2528,169894303,169894306,169894316,1,10,27
2529,169894303,169894306,169894316,1,10,61
2530,169894303,169894306,169894316,1,10,44
2531,169894303,169894306,169894316,1,10,24
2532,169894303,169894306,169894316,1,10,62
2533,169894303,169894306,169894316,1,10,48
2534,169894303,169894306,169894316,1,10,64
2535,169894303,169894306,169894316,1,10,61
2536,169894303,169894306,169894316,1,10,52
2537,169894303,169894306,169894316,1,10,30
2538,169894303,169894306,169894316,1,10,17
2539,169894303,169894306,169894316,1,10,17
2540,169894303,169894306,169894316,1,10,17
2541,169894303,169894306,169894316,1,10,17
2542,169894303,169894306,169894316,1,10,17
2543,169894303,169894306,169894316,1,10,17
2544,169894304,169894306,169894316,1,10,17
2545,169894304,169894306,169894316,1,10,17
2546,169894304,169894306,169894316,1,10,17
2547,169894304,169894306,169894316,1,10,17
2548,169894304,169894306,169894316,1,10,17
2549,169894304,169894306,169894316,1,10,17
2550,169894304,169894306,169894316,1,10,17
2551,169894304,169894306,169894316,1,10,17
2552,169894304,169894306,169894316,1,10,17
2553,169894304,169894306,169894316,1,10,17
2554,169894304,169894306,169894316,1,10,16
2555,169894304,169894306,169894316,1,10,17
2556,169894304,169894318,169894328,1,10,18
2557,169894304,169894318,169894328,1,10,33
2558,169894304,169894318,169894328,1,10,17
2559,169894304,169894318,169894328,1,10,80
2560,169894305,169894318,169894328,1,10,17
2561,169894305,169894318,169894328,1,10,16
2562,169894305,169894318,169894328,1,10,17
2563,169894305,169894318,169894328,1,10,136
2564,169894305,169894318,169894328,1,10,26
2565,169894305,169894318,169894328,1,10,143
2566,169894305,169894318,169894328,1,10,39
2567,169894307,169894308,169894371,32,63,64
2568,169894311,169894311,169894559,1,248,84
2569,169894315,169894318,169894370,1,52,56
2570,169894319,169894319,169894346,1,27,47
2571,169894327,169894327,169894406,32,79,72
2572,169894331,169894332,169894549,1,217,44
2573,169894332,169894332,169894362,1,30,18
2574,169894332,169894332,169894404,32,72,197
2575,169894333,169894466,169894541,1,75,53
2576,169894333,169894333,169894407,1,74,52
2577,169894333,169894333,169894402,1,69,97
2578,169894333,169894333,169894407,1,74,53
2579,169894333,169894333,169894406,1,73,53
2580,169894333,169894333,169894404,1,71,115
2581,169894333,169894333,169894409,1,76,53
2582,169894333,169894333,169894407,1,74,52
2583,169894333,169894333,169894404,1,71,53
2584,169894333,169894333,169894407,1,74,136
2585,169894333,169894333,169894406,1,73,52
2586,169894333,169894333,169894401,1,68,179
2587,169894333,169894333,169894404,1,71,57
2588,169894333,169894333,169894404,1,71,57
2589,169894333,169894333,169894403,1,70,54
2590,169894333,169894333,169894405,1,72,53
2591,169894333,169894333,169894398,1,65,53
2592,169894333,169894333,169894399,1,66,82
2593,169894333,169894333,169894405,1,72,53
2594,169894333,169894333,169894397,1,64,64
2595,169894333,169894333,169894398,1,65,57
2596,169894333,169894333,169894403,1,70,53
2597,169894333,169894333,169894403,1,70,75
2598,169894333,169894333,169894406,1,73,158
2602,169894333,169894398,169894466,1,68,52
2603,169894333,169894399,169894473,1,74,53
2604,169894333,169894399,169894468,1,69,129
2605,169894333,169894401,169894465,1,64,53
2606,169894333,169894402,169894473,1,71,81
2607,169894333,169894402,169894472,1,70,63
2608,169894333,169894408,169894478,1,70,52
2609,169894333,169894408,169894479,1,71,116
2610,169894333,169894408,169894473,1,65,54
2611,169894333,169894408,169894474,1,66,57
2612,169894333,169894408,169894477,1,69,53
2613,169894333,169894408,169894475,1,67,76
2614,169894333,169894408,169894476,1,68,53
2615,169894333,169894408,169894476,1,68,110
2616,169894333,169894408,169894477,1,69,54
2617,169894333,169894408,169894476,1,68,179
2618,169894333,169894408,169894477,1,69,57
2619,169894333,169894408,169894473,1,65,58
2620,169894333,169894408,169894474,1,66,55
2621,169894333,169894408,169894474,1,66,54
2622,169894333,169894408,169894478,1,70,131
2623,169894333,169894408,169894480,1,72,152
2625,169894333,169894410,169894481,1,71,54
2626,169894333,169894414,169894483,1,69,53
2599,169894347,169894347,169894410,1,63,50
2600,169894347,169894348,169894380,1,32,52
2601,169894394,169894394,169894432,1,38,47
2624,169894409,169894410,169894589,8,179,123
2627,169894419,169894419,169894482,1,63,54
2628,169894422,169894423,169894606,8,183,287
2629,169894429,169894429,169894473,32,44,184
2630,169894429,169894429,169894610,8,181,166
2631,169894430,169894430,169894578,1,148,45
2632,169894433,169894433,169894612,8,179,174
2633,169894434,169894434,169894506,32,72,49
2634,169894434,169894434,169894542,1,108,51
2635,169894435,169894435,169894678,32,243,277
2636,169894440,169894440,169894520,32,80,158
2637,169894460,169894460,169894739,1,279,162
2638,169894460,169894461,169894654,1,193,191
2639,169894460,169894461,169894655,1,194,175
2640,169894460,169894461,169894655,1,194,174
2641,169894461,169894461,169894656,1,195,175
2642,169894462,169894462,169894739,1,277,179
2643,169894462,169894462,169894656,1,194,157
2644,169894462,169894462,169894745,1,283,140
2645,169894462,169894462,169894657,1,195,143
2646,169894462,169894462,169894745,1,283,142
2647,169894462,169894462,169894657,1,195,143
2648,169894462,169894462,169894655,1,193,165
2649,169894462,169894462,169894659,1,197,162
2650,169894462,169894462,169894654,1,192,163
2651,169894462,169894462,169894660,1,198,162
2652,169894462,169894462,169894659,1,197,170
2653,169894462,169894462,169894660,1,198,162
2654,169894462,169894462,169894654,1,192,174
2655,169894462,169894462,169894659,1,197,162
2656,169894467,169894468,169894823,4,355,215
2657,169894467,169894468,169894816,4,348,170
2658,169894467,169894468,169894902,4,434,142
2659,169894467,169894468,169894838,4,370,297
2660,169894467,169894468,169894819,4,351,253
2661,169894467,169894656,169894892,4,236,111
2662,169894467,169894656,169894887,4,231,135
2663,169894467,169894656,169894896,4,240,128
2664,169894467,169894656,169894867,4,211,128
2665,169894467,169894656,169894798,4,142,227
2666,169894467,169894656,169894796,4,140,220
2667,169894467,169894656,169894908,4,252,224
2668,169894467,169894657,169894877,4,220,125
2669,169894467,169894657,169894856,4,199,120
2670,169894468,169894657,169894876,4,219,108
2671,169894468,169894661,169894879,4,218,156
2672,169894468,169894661,169894867,4,206,128
2673,169894468,169894661,169894879,4,218,128
2674,169894468,169894661,169894879,4,218,129
2675,169894472,169894472,169894581,1,109,54
2676,169894476,169894479,169894544,1,65,44
2677,169894476,169894476,169894544,1,68,52
2678,169894476,169894476,169894546,1,70,129
2679,169894476,169894476,169894545,1,69,53
2680,169894476,169894476,169894548,1,72,84
2681,169894476,169894476,169894550,1,74,54
2682,169894476,169894476,169894549,1,73,53
2683,169894476,169894476,169894548,1,72,81
2684,169894476,169894476,169894542,1,66,53
2685,169894476,169894476,169894543,1,67,63
2686,169894476,169894476,169894544,1,68,57
2687,169894476,169894476,169894550,1,74,57
2688,169894476,169894476,169894551,1,75,54
2689,169894476,169894476,169894540,1,64,53
2691,169894476,169894477,169894550,1,73,53
2692,169894476,169894477,169894549,1,72,53
2693,169894476,169894477,169894547,1,70,54
2694,169894476,169894479,169894548,1,69,53
2695,169894476,169894479,169894550,1,71,58
2690,169894477,169894477,169894531,1,54,137
2696,169894498,169894498,169894571,1,73,75
2697,169894499,169894500,169894683,1,183,42
2698,169894505,169894505,169894605,1,100,17
2699,169894523,169894524,169895157,1,633,35
2700,169894543,169894544,169894649,1,105,49
2701,169894547,169894547,169894550,1,3,52
2702,169894571,169894571,169894596,1,25,47
2703,169894585,169894585,169894603,1,18,70
2704,169894587,169894587,169894923,1,336,21
2705,169894605,169894607,169894625,1,18,55
2706,169894606,169894607,169894740,1,133,17
2707,169894610,169894610,169894662,1,52,159
2708,169894614,169894614,169894696,32,82,81
2709,169894615,169894615,169894621,2,6,37
2710,169894620,169894620,169894691,32,71,147
2711,169894622,169894622,169894653,64,31,159
2712,169894626,169894627,169894638,1,11,23
2713,169894629,169894629,169894636,1,7,17
2714,169894629,169894629,169894696,1,67,130
2715,169894629,169894629,169894696,1,67,152
2716,169894629,169894629,169894699,1,70,57
2717,169894629,169894629,169894693,1,64,53
2718,169894629,169894629,169894692,1,63,53
2719,169894629,169894629,169894695,1,66,110
2720,169894629,169894629,169894696,1,67,53
2721,169894629,169894629,169894693,1,64,180
2722,169894629,169894629,169894700,1,71,117
2723,169894629,169894629,169894698,1,69,65
2724,169894629,169894629,169894694,1,65,48
2725,169894640,169894640,169895364,1,724,54
2726,169894647,169894647,169895370,1,723,46
2727,169894658,169894658,169894743,32,85,158
2728,169894662,169894662,169895013,32,351,32
2729,169894689,169894690,169894902,32,212,278
2730,169894719,169894719,169894803,32,84,81
2731,169894723,169894724,169894804,32,80,64
2732,169894724,169894724,169894803,1,79,145
2733,169894732,169894732,169894802,4,70,33
2734,169894732,169894732,169894795,4,63,34
2735,169894732,169894732,169894795,4,63,144
2736,169894732,169894732,169894802,4,70,34
2737,169894732,169894732,169894802,4,70,47
2738,169894732,169894732,169894811,4,79,63
2739,169894732,169894732,169894817,4,85,62
2740,169894732,169894732,169894816,4,84,74
2741,169894732,169894732,169894803,4,71,33
2742,169894732,169894732,169894803,4,71,33
2743,169894737,169894737,169894814,4,77,81
2744,169894737,169894737,169894817,4,80,161
2745,169894737,169894737,169894815,4,78,161
2746,169894737,169894737,169894819,4,82,132
2747,169894737,169894737,169894805,4,68,35
2748,169894737,169894737,169894805,4,68,34
2749,169894737,169894737,169894805,4,68,35
2750,169894737,169894737,169894817,4,80,75
2751,169894737,169894737,169894817,4,80,88
2752,169894737,169894737,169894815,4,78,88
2753,169894741,169894741,169894832,4,91,34
2754,169894741,169894741,169894833,4,92,90
2755,169894741,169894741,169894833,4,92,80
2756,169894741,169894741,169894833,4,92,80
2757,169894741,169894741,169894832,4,91,80
2758,169894741,169894741,169894832,4,91,79
2759,169894741,169894741,169894832,4,91,78
2760,169894741,169894741,169894832,4,91,77
2761,169894741,169894741,169894832,4,91,34
2762,169894741,169894741,169894832,4,91,43
2763,169894748,169894748,169895070,1,322,17
2764,169894850,169894850,169894943,1,93,99
2765,169894899,169894901,169894931,1,30,17
2766,169894909,169894909,169895290,32,381,319
2767,169894913,169894913,169894919,2,6,46
2768,169894943,169894943,169895415,8,472,120
2769,169894948,169894948,169894956,1,8,18
2770,169894955,169894955,169895586,24,631,175
2771,169894957,169894957,169894989,2,32,46
2772,169894965,169894965,169894982,2,17,36
2773,169894974,169894974,169894981,1,7,19
2774,169894982,169894983,169895659,2,676,21
2775,169895016,169895016,169896092,1,1076,46
2776,169895020,169895021,169895027,2,6,45
2777,169895072,169895072,169895796,1,724,16
2778,169895097,169895098,169895178,1,80,20
2779,169895154,169895154,169895165,2,11,32
2781,169895169,169895170,169895214,1,44,91
2785,169895227,169895228,169895260,1,32,51
2786,169895262,169895262,169895273,1,11,51
2787,169895282,169895282,169895646,1,364,39
2788,169895282,169895282,169895646,1,364,52
2789,169895294,169895294,169895949,1,655,25
2790,169895310,169895310,169895346,2,36,153
2791,169895422,169895422,169896174,8,752,148
2792,169895466,169895466,169895504,2,38,160
2793,169895547,169895548,169895631,32,83,190
2794,169895551,169895551,169895629,32,78,87
2795,169895640,169895640,169895908,1,268,42
2796,169895659,169895659,169895667,2,8,37
2797,169895676,169895676,169895709,2,33,23
2798,169895677,169895677,169895965,2,288,176
2799,169895702,169895702,169895785,32,83,190
2800,169895709,169895709,169895786,32,77,87
2801,169895710,169895710,169896432,1,722,38
2802,169895710,169895710,169896432,1,722,54
2803,169895760,169895760,169895768,1,8,22
2804,169895760,169895760,169896493,1,733,38
2805,169895760,169895760,169895768,1,8,18
2806,169895760,169895760,169896657,1,897,36
2807,169895760,169895760,169895768,1,8,18
2808,169895760,169895760,169895768,1,8,18
2809,169895760,169895760,169895768,1,8,18
2810,169895760,169895760,169895768,1,8,26
2811,169895760,169895760,169895768,1,8,18
2812,169895760,169895760,169895768,1,8,18
2813,169895760,169895760,169895768,1,8,18
2814,169895760,169895760,169895768,1,8,17
2815,169895760,169895760,169895768,1,8,21
2816,169895760,169895760,169895768,1,8,22
2817,169895760,169895760,169895768,1,8,16
2818,169895760,169895760,169895768,1,8,18
2819,169895760,169895760,169895768,1,8,21
2820,169895760,169895760,169895768,1,8,21
2821,169895760,169895760,169895768,1,8,16
2822,169895760,169895760,169895768,1,8,16
2823,169895760,169895760,169895768,1,8,16
2824,169895760,169895760,169895768,1,8,17
2825,169895760,169895760,169895768,1,8,17
2826,169895760,169895760,169895768,1,8,18
2827,169895760,169895760,169895768,1,8,17
2828,169895760,169895760,169895768,1,8,18
2829,169895760,169895760,169895768,1,8,19
2830,169895760,169895760,169895768,1,8,18
2831,169895760,169895760,169895768,1,8,18
2832,169895760,169895760,169895768,1,8,16
2833,169895760,169895760,169895768,1,8,18
2834,169895760,169895760,169895768,1,8,22
2835,169895760,169895760,169895768,1,8,22
2836,169895760,169895760,169895768,1,8,22
2837,169895760,169895760,169895768,1,8,22
2838,169895760,169895760,169895768,1,8,35
3623,169895761,169896659,169896667,1,8,18
3624,169895761,169896659,169896667,1,8,26
3625,169895761,169896659,169896667,1,8,42
3626,169895761,169896659,169896667,1,8,49
3627,169895761,169896659,169896667,1,8,56
3628,169895761,169896659,169896667,1,8,102
3629,169895761,169896659,169896667,1,8,63
3630,169895761,169896659,169896667,1,8,101
3631,169895761,169896659,169896668,1,9,24
3632,169895761,169896660,169896668,1,8,27
3633,169895761,169896660,169896668,1,8,42
3634,169895761,169896660,169896668,1,8,43
3635,169895761,169896660,169896668,1,8,28
3636,169895761,169896660,169896668,1,8,46
3637,169895761,169896660,169896668,1,8,25
3638,169895761,169896660,169896668,1,8,20
3639,169895761,169896660,169896668,1,8,27
3640,169895761,169896660,169896668,1,8,26
3641,169895761,169896660,169896668,1,8,46
3642,169895761,169896660,169896668,1,8,62
3643,169895761,169896661,169896669,1,8,94
3644,169895761,169896665,169896674,1,9,16
3645,169895761,169896665,169896674,1,9,27
3646,169895761,169896665,169896674,1,9,19
3647,169895761,169896665,169896674,1,9,18
3648,169895761,169896665,169896674,1,9,26
3649,169895761,169896665,169896674,1,9,86
3650,169895761,169896665,169896674,1,9,91
3651,169895761,169896665,169896674,1,9,124
3652,169895761,169896665,169896674,1,9,17
3653,169895761,169896665,169896674,1,9,19
3654,169895761,169896665,169896674,1,9,38
3655,169895761,169896665,169896674,1,9,22
6833,169895763,169898375,169899195,1,820,35
6834,169895763,169898375,169898383,1,8,17
6835,169895763,169898375,169899012,1,637,29
6836,169895763,169898375,169898383,1,8,17
6837,169895763,169898375,169898383,1,8,21
6838,169895763,169898375,169898383,1,8,18
6839,169895763,169898375,169898383,1,8,123
6840,169895763,169898375,169898383,1,8,41
6841,169895763,169898375,169898383,1,8,123
6842,169895763,169898375,169898383,1,8,20
6843,169895763,169898375,169898383,1,8,17
6844,169895763,169898375,169898383,1,8,17
6845,169895763,169898375,169898383,1,8,17
6846,169895763,169898375,169898383,1,8,112
6847,169895763,169898375,169898383,1,8,83
6848,169895763,169898375,169898383,1,8,120
6849,169895763,169898375,169898383,1,8,63
6850,169895763,169898375,169898383,1,8,192
6851,169895763,169898375,169898383,1,8,124
6852,169895763,169898375,169898383,1,8,120
6853,169895763,169898375,169898383,1,8,125
6854,169895763,169898375,169898383,1,8,46
6855,169895763,169898375,169898383,1,8,42
6856,169895763,169898375,169898383,1,8,22
6857,169895763,169898375,169898383,1,8,43
6858,169895763,169898375,169898383,1,8,52
6859,169895763,169898375,169898383,1,8,53
6860,169895763,169898375,169898383,1,8,22
6861,169895763,169898375,169898383,1,8,61
6862,169895763,169898375,169898383,1,8,46
6863,169895763,169898375,169898383,1,8,18
6864,169895763,169898375,169898383,1,8,17
6865,169895763,169898375,169898383,1,8,42
6866,169895763,169898375,169898383,1,8,16
6867,169895763,169898375,169898383,1,8,21
7765,169895764,169899196,169899976,1,780,37
7766,169895764,169899196,169899204,1,8,18
7767,169895764,169899196,169900018,1,822,27
7768,169895764,169899196,169899204,1,8,27
7769,169895764,169899196,169899204,1,8,20
7770,169895764,169899196,169899204,1,8,17
7771,169895764,169899196,169899204,1,8,18
7772,169895764,169899196,169899205,1,9,27
7773,169895764,169899196,169899204,1,8,18
7774,169895764,169899196,169899204,1,8,16
7775,169895764,169899196,169899204,1,8,42
7776,169895764,169899196,169899204,1,8,17
7777,169895764,169899196,169899204,1,8,17
7778,169895764,169899196,169899204,1,8,22
7779,169895764,169899196,169899204,1,8,22
7780,169895764,169899196,169899204,1,8,17
7781,169895764,169899196,169899204,1,8,18
7782,169895764,169899196,169899204,1,8,43
7783,169895764,169899196,169899204,1,8,42
7784,169895764,169899196,169899204,1,8,22
7785,169895764,169899196,169899204,1,8,43
7786,169895764,169899196,169899204,1,8,42
7787,169895764,169899196,169899204,1,8,42
7788,169895764,169899196,169899204,1,8,42
7789,169895764,169899196,169899204,1,8,46
7790,169895764,169899196,169899204,1,8,17
7791,169895764,169899196,169899204,1,8,18
7792,169895764,169899196,169899204,1,8,42
7793,169895764,169899196,169899204,1,8,42
7794,169895764,169899196,169899204,1,8,19
7795,169895764,169899196,169899204,1,8,38
7796,169895764,169899196,169899204,1,8,42
7797,169895764,169899196,169899204,1,8,22
7798,169895764,169899196,169899204,1,8,42
7799,169895764,169899196,169899205,1,9,22
7827,169895764,169900019,169900974,1,955,157
7828,169895764,169900019,169900027,1,8,46
7829,169895764,169900019,169900836,1,817,27
7830,169895764,169900019,169900027,1,8,42
7831,169895764,169900019,169900027,1,8,22
7832,169895764,169900019,169900027,1,8,42
7833,169895764,169900019,169900027,1,8,17
7834,169895764,169900019,169900027,1,8,18
7835,169895764,169900019,169900027,1,8,42
7836,169895764,169900019,169900027,1,8,23
7837,169895764,169900019,169900027,1,8,23
7838,169895764,169900019,169900027,1,8,22
7839,169895764,169900019,169900027,1,8,26
7840,169895764,169900019,169900027,1,8,26
7841,169895764,169900019,169900027,1,8,23
7842,169895764,169900019,169900027,1,8,21
7843,169895764,169900019,169900027,1,8,43
7844,169895764,169900019,169900027,1,8,42
7845,169895764,169900019,169900027,1,8,22
7846,169895764,169900019,169900027,1,8,43
7847,169895764,169900019,169900027,1,8,42
7848,169895764,169900019,169900027,1,8,42
7849,169895764,169900019,169900027,1,8,42
7850,169895764,169900019,169900027,1,8,46
7851,169895764,169900019,169900027,1,8,17
7852,169895764,169900019,169900027,1,8,22
7853,169895764,169900019,169900027,1,8,20
7854,169895764,169900019,169900027,1,8,39
7855,169895764,169900019,169900027,1,8,22
7856,169895764,169900019,169900027,1,8,17
7857,169895764,169900019,169900027,1,8,82
7858,169895764,169900019,169900027,1,8,20
7859,169895764,169900019,169900027,1,8,19
7860,169895764,169900019,169900027,1,8,42
7861,169895764,169900019,169900027,1,8,55
8186,169895765,169900976,169901811,1,835,36
8187,169895765,169900976,169900984,1,8,142
8188,169895765,169900976,169901672,1,696,26
8189,169895765,169900976,169900984,1,8,18
8190,169895765,169900976,169900984,1,8,18
8191,169895765,169900976,169900984,1,8,42
8192,169895765,169900976,169900984,1,8,23
8193,169895765,169900976,169900984,1,8,17
8194,169895765,169900976,169900984,1,8,18
8195,169895765,169900976,169900984,1,8,17
8196,169895765,169900976,169900984,1,8,17
8197,169895765,169900976,169900985,1,9,17
8198,169895765,169900976,169900984,1,8,18
8199,169895765,169900976,169900984,1,8,41
8200,169895765,169900976,169900984,1,8,18
8201,169895765,169900976,169900984,1,8,18
8202,169895765,169900976,169900984,1,8,18
8203,169895765,169900976,169900984,1,8,17
8204,169895765,169900976,169900985,1,9,17
8205,169895765,169900976,169900984,1,8,123
8206,169895765,169900976,169900984,1,8,20
8207,169895765,169900976,169900984,1,8,122
8208,169895765,169900976,169900984,1,8,103
8209,169895765,169900976,169900984,1,8,19
8210,169895765,169900976,169900984,1,8,123
8211,169895765,169900976,169900984,1,8,41
8212,169895765,169900976,169900984,1,8,124
8213,169895765,169900976,169900984,1,8,17
8214,169895765,169900976,169900984,1,8,17
8215,169895765,169900976,169900984,1,8,18
8216,169895765,169900976,169900984,1,8,18
8217,169895765,169900976,169900984,1,8,18
8218,169895765,169900976,169900984,1,8,20
8219,169895765,169900976,169900984,1,8,18
8220,169895765,169900976,169900984,1,8,18
8414,169895765,169901813,169902694,1,881,37
8415,169895765,169901813,169901821,1,8,17
8416,169895765,169901813,169902484,1,671,26
8417,169895765,169901813,169901821,1,8,17
8418,169895765,169901813,169901821,1,8,17
8419,169895765,169901813,169901821,1,8,21
8420,169895765,169901813,169901821,1,8,17
8421,169895765,169901813,169901821,1,8,17
8422,169895765,169901813,169901821,1,8,26
8423,169895765,169901813,169901821,1,8,29
8424,169895765,169901813,169901821,1,8,17
8425,169895765,169901813,169901821,1,8,17
8426,169895765,169901813,169901821,1,8,17
8427,169895765,169901813,169901821,1,8,17
8428,169895765,169901813,169901821,1,8,17
8429,169895765,169901813,169901821,1,8,17
8430,169895765,169901813,169901821,1,8,17
8431,169895765,169901813,169901821,1,8,17
8432,169895765,169901813,169901821,1,8,25
8433,169895765,169901813,169901821,1,8,52
8434,169895765,169901813,169901821,1,8,43
8435,169895765,169901813,169901821,1,8,41
8436,169895765,169901813,169901821,1,8,76
8437,169895765,169901813,169901821,1,8,42
8438,169895765,169901813,169901821,1,8,111
8439,169895765,169901813,169901821,1,8,42
8440,169895765,169901813,169901821,1,8,92
8441,169895765,169901813,169901821,1,8,92
8442,169895765,169901813,169901821,1,8,42
8443,169895765,169901813,169901821,1,8,42
8444,169895765,169901813,169901821,1,8,42
8445,169895765,169901813,169901821,1,8,18
8446,169895765,169901813,169901821,1,8,18
8447,169895765,169901813,169901821,1,8,18
8448,169895765,169901813,169901821,1,8,18
8606,169895766,169902695,169903424,1,729,37
8607,169895766,169902695,169902704,1,9,17
8608,169895766,169902695,169903382,1,687,27
8609,169895766,169902695,169902704,1,9,17
8610,169895766,169902695,169902704,1,9,17
8611,169895766,169902695,169902703,1,8,17
8612,169895766,169902695,169902704,1,9,30
8613,169895766,169902695,169902704,1,9,21
8614,169895766,169902695,169902704,1,9,17
8615,169895766,169902695,169902703,1,8,16
8616,169895766,169902695,169902704,1,9,16
8617,169895766,169902695,169902704,1,9,16
8618,169895766,169902695,169902703,1,8,28
8619,169895766,169902695,169902703,1,8,17
8620,169895766,169902695,169902703,1,8,18
8621,169895766,169902695,169902704,1,9,18
8622,169895766,169902695,169902704,1,9,20
8623,169895766,169902695,169902704,1,9,123
8624,169895766,169902695,169902704,1,9,123
8625,169895766,169902695,169902704,1,9,117
8626,169895766,169902695,169902704,1,9,20
8627,169895766,169902695,169902704,1,9,117
8628,169895766,169902695,169902704,1,9,21
8629,169895766,169902695,169902704,1,9,22
8630,169895766,169902695,169902703,1,8,23
8631,169895766,169902695,169902704,1,9,16
8632,169895766,169902695,169902704,1,9,21
8633,169895766,169902695,169902704,1,9,46
8634,169895766,169902695,169902703,1,8,17
8635,169895766,169902695,169902704,1,9,28
8636,169895766,169902695,169902703,1,8,21
8637,169895766,169902695,169902704,1,9,37
8638,169895766,169902695,169902704,1,9,18
8639,169895766,169902695,169902703,1,8,20
8640,169895766,169902695,169902704,1,9,19
9092,169895767,169903426,169904312,1,886,37
9094,169895767,169903453,169903461,1,8,51
9095,169895767,169903453,169904101,1,648,62
9096,169895767,169903453,169903461,1,8,55
9097,169895767,169903453,169903461,1,8,71
9098,169895767,169903457,169903466,1,9,87
9099,169895767,169903457,169903466,1,9,18
9100,169895767,169903457,169903465,1,8,20
9101,169895767,169903458,169903466,1,8,18
9102,169895767,169903458,169903466,1,8,22
9103,169895767,169903458,169903466,1,8,18
9104,169895767,169903458,169903466,1,8,19
9105,169895767,169903458,169903466,1,8,20
9106,169895767,169903458,169903466,1,8,20
9107,169895767,169903459,169903467,1,8,19
9108,169895767,169903459,169903467,1,8,19
9109,169895767,169903459,169903467,1,8,23
9110,169895767,169903459,169903467,1,8,119
9111,169895767,169903459,169903467,1,8,21
9112,169895767,169903459,169903467,1,8,33
9113,169895767,169903459,169903467,1,8,21
9114,169895767,169903459,169903467,1,8,21
9115,169895767,169903459,169903467,1,8,35
9116,169895767,169903459,169903467,1,8,20
9117,169895767,169903459,169903467,1,8,20
9118,169895767,169903459,169903467,1,8,20
9119,169895767,169903459,169903467,1,8,20
9120,169895767,169903459,169903467,1,8,21
9121,169895767,169903459,169903467,1,8,86
9122,169895767,169903459,169903467,1,8,21
9123,169895767,169903459,169903467,1,8,100
9124,169895767,169903459,169903467,1,8,22
9125,169895767,169903459,169903467,1,8,21
9126,169895767,169903459,169903467,1,8,21
9127,169895767,169903459,169903467,1,8,76
2839,169895767,169906048,169906056,1,8,47
9397,169895767,169905455,169906007,1,552,28
9398,169895767,169905455,169905463,1,8,23
9404,169895767,169905576,169905588,1,12,23
9405,169895767,169905600,169905609,1,9,22
9409,169895767,169905612,169905620,1,8,22
9410,169895767,169905612,169905620,1,8,23
9411,169895767,169905624,169905632,1,8,22
9412,169895767,169905624,169905632,1,8,23
9413,169895767,169905636,169905644,1,8,25
9414,169895767,169905648,169905656,1,8,25
9416,169895767,169905661,169905668,1,7,22
9417,169895767,169905673,169905681,1,8,22
9419,169895767,169905685,169905693,1,8,22
9420,169895767,169905697,169905705,1,8,22
9421,169895767,169905709,169905717,1,8,22
9423,169895767,169905721,169905729,1,8,22
9424,169895767,169905733,169905741,1,8,22
9425,169895767,169905745,169905753,1,8,23
9426,169895767,169905757,169905765,1,8,24
9427,169895767,169905769,169905777,1,8,22
9428,169895767,169905781,169905789,1,8,22
9429,169895767,169905793,169905801,1,8,22
9430,169895767,169905806,169905813,1,7,22
9431,169895767,169905818,169905826,1,8,22
9432,169895767,169905830,169905840,1,10,28
9433,169895767,169905842,169905850,1,8,22
9434,169895767,169905854,169905865,1,11,22
9435,169895767,169905879,169905887,1,8,22
9436,169895767,169905891,169905899,1,8,22
9437,169895767,169905903,169906279,1,376,27
9438,169895767,169905988,169905997,1,9,47
9439,169895767,169906000,169906008,1,8,47
9440,169895767,169906012,169906020,1,8,47
9441,169895767,169906024,169906032,1,8,49
9442,169895767,169906036,169906044,1,8,47
2840,169895770,169895770,169896120,1,350,38
2841,169895801,169895801,169895889,32,88,190
2842,169895805,169895805,169895883,32,78,87
2843,169895837,169895837,169895872,5,35,29
2844,169895848,169895848,169895858,2,10,23
2845,169895858,169895858,169895891,2,33,22
2846,169895913,169895913,169895940,2,27,23
2847,169895927,169895927,169895932,2,5,22
2848,169895941,169895941,169895973,2,32,22
2849,169895943,169895943,169895955,2,12,55
2850,169895960,169895960,169896137,4,177,112
2851,169895960,169895960,169896143,4,183,81
2852,169895960,169895960,169896142,4,182,145
2853,169895960,169895960,169896145,4,185,56
2854,169895960,169895960,169896138,4,178,39
2855,169895960,169895960,169896137,4,177,81
2856,169895960,169895960,169896137,4,177,158
2857,169895960,169895960,169896137,4,177,144
2858,169895960,169895960,169896136,4,176,142
2859,169895960,169895960,169896137,4,177,142
2860,169895963,169895963,169896048,2,85,162
2861,169895966,169895966,169896103,4,137,57
2862,169895966,169895966,169896090,4,124,163
2863,169895966,169895966,169896109,4,143,79
2864,169895966,169895966,169896109,4,143,91
2865,169895966,169895966,169896107,4,141,92
2866,169895966,169895966,169896107,4,141,85
2867,169895966,169895966,169896107,4,141,94
2868,169895966,169895966,169896113,4,147,145
2869,169895966,169895966,169896111,4,145,97
2870,169895966,169895966,169896105,4,139,57
2871,169895968,169895968,169896112,4,144,175
2872,169895968,169895968,169896097,4,129,66
2873,169895968,169895968,169896116,4,148,38
2874,169895968,169895968,169896113,4,145,37
2875,169895968,169895968,169896115,4,147,40
2876,169895968,169895968,169896109,4,141,40
2877,169895968,169895968,169896115,4,147,40
2878,169895968,169895968,169896110,4,142,182
2879,169895968,169895968,169896119,4,151,171
2880,169895968,169895968,169896115,4,147,68
2881,169895982,169895982,169895995,2,13,132
2882,169895983,169895983,169895993,2,10,104
2883,169895983,169895983,169895991,2,8,143
2884,169895984,169895984,169895999,2,15,132
2885,169895985,169895985,169896000,2,15,76
2886,169895986,169895986,169896003,2,17,32
2887,169895986,169895986,169895995,2,9,39
2888,169895987,169895987,169895999,2,12,48
2889,169895988,169895988,169896006,2,18,27
2890,169895989,169895989,169896005,2,16,27
2891,169895990,169895990,169896003,2,13,31
2892,169895990,169895990,169896002,2,12,137
2893,169895991,169895991,169896006,2,15,53
2894,169895992,169895992,169896001,2,9,65
2895,169895993,169895994,169896006,2,12,22
2896,169895993,169895994,169896004,2,10,31
2897,169895996,169895997,169896720,1,723,33
2898,169896006,169896007,169896017,2,10,126
2899,169896007,169896007,169896019,2,12,110
2900,169896008,169896008,169896020,2,12,149
2901,169896009,169896009,169896022,2,13,132
2902,169896009,169896009,169896018,2,9,70
2903,169896010,169896010,169896020,2,10,32
2904,169896011,169896011,169896023,2,12,39
2905,169896011,169896012,169896026,2,14,54
2906,169896012,169896012,169896036,2,24,27
2907,169896013,169896013,169896036,2,23,27
2908,169896014,169896014,169896036,2,22,32
2909,169896015,169896015,169896027,2,12,137
2910,169896015,169896015,169896051,2,36,59
2911,169896016,169896016,169896026,2,10,65
2912,169896017,169896017,169896027,2,10,32
2913,169896030,169896031,169896047,2,16,143
2914,169896031,169896031,169896060,2,29,132
2915,169896032,169896032,169896057,2,25,76
2916,169896033,169896033,169896054,2,21,32
2917,169896050,169896050,169896091,2,41,128
2918,169896093,169896093,169896153,2,60,163
2919,169896098,169896098,169896123,1,25,21
2920,169896098,169896098,169896123,1,25,20
2921,169896098,169896099,169896123,1,24,146
2922,169896098,169896099,169896123,1,24,129
2923,169896135,169896135,169896148,2,13,61
2924,169896161,169896161,169896266,4,105,157
2925,169896166,169904223,169905953,1,1730,126
2926,169896167,169904406,169906249,1,1843,73
2927,169896167,169904411,169906268,1,1857,82
2928,169896168,169904514,169906368,1,1854,74
2929,169896168,169904514,169906272,1,1758,74
2930,169896169,169904514,169906110,1,1596,74
2931,169896170,169904514,169906282,1,1768,74
2932,169896170,169904514,169906041,1,1527,74
2933,169896171,169904514,169906273,1,1759,74
2934,169896171,169904514,169906277,1,1763,76
2935,169896171,169904514,169906122,1,1608,76
2936,169896172,169904514,169906303,1,1789,77
2937,169896172,169904514,169906295,1,1781,76
2938,169896173,169904514,169906210,1,1696,76
2939,169896173,169904514,169906248,1,1734,74
2940,169896173,169904514,169906198,1,1684,77
2941,169896174,169904514,169906184,1,1670,75
2942,169896174,169904514,169906324,1,1810,76
2943,169896175,169904514,169906290,1,1776,76
2944,169896175,169904514,169906059,1,1545,75
2945,169896176,169904514,169906100,1,1586,76
2946,169896176,169904514,169906092,1,1578,77
2947,169896176,169904514,169906317,1,1803,78
2948,169896177,169904514,169906267,1,1753,76
2949,169896177,169904514,169906289,1,1775,75
2950,169896179,169904514,169906269,1,1755,76
2951,169896179,169904514,169906311,1,1797,76
2952,169896179,169904514,169906132,1,1618,75
2953,169896180,169904514,169906195,1,1681,76
2954,169896180,169904514,169906266,1,1752,76
2955,169896181,169904514,169906156,1,1642,76
2956,169896181,169904514,169906311,1,1797,77
2957,169896181,169904514,169906080,1,1566,77
2958,169896182,169904514,169906126,1,1612,77
2959,169896182,169904514,169906288,1,1774,77
2960,169896183,169896183,169896362,8,179,45
2961,169896183,169904514,169906277,1,1763,76
2962,169896183,169904514,169906278,1,1764,77
2963,169896183,169904514,169906311,1,1797,77
2964,169896184,169904514,169906224,1,1710,76
2965,169896184,169904514,169906277,1,1763,77
2966,169896184,169904514,169906056,1,1542,78
2967,169896184,169904514,169906210,1,1696,77
2968,169896184,169904514,169906055,1,1541,79
2969,169896184,169904514,169906267,1,1753,77
2970,169896184,169904514,169906345,1,1831,78
2971,169896184,169904514,169906254,1,1740,120
2972,169896185,169904514,169906100,1,1586,77
2973,169896185,169904514,169906302,1,1788,78
2974,169896185,169904514,169906400,1,1886,137
2975,169896185,169904514,169906112,1,1598,188
2976,169896185,169904514,169906170,1,1656,140
2977,169896193,169896193,169896213,2,20,58
2978,169896215,169896215,169896342,4,127,68
2979,169896215,169896216,169896374,4,158,23
2980,169896215,169896216,169896392,4,176,24
2981,169896215,169896216,169896341,4,125,138
2982,169896215,169896216,169896374,4,158,49
2983,169896215,169896216,169896390,4,174,51
2984,169896215,169896216,169896341,4,125,54
2985,169896216,169896216,169896373,4,157,32
2986,169896216,169896216,169896390,4,174,74
2987,169896216,169896216,169896341,4,125,145
2988,169896216,169896216,169896371,4,155,130
2989,169896216,169896216,169896390,4,174,125
2990,169896216,169896216,169896341,4,125,129
2991,169896216,169896216,169896374,4,158,104
2992,169896216,169896216,169896389,4,173,150
2993,169896216,169896216,169896341,4,125,72
2994,169896216,169896216,169896372,4,156,74
2995,169896216,169896216,169896390,4,174,75
2996,169896216,169896216,169896340,4,124,66
2997,169896216,169896216,169896371,4,155,77
2998,169896216,169896216,169896390,4,174,31
2999,169896216,169896216,169896341,4,125,30
3000,169896216,169896216,169896371,4,155,33
3001,169896216,169896216,169896393,4,177,33
3002,169896216,169896216,169896315,4,99,33
3003,169896216,169896216,169896332,4,116,139
3004,169896216,169896216,169896336,4,120,90
3005,169896216,169896216,169896315,4,99,50
3006,169896216,169896216,169896332,4,116,50
3007,169896216,169896216,169896336,4,120,60
3008,169896216,169896216,169896317,4,101,139
3009,169896216,169896217,169896332,4,115,161
3010,169896216,169896217,169896337,4,120,55
3011,169896216,169896217,169896317,4,100,158
3012,169896216,169896217,169896333,4,116,143
3013,169896216,169896217,169896337,4,120,70
3014,169896216,169896217,169896315,4,98,28
3015,169896216,169896217,169896332,4,115,38
3016,169896216,169896217,169896336,4,119,29
3017,169896216,169896217,169896315,4,98,24
3018,169896216,169896217,169896332,4,115,153
3019,169896216,169896217,169896337,4,120,142
3020,169896217,169896217,169896317,4,100,152
3021,169896217,169896217,169896334,4,117,152
3022,169896217,169896217,169896338,4,121,140
3023,169896217,169896217,169896317,4,100,135
3024,169896217,169896217,169896334,4,117,36
3025,169896217,169896217,169896339,4,122,24
3026,169896217,169896217,169896312,4,95,24
3027,169896217,169896217,169896319,4,102,24
3028,169896217,169896217,169896323,4,106,24
3029,169896217,169896217,169896312,4,95,24
3030,169896217,169896217,169896319,4,102,24
3031,169896217,169896217,169896323,4,106,33
3032,169896217,169896217,169896312,4,95,45
3033,169896217,169896217,169896318,4,101,33
3034,169896217,169896217,169896323,4,106,33
3035,169896217,169896217,169896312,4,95,33
3036,169896217,169896217,169896318,4,101,107
3037,169896217,169896218,169896323,4,105,132
3038,169896217,169896218,169896313,4,95,145
3039,169896218,169896218,169896320,4,102,121
3040,169896218,169896218,169896323,4,105,132
3041,169896218,169896218,169896312,4,94,142
3042,169896218,169896218,169896319,4,101,73
3043,169896218,169896218,169896323,4,105,73
3044,169896218,169896218,169896312,4,94,73
3045,169896218,169896219,169896320,4,101,73
3046,169896218,169896219,169896323,4,104,67
3047,169896218,169896219,169896313,4,94,70
3048,169896218,169896219,169896320,4,101,32
3049,169896218,169896219,169896324,4,105,32
3050,169896218,169896219,169896314,4,95,46
3051,169896218,169896219,169896320,4,101,48
3052,169896218,169896219,169896321,4,102,24
3053,169896218,169896219,169896315,4,96,54
3054,169896218,169896219,169896320,4,101,46
3055,169896218,169896219,169896322,4,103,45
3056,169896218,169896219,169896315,4,96,47
3057,169896218,169896219,169896320,4,101,47
3058,169896218,169896219,169896322,4,103,47
3059,169896219,169896219,169896315,4,96,48
3060,169896219,169896219,169896320,4,101,84
3061,169896219,169896219,169896322,4,103,25
3062,169896219,169896219,169896315,4,96,25
3063,169896219,169896219,169896321,4,102,25
3064,169896219,169896219,169896321,4,102,25
3065,169896219,169896219,169896315,4,96,25
3066,169896219,169896219,169896320,4,101,151
3067,169896219,169896219,169896322,4,103,48
3068,169896219,169896219,169896316,4,97,60
3069,169896219,169896219,169896320,4,101,26
3070,169896219,169896219,169896322,4,103,70
3071,169896219,169896219,169896316,4,97,32
3072,169896219,169896219,169896320,4,101,40
3073,169896219,169896256,169896360,4,104,136
3074,169896219,169896314,169896440,4,126,73
3075,169896219,169896314,169896471,4,157,24
3076,169896219,169896314,169896490,4,176,45
3077,169896219,169896314,169896441,4,127,33
3078,169896219,169896314,169896469,4,155,133
3079,169896220,169896314,169896490,4,176,130
3080,169896220,169896317,169896442,4,125,145
3081,169896220,169896317,169896475,4,158,32
3082,169896220,169896317,169896498,4,181,70
3083,169896220,169896317,169896443,4,126,50
3084,169896220,169896318,169896475,4,157,24
3085,169896220,169896317,169896487,4,170,24
3086,169896220,169896318,169896441,4,123,47
3087,169896220,169896317,169896476,4,159,28
3088,169896220,169896318,169896487,4,169,50
3089,169896220,169896317,169896442,4,125,46
3090,169896220,169896317,169896475,4,158,53
3091,169896220,169896318,169896489,4,171,132
3092,169896220,169896318,169896442,4,124,144
3093,169896220,169896318,169896473,4,155,59
3094,169896220,169896319,169896495,4,176,88
3095,169896220,169896319,169896446,4,127,139
3096,169896220,169896319,169896476,4,157,123
3097,169896220,169896319,169896495,4,176,54
3098,169896221,169896319,169896419,4,100,53
3099,169896221,169896319,169896436,4,117,55
3100,169896221,169896319,169896441,4,122,159
3101,169896221,169896319,169896419,4,100,152
3102,169896221,169896319,169896436,4,117,53
3103,169896221,169896319,169896441,4,122,132
3104,169896221,169896322,169896422,4,100,24
3105,169896221,169896322,169896437,4,115,35
3106,169896221,169896322,169896442,4,120,107
3107,169896221,169896322,169896422,4,100,24
3108,169896221,169896322,169896437,4,115,33
3109,169896221,169896322,169896442,4,120,73
3110,169896221,169896322,169896422,4,100,73
3111,169896221,169896322,169896437,4,115,46
3112,169896221,169896322,169896442,4,120,135
3113,169896258,169896322,169896422,4,100,132
3293,169896277,169896471,169896612,4,141,99
3114,169896318,169896322,169896437,4,115,155
3115,169896318,169896324,169896444,4,120,106
3116,169896318,169896324,169896423,4,99,32
3117,169896318,169896324,169896439,4,115,45
3118,169896318,169896324,169896444,4,120,46
3119,169896318,169896324,169896424,4,100,77
3120,169896318,169896324,169896439,4,115,25
3121,169896319,169896324,169896445,4,121,24
3122,169896319,169896324,169896418,4,94,24
3123,169896319,169896324,169896426,4,102,46
3124,169896319,169896324,169896431,4,107,69
3125,169896319,169896324,169896419,4,95,34
3126,169896319,169896324,169896426,4,102,28
3127,169896319,169896324,169896429,4,105,150
3128,169896319,169896324,169896418,4,94,109
3129,169896319,169896325,169896426,4,101,132
3130,169896319,169896325,169896429,4,104,33
3131,169896319,169896325,169896419,4,94,46
3132,169896319,169896325,169896426,4,101,132
3133,169896319,169896325,169896431,4,106,73
3134,169896319,169896325,169896419,4,94,66
3135,169896319,169896326,169896426,4,100,45
3136,169896319,169896334,169896440,4,106,153
3137,169896319,169896334,169896428,4,94,93
3138,169896319,169896335,169896437,4,102,158
3139,169896319,169896335,169896440,4,105,38
3140,169896320,169896335,169896428,4,93,139
3141,169896320,169896335,169896437,4,102,143
3142,169896320,169896335,169896442,4,107,50
3143,169896320,169896337,169896431,4,94,152
3144,169896326,169896339,169896440,4,101,90
3145,169896326,169896339,169896444,4,105,60
3146,169896326,169896339,169896436,4,97,71
3147,169896326,169896339,169896441,4,102,30
3148,169896326,169896339,169896441,4,102,141
3149,169896326,169896339,169896436,4,97,135
3150,169896326,169896340,169896440,4,100,143
3151,169896326,169896342,169896445,4,103,61
3152,169896326,169896342,169896438,4,96,25
3153,169896326,169896342,169896444,4,102,73
3154,169896326,169896342,169896446,4,104,97
3155,169896326,169896343,169896440,4,97,144
3156,169896326,169896343,169896444,4,101,31
3157,169896326,169896343,169896446,4,103,139
3158,169896326,169896344,169896440,4,96,66
3159,169896327,169896344,169896444,4,100,140
3160,169896327,169896362,169896464,4,102,96
3161,169896327,169896363,169896461,4,98,137
3162,169896327,169896364,169896464,4,100,39
3163,169896327,169896373,169896476,4,103,69
3164,169896327,169896373,169896468,4,95,130
3165,169896327,169896373,169896474,4,101,110
3166,169896327,169896374,169896478,4,104,75
3167,169896327,169896375,169896470,4,95,77
3168,169896327,169896376,169896476,4,100,105
3169,169896327,169896376,169896477,4,101,33
3170,169896341,169896342,169896356,1,14,131
3171,169896396,169896443,169896464,4,21,65
3173,169896396,169896420,169896443,4,23,24
3174,169896396,169896420,169896443,4,23,24
3175,169896396,169896421,169896444,4,23,78
3176,169896396,169896421,169896443,4,22,65
3177,169896396,169896421,169896444,4,23,103
3178,169896396,169896421,169896443,4,22,146
3179,169896396,169896424,169896445,4,21,24
3180,169896396,169896424,169896445,4,21,72
3181,169896396,169896424,169896445,4,21,24
3182,169896396,169896424,169896445,4,21,132
3183,169896396,169896425,169896446,4,21,40
3184,169896396,169896425,169896446,4,21,32
3185,169896396,169896430,169896451,4,21,132
3186,169896396,169896430,169896451,4,21,93
3187,169896396,169896430,169896451,4,21,32
3188,169896396,169896430,169896451,4,21,45
3189,169896396,169896430,169896451,4,21,28
3190,169896396,169896430,169896451,4,21,77
3191,169896396,169896430,169896451,4,21,78
3192,169896396,169896431,169896452,4,21,139
3193,169896396,169896431,169896452,4,21,33
3194,169896396,169896432,169896453,4,21,152
3195,169896396,169896433,169896454,4,21,150
3196,169896396,169896433,169896454,4,21,73
3197,169896396,169896434,169896454,4,20,69
3198,169896396,169896438,169896459,4,21,70
3199,169896396,169896438,169896459,4,21,25
3200,169896396,169896438,169896459,4,21,135
3201,169896396,169896438,169896459,4,21,23
3202,169896396,169896440,169896460,4,20,33
3203,169896396,169896440,169896460,4,20,153
3204,169896396,169896440,169896461,4,21,155
3205,169896396,169896440,169896460,4,20,93
3206,169896396,169896440,169896460,4,20,45
3207,169896396,169896440,169896460,4,20,117
3208,169896396,169896441,169896462,4,21,25
3209,169896396,169896441,169896462,4,21,24
3210,169896396,169896441,169896462,4,21,73
3211,169896396,169896443,169896464,4,21,90
3172,169896402,169896420,169896788,1,368,45
3212,169896445,169896454,169896474,4,20,75
3213,169896445,169896446,169896466,4,20,66
3214,169896445,169896446,169896466,4,20,27
3215,169896445,169896446,169896466,4,20,20
3216,169896445,169896446,169896466,4,20,39
3217,169896445,169896446,169896466,4,20,102
3218,169896445,169896446,169896467,4,21,139
3219,169896445,169896446,169896466,4,20,67
3220,169896445,169896446,169896466,4,20,57
3221,169896445,169896446,169896466,4,20,46
3222,169896445,169896446,169896466,4,20,43
3223,169896445,169896446,169896466,4,20,146
3224,169896445,169896446,169896466,4,20,126
3225,169896445,169896446,169896466,4,20,132
3226,169896445,169896446,169896466,4,20,129
3227,169896445,169896446,169896466,4,20,45
3228,169896445,169896446,169896466,4,20,49
3229,169896445,169896447,169896468,4,21,60
3230,169896445,169896447,169896467,4,20,21
3231,169896445,169896447,169896468,4,21,31
3232,169896445,169896447,169896467,4,20,67
3233,169896445,169896447,169896467,4,20,20
3234,169896445,169896447,169896468,4,21,95
3235,169896445,169896447,169896468,4,21,129
3236,169896445,169896447,169896468,4,21,61
3237,169896445,169896447,169896467,4,20,113
3238,169896445,169896447,169896468,4,21,61
3239,169896445,169896447,169896468,4,21,46
3240,169896445,169896447,169896468,4,21,107
3241,169896445,169896447,169896468,4,21,133
3242,169896445,169896448,169896469,4,21,139
3243,169896445,169896448,169896469,4,21,127
3244,169896445,169896448,169896469,4,21,139
3245,169896445,169896449,169896469,4,20,40
3246,169896445,169896453,169896473,4,20,126
3247,169896445,169896453,169896474,4,21,47
3248,169896445,169896453,169896474,4,21,40
3249,169896445,169896453,169896474,4,21,39
3250,169896445,169896453,169896473,4,20,90
3251,169896445,169896454,169896474,4,20,26
3252,169896457,169896470,169896491,4,21,41
3253,169896457,169896462,169896486,4,24,27
3254,169896457,169896462,169896483,4,21,40
3255,169896457,169896462,169896487,4,25,109
3256,169896457,169896462,169896483,4,21,64
3257,169896457,169896462,169896483,4,21,20
3258,169896457,169896462,169896484,4,22,20
3259,169896457,169896462,169896483,4,21,132
3260,169896457,169896462,169896486,4,24,93
3261,169896457,169896462,169896484,4,22,20
3262,169896457,169896463,169896485,4,22,91
3263,169896457,169896463,169896489,4,26,133
3264,169896457,169896463,169896485,4,22,137
3265,169896457,169896464,169896487,4,23,31
3266,169896457,169896465,169896485,4,20,21
3267,169896457,169896465,169896489,4,24,84
3269,169896457,169896470,169896497,4,27,57
3270,169896457,169896470,169896492,4,22,27
3271,169896457,169896470,169896491,4,21,25
3272,169896457,169896470,169896490,4,20,39
3273,169896457,169896470,169896491,4,21,20
3274,169896457,169896470,169896495,4,25,66
3275,169896457,169896470,169896496,4,26,85
3276,169896457,169896470,169896496,4,26,44
3277,169896457,169896470,169896497,4,27,31
3278,169896457,169896470,169896497,4,27,20
3279,169896457,169896470,169896497,4,27,21
3280,169896457,169896470,169896494,4,24,27
3281,169896457,169896470,169896491,4,21,21
3282,169896457,169896470,169896490,4,20,23
3283,169896457,169896470,169896490,4,20,138
3284,169896457,169896470,169896491,4,21,149
3285,169896457,169896470,169896492,4,22,101
3286,169896457,169896470,169896492,4,22,139
3287,169896457,169896470,169896490,4,20,44
3288,169896457,169896470,169896490,4,20,44
3289,169896457,169896470,169896492,4,22,67
3290,169896457,169896470,169896492,4,22,57
3291,169896457,169896470,169896492,4,22,67
3292,169896457,169896470,169896496,4,26,129
3268,169896469,169896470,169896505,3,35,165
3294,169896475,169896493,169896514,4,21,39
3295,169896475,169896476,169896496,4,20,26
3296,169896475,169896476,169896497,4,21,90
3297,169896475,169896476,169896496,4,20,126
3298,169896475,169896476,169896497,4,21,53
3299,169896475,169896477,169896498,4,21,71
3300,169896475,169896477,169896497,4,20,26
3301,169896475,169896477,169896498,4,21,53
3302,169896475,169896477,169896498,4,21,71
3303,169896475,169896477,169896500,4,23,110
3304,169896475,169896477,169896498,4,21,43
3305,169896475,169896477,169896500,4,23,23
3306,169896475,169896477,169896499,4,22,39
3307,169896475,169896477,169896500,4,23,60
3308,169896475,169896478,169896500,4,22,105
3309,169896475,169896478,169896499,4,21,123
3310,169896475,169896478,169896499,4,21,28
3311,169896475,169896480,169896502,4,22,69
3312,169896475,169896480,169896502,4,22,33
3313,169896475,169896480,169896504,4,24,69
3314,169896475,169896486,169896506,4,20,40
3315,169896475,169896486,169896506,4,20,64
3316,169896475,169896486,169896506,4,20,20
3317,169896475,169896486,169896506,4,20,21
3318,169896475,169896486,169896507,4,21,132
3319,169896475,169896488,169896509,4,21,26
3320,169896475,169896488,169896508,4,20,21
3321,169896475,169896488,169896508,4,20,101
3322,169896475,169896488,169896511,4,23,137
3323,169896475,169896488,169896508,4,20,21
3324,169896475,169896489,169896509,4,20,93
3325,169896475,169896491,169896516,4,25,87
3326,169896475,169896491,169896512,4,21,109
3327,169896475,169896491,169896515,4,24,24
3328,169896475,169896491,169896515,4,24,132
3329,169896475,169896491,169896514,4,23,49
3330,169896475,169896492,169896517,4,25,39
3331,169896475,169896492,169896515,4,23,40
3332,169896475,169896492,169896516,4,24,141
3333,169896475,169896492,169896513,4,21,133
3334,169896494,169896508,169896530,4,22,40
3335,169896494,169896494,169896515,4,21,67
3336,169896494,169896494,169896517,4,23,139
3337,169896494,169896494,169896515,4,21,41
3338,169896494,169896494,169896519,4,25,108
3339,169896494,169896494,169896515,4,21,104
3340,169896494,169896494,169896515,4,21,27
3341,169896494,169896494,169896516,4,22,57
3342,169896494,169896494,169896516,4,22,83
3343,169896494,169896499,169896521,4,22,66
3344,169896494,169896499,169896525,4,26,75
3345,169896494,169896499,169896521,4,22,126
3346,169896494,169896499,169896524,4,25,38
3347,169896494,169896499,169896521,4,22,30
3348,169896494,169896499,169896520,4,21,26
3349,169896494,169896499,169896521,4,22,21
3350,169896494,169896499,169896521,4,22,27
3351,169896494,169896499,169896521,4,22,85
3352,169896494,169896499,169896526,4,27,47
3353,169896494,169896499,169896521,4,22,129
3354,169896494,169896499,169896524,4,25,29
3355,169896494,169896499,169896521,4,22,54
3356,169896494,169896501,169896523,4,22,65
3357,169896494,169896501,169896526,4,25,23
3358,169896494,169896501,169896523,4,22,90
3359,169896494,169896501,169896522,4,21,64
3360,169896494,169896501,169896522,4,21,20
3361,169896494,169896501,169896523,4,22,57
3362,169896494,169896501,169896527,4,26,48
3363,169896494,169896501,169896524,4,23,73
3364,169896494,169896501,169896526,4,25,71
3365,169896494,169896501,169896527,4,26,118
3366,169896494,169896501,169896526,4,25,52
3367,169896494,169896502,169896523,4,21,67
3368,169896494,169896502,169896526,4,24,28
3369,169896494,169896503,169896525,4,22,99
3370,169896494,169896503,169896528,4,25,24
3371,169896494,169896504,169896526,4,22,69
3372,169896494,169896504,169896526,4,22,30
3373,169896494,169896506,169896528,4,22,69
3374,169896512,169896529,169896556,4,27,23
3375,169896512,169896513,169896535,4,22,137
3376,169896512,169896516,169896539,4,23,109
3377,169896512,169896516,169896540,4,24,39
3378,169896512,169896516,169896539,4,23,134
3379,169896512,169896516,169896539,4,23,83
3380,169896512,169896516,169896542,4,26,104
3381,169896512,169896517,169896539,4,22,67
3382,169896512,169896517,169896545,4,28,21
3383,169896512,169896517,169896544,4,27,40
3384,169896512,169896517,169896542,4,25,97
3385,169896512,169896517,169896540,4,23,57
3386,169896512,169896517,169896540,4,23,104
3387,169896512,169896518,169896541,4,23,88
3388,169896512,169896518,169896540,4,22,94
3389,169896512,169896518,169896540,4,22,65
3390,169896512,169896518,169896545,4,27,43
3391,169896512,169896519,169896541,4,22,133
3392,169896512,169896520,169896542,4,22,139
3393,169896512,169896522,169896545,4,23,21
3394,169896512,169896522,169896547,4,25,67
3395,169896512,169896522,169896550,4,28,25
3396,169896512,169896524,169896547,4,23,126
3397,169896512,169896524,169896547,4,23,85
3398,169896512,169896524,169896547,4,23,66
3400,169896512,169896524,169896547,4,23,27
3401,169896512,169896524,169896546,4,22,126
3402,169896512,169896524,169896546,4,22,64
3403,169896512,169896524,169896548,4,24,26
3404,169896512,169896524,169896547,4,23,130
3405,169896512,169896525,169896548,4,23,90
3406,169896512,169896525,169896551,4,26,40
3407,169896512,169896526,169896550,4,24,67
3408,169896512,169896526,169896549,4,23,30
3409,169896512,169896526,169896548,4,22,57
3410,169896512,169896526,169896548,4,22,30
3411,169896512,169896526,169896548,4,22,75
3412,169896512,169896529,169896551,4,22,99
3413,169896512,169896529,169896551,4,22,51
3399,169896526,169896556,169896582,4,26,58
3414,169896560,169896560,169896585,4,25,64
3415,169896560,169896560,169896582,4,22,99
3416,169896560,169896560,169896583,4,23,130
3417,169896560,169896560,169896582,4,22,49
3418,169896560,169896560,169896587,4,27,57
3419,169896560,169896560,169896583,4,23,25
3420,169896560,169896560,169896582,4,22,109
3421,169896560,169896560,169896582,4,22,137
3422,169896560,169896560,169896583,4,23,118
3423,169896560,169896560,169896583,4,23,38
3424,169896560,169896560,169896582,4,22,27
3425,169896560,169896560,169896582,4,22,20
3426,169896560,169896560,169896582,4,22,27
3427,169896560,169896560,169896582,4,22,30
3428,169896560,169896560,169896583,4,23,65
3429,169896560,169896560,169896583,4,23,21
3430,169896560,169896560,169896582,4,22,66
3431,169896560,169896560,169896586,4,26,69
3432,169896560,169896560,169896582,4,22,66
3433,169896560,169896560,169896582,4,22,21
3434,169896560,169896560,169896583,4,23,39
3435,169896560,169896560,169896582,4,22,27
3436,169896560,169896560,169896582,4,22,102
3437,169896560,169896560,169896582,4,22,101
3438,169896560,169896560,169896585,4,25,139
3439,169896560,169896560,169896582,4,22,90
3440,169896560,169896560,169896586,4,26,54
3441,169896560,169896560,169896587,4,27,47
3442,169896560,169896560,169896582,4,22,39
3443,169896560,169896560,169896584,4,24,40
3444,169896560,169896560,169896583,4,23,43
3445,169896560,169896560,169896582,4,22,67
3446,169896560,169896560,169896582,4,22,53
3447,169896560,169896560,169896585,4,25,57
3448,169896560,169896560,169896585,4,25,67
3449,169896560,169896560,169896583,4,23,26
3450,169896560,169896560,169896587,4,27,39
3451,169896560,169896560,169896583,4,23,23
3452,169896560,169896560,169896588,4,28,20
3453,169896560,169896560,169896582,4,22,38
3454,169896566,169896588,169896611,4,23,69
3455,169896566,169896568,169896594,4,26,40
3456,169896566,169896568,169896596,4,28,20
3457,169896566,169896568,169896590,4,22,47
3458,169896566,169896568,169896590,4,22,130
3459,169896566,169896568,169896591,4,23,129
3460,169896566,169896568,169896591,4,23,20
3461,169896566,169896568,169896595,4,27,78
3462,169896566,169896568,169896590,4,22,22
3463,169896566,169896568,169896591,4,23,20
3465,169896566,169896584,169896606,4,22,99
3466,169896566,169896584,169896606,4,22,90
3467,169896566,169896584,169896606,4,22,30
3468,169896566,169896584,169896609,4,25,137
3469,169896566,169896584,169896606,4,22,66
3470,169896566,169896584,169896606,4,22,27
3471,169896566,169896584,169896606,4,22,30
3472,169896566,169896584,169896606,4,22,67
3473,169896566,169896584,169896606,4,22,53
3474,169896566,169896584,169896606,4,22,102
3475,169896566,169896584,169896606,4,22,101
3476,169896566,169896584,169896606,4,22,21
3477,169896566,169896584,169896607,4,23,39
3478,169896566,169896584,169896606,4,22,133
3479,169896566,169896584,169896611,4,27,47
3480,169896566,169896584,169896610,4,26,91
3481,169896566,169896584,169896606,4,22,75
3482,169896566,169896584,169896606,4,22,39
3483,169896566,169896584,169896606,4,22,25
3484,169896566,169896584,169896606,4,22,57
3485,169896566,169896584,169896610,4,26,109
3486,169896566,169896586,169896609,4,23,26
3487,169896566,169896586,169896609,4,23,23
3488,169896566,169896586,169896610,4,24,40
3489,169896566,169896586,169896609,4,23,43
3490,169896566,169896586,169896609,4,23,118
3491,169896566,169896586,169896609,4,23,38
3492,169896566,169896586,169896609,4,23,65
3493,169896566,169896586,169896609,4,23,21
3494,169896566,169896588,169896610,4,22,139
3464,169896573,169896573,169896622,2,49,58
3495,169896591,169896611,169896635,4,24,26
3496,169896591,169896592,169896615,4,23,57
3497,169896591,169896592,169896615,4,23,48
3498,169896591,169896592,169896615,4,23,47
3499,169896591,169896592,169896616,4,24,39
3500,169896591,169896592,169896616,4,24,20
3501,169896591,169896592,169896614,4,22,57
3502,169896591,169896592,169896614,4,22,61
3503,169896591,169896592,169896614,4,22,64
3504,169896591,169896592,169896614,4,22,130
3505,169896591,169896592,169896615,4,23,126
3506,169896591,169896592,169896615,4,23,66
3507,169896591,169896592,169896615,4,23,41
3508,169896591,169896592,169896614,4,22,22
3509,169896591,169896592,169896615,4,23,47
3510,169896591,169896593,169896620,4,27,33
3511,169896591,169896593,169896616,4,23,129
3512,169896591,169896596,169896619,4,23,27
3513,169896591,169896597,169896621,4,24,79
3514,169896591,169896598,169896622,4,24,20
3515,169896591,169896607,169896630,4,23,99
3516,169896591,169896607,169896633,4,26,102
3517,169896591,169896607,169896631,4,24,49
3518,169896591,169896607,169896633,4,26,27
3519,169896591,169896607,169896634,4,27,20
3520,169896591,169896608,169896635,4,27,100
3521,169896591,169896608,169896630,4,22,73
3522,169896591,169896608,169896634,4,26,53
3523,169896591,169896608,169896631,4,23,88
3524,169896591,169896608,169896631,4,23,83
3525,169896591,169896608,169896631,4,23,62
3526,169896591,169896608,169896631,4,23,30
3527,169896591,169896608,169896631,4,23,39
3528,169896591,169896608,169896631,4,23,133
3529,169896591,169896608,169896631,4,23,90
3530,169896591,169896608,169896632,4,24,39
3531,169896591,169896608,169896632,4,24,57
3532,169896591,169896611,169896639,4,28,20
3533,169896591,169896611,169896633,4,22,46
3534,169896591,169896611,169896635,4,24,40
3535,169896615,169896636,169896658,4,22,27
3536,169896615,169896617,169896639,4,22,49
3537,169896615,169896617,169896638,4,21,139
3538,169896615,169896617,169896640,4,23,65
3539,169896615,169896617,169896643,4,26,47
3540,169896615,169896617,169896643,4,26,82
3541,169896615,169896617,169896639,4,22,20
3542,169896615,169896617,169896639,4,22,137
3543,169896615,169896617,169896639,4,22,44
3544,169896615,169896617,169896639,4,22,23
3545,169896615,169896617,169896639,4,22,118
3546,169896615,169896617,169896640,4,23,38
3547,169896615,169896617,169896639,4,22,57
3548,169896615,169896617,169896639,4,22,61
3549,169896615,169896617,169896639,4,22,130
3550,169896615,169896617,169896639,4,22,64
3551,169896615,169896617,169896644,4,27,34
3552,169896615,169896617,169896642,4,25,47
3553,169896615,169896617,169896639,4,22,126
3554,169896615,169896617,169896643,4,26,49
3555,169896615,169896617,169896638,4,21,40
3556,169896615,169896617,169896643,4,26,56
3557,169896615,169896617,169896639,4,22,66
3558,169896615,169896617,169896640,4,23,48
3559,169896615,169896618,169896640,4,22,57
3560,169896615,169896618,169896646,4,28,29
3561,169896615,169896618,169896640,4,22,130
3562,169896615,169896622,169896647,4,25,84
3563,169896615,169896622,169896645,4,23,39
3564,169896615,169896623,169896645,4,22,41
3565,169896615,169896623,169896648,4,25,20
3566,169896615,169896632,169896654,4,22,99
3567,169896615,169896632,169896658,4,26,62
3568,169896615,169896632,169896654,4,22,73
3569,169896615,169896632,169896655,4,23,79
3570,169896615,169896632,169896657,4,25,49
3571,169896615,169896633,169896655,4,22,88
3572,169896615,169896635,169896657,4,22,102
3573,169896615,169896635,169896657,4,22,22
3574,169896615,169896636,169896657,4,21,46
3575,169896636,169896636,169896646,5,10,27
3576,169896639,169896648,169896670,4,22,24
3577,169896639,169896641,169896663,4,22,130
3578,169896639,169896641,169896663,4,22,63
3579,169896639,169896641,169896667,4,26,20
3580,169896639,169896641,169896663,4,22,20
3581,169896639,169896641,169896664,4,23,26
3582,169896639,169896641,169896668,4,27,20
3583,169896639,169896641,169896663,4,22,137
3584,169896639,169896641,169896663,4,22,90
3585,169896639,169896641,169896663,4,22,139
3586,169896639,169896641,169896669,4,28,42
3587,169896639,169896641,169896663,4,22,67
3588,169896639,169896641,169896666,4,25,57
3589,169896639,169896641,169896663,4,22,61
3590,169896639,169896641,169896666,4,25,64
3591,169896639,169896641,169896663,4,22,130
3592,169896639,169896641,169896665,4,24,126
3593,169896639,169896641,169896667,4,26,40
3594,169896639,169896641,169896663,4,22,30
3595,169896639,169896641,169896664,4,23,41
3596,169896639,169896641,169896663,4,22,38
3597,169896639,169896641,169896664,4,23,26
3598,169896639,169896641,169896663,4,22,40
3599,169896639,169896642,169896665,4,23,23
3600,169896639,169896642,169896664,4,22,49
3601,169896639,169896642,169896669,4,27,120
3602,169896639,169896642,169896664,4,22,41
3603,169896639,169896642,169896664,4,22,62
3604,169896639,169896642,169896665,4,23,64
3605,169896639,169896642,169896664,4,22,130
3606,169896639,169896644,169896666,4,22,47
3607,169896639,169896645,169896667,4,22,69
3608,169896639,169896645,169896668,4,23,47
3609,169896639,169896645,169896668,4,23,49
3610,169896639,169896645,169896668,4,23,47
3611,169896639,169896647,169896670,4,23,22
3612,169896639,169896647,169896670,4,23,57
3613,169896639,169896648,169896671,4,23,29
3614,169896639,169896648,169896670,4,22,41
3615,169896639,169896648,169896671,4,23,27
3616,169896651,169896672,169896694,4,22,64
3617,169896651,169896651,169896674,4,23,30
3618,169896651,169896655,169896677,4,22,73
3619,169896651,169896655,169896678,4,23,28
3620,169896651,169896656,169896678,4,22,99
3621,169896651,169896656,169896680,4,24,88
3656,169896651,169896665,169896688,4,23,130
3657,169896651,169896665,169896688,4,23,63
3658,169896651,169896665,169896687,4,22,20
3659,169896651,169896665,169896687,4,22,139
3660,169896651,169896665,169896687,4,22,137
3661,169896651,169896665,169896688,4,23,90
3662,169896651,169896665,169896687,4,22,67
3663,169896651,169896665,169896687,4,22,58
3664,169896651,169896665,169896687,4,22,22
3665,169896651,169896666,169896688,4,22,26
3666,169896651,169896666,169896688,4,22,40
3667,169896651,169896666,169896689,4,23,51
3668,169896651,169896666,169896692,4,26,39
3669,169896651,169896667,169896688,4,21,23
3670,169896651,169896667,169896689,4,22,57
3671,169896651,169896667,169896688,4,21,130
3672,169896651,169896667,169896697,4,30,62
3673,169896651,169896667,169896689,4,22,64
3674,169896651,169896669,169896691,4,22,126
3675,169896651,169896669,169896691,4,22,49
3676,169896651,169896669,169896691,4,22,57
3677,169896651,169896669,169896698,4,29,47
3678,169896651,169896669,169896692,4,23,49
3679,169896651,169896669,169896691,4,22,64
3680,169896651,169896672,169896695,4,23,47
3681,169896651,169896672,169896694,4,22,27
3682,169896651,169896672,169896694,4,22,46
3683,169896651,169896672,169896695,4,23,42
3684,169896651,169896672,169896694,4,22,69
3685,169896651,169896672,169896700,4,28,55
3686,169896651,169896672,169896700,4,28,20
3687,169896651,169896672,169896695,4,23,20
3688,169896651,169896672,169896696,4,24,40
3689,169896651,169896672,169896695,4,23,118
3622,169896657,169896659,169896678,5,19,27
3690,169896676,169896696,169896718,4,22,46
3691,169896676,169896676,169896698,4,22,43
3692,169896676,169896676,169896697,4,21,27
3693,169896676,169896676,169896699,4,23,26
3694,169896676,169896676,169896701,4,25,27
3695,169896676,169896676,169896697,4,21,29
3696,169896676,169896676,169896697,4,21,120
3697,169896676,169896676,169896698,4,22,57
3698,169896676,169896676,169896698,4,22,21
3699,169896676,169896676,169896703,4,27,25
3700,169896676,169896676,169896697,4,21,38
3701,169896676,169896676,169896697,4,21,89
3702,169896676,169896679,169896700,4,21,73
3703,169896676,169896680,169896702,4,22,28
3704,169896676,169896681,169896702,4,21,39
3705,169896676,169896681,169896702,4,21,99
3707,169896676,169896685,169896709,4,24,51
3708,169896676,169896689,169896711,4,22,130
3709,169896676,169896689,169896711,4,22,63
3710,169896676,169896689,169896711,4,22,19
3711,169896676,169896689,169896711,4,22,139
3712,169896676,169896689,169896711,4,22,137
3713,169896676,169896689,169896711,4,22,67
3714,169896676,169896689,169896711,4,22,58
3715,169896676,169896689,169896712,4,23,24
3716,169896676,169896690,169896712,4,22,40
3717,169896676,169896690,169896712,4,22,90
3718,169896676,169896690,169896713,4,23,23
3719,169896676,169896690,169896712,4,22,40
3720,169896676,169896690,169896712,4,22,62
3721,169896676,169896691,169896713,4,22,130
3722,169896676,169896691,169896713,4,22,52
3723,169896676,169896691,169896713,4,22,64
3724,169896676,169896693,169896714,4,21,64
3725,169896676,169896693,169896714,4,21,126
3726,169896676,169896693,169896715,4,22,57
3727,169896676,169896693,169896715,4,22,52
3728,169896676,169896693,169896715,4,22,57
3729,169896676,169896696,169896718,4,22,27
3730,169896676,169896696,169896718,4,22,69
3706,169896681,169896681,169896697,5,16,88
3731,169896700,169896716,169896738,4,22,126
3732,169896700,169896700,169896723,4,23,65
3733,169896700,169896700,169896722,4,22,27
3734,169896700,169896700,169896722,4,22,86
3735,169896700,169896700,169896723,4,23,39
3736,169896700,169896700,169896729,4,29,47
3737,169896700,169896700,169896723,4,23,42
3738,169896700,169896700,169896728,4,28,43
3739,169896700,169896700,169896723,4,23,118
3740,169896700,169896700,169896728,4,28,26
3741,169896700,169896700,169896722,4,22,27
3742,169896700,169896700,169896723,4,23,20
3743,169896700,169896700,169896722,4,22,120
3744,169896700,169896700,169896722,4,22,44
3745,169896700,169896700,169896723,4,23,30
3746,169896700,169896700,169896723,4,23,57
3747,169896700,169896700,169896723,4,23,64
3748,169896700,169896700,169896723,4,23,30
3749,169896700,169896701,169896724,4,23,43
3750,169896700,169896701,169896723,4,22,45
3751,169896700,169896703,169896727,4,24,21
3752,169896700,169896703,169896725,4,22,73
3753,169896700,169896703,169896726,4,23,55
3754,169896700,169896703,169896725,4,22,28
3755,169896700,169896703,169896728,4,25,21
3756,169896700,169896704,169896725,4,21,99
3757,169896700,169896704,169896726,4,22,39
3758,169896700,169896705,169896727,4,22,41
3760,169896700,169896713,169896735,4,22,130
3761,169896700,169896713,169896735,4,22,63
3762,169896700,169896713,169896735,4,22,139
3763,169896700,169896713,169896735,4,22,20
3764,169896700,169896713,169896735,4,22,138
3765,169896700,169896713,169896736,4,23,58
3766,169896700,169896713,169896735,4,22,40
3767,169896700,169896713,169896735,4,22,25
3768,169896700,169896714,169896737,4,23,90
3769,169896700,169896714,169896735,4,21,29
3770,169896700,169896714,169896737,4,23,48
3771,169896700,169896714,169896737,4,23,62
3759,169896706,169896713,169896721,5,8,67
3772,169896718,169896736,169896759,4,23,139
3773,169896718,169896720,169896743,4,23,57
3774,169896718,169896720,169896742,4,22,27
3775,169896718,169896720,169896743,4,23,23
3776,169896718,169896720,169896742,4,22,49
3777,169896718,169896720,169896742,4,22,57
3778,169896718,169896720,169896743,4,23,52
3779,169896718,169896720,169896742,4,22,64
3780,169896718,169896720,169896743,4,23,130
3781,169896718,169896720,169896743,4,23,46
3782,169896718,169896720,169896742,4,22,46
3783,169896718,169896720,169896744,4,24,69
3784,169896718,169896724,169896747,4,23,47
3785,169896718,169896724,169896746,4,22,27
3786,169896718,169896724,169896747,4,23,27
3787,169896718,169896724,169896746,4,22,68
3788,169896718,169896724,169896747,4,23,120
3789,169896718,169896724,169896748,4,24,30
3790,169896718,169896724,169896747,4,23,76
3791,169896718,169896724,169896747,4,23,21
3792,169896718,169896724,169896747,4,23,64
3793,169896718,169896725,169896748,4,23,65
3794,169896718,169896725,169896749,4,24,21
3795,169896718,169896725,169896748,4,23,53
3796,169896718,169896725,169896749,4,24,39
3797,169896718,169896725,169896749,4,24,59
3798,169896718,169896725,169896752,4,27,39
3799,169896718,169896725,169896749,4,24,38
3800,169896718,169896726,169896755,4,29,118
3801,169896718,169896727,169896749,4,22,73
3802,169896718,169896727,169896750,4,23,99
3803,169896718,169896727,169896750,4,23,43
3804,169896718,169896728,169896750,4,22,93
3805,169896718,169896729,169896753,4,24,21
3806,169896718,169896729,169896753,4,24,56
3807,169896718,169896729,169896752,4,23,22
3808,169896718,169896730,169896754,4,24,26
3809,169896718,169896730,169896753,4,23,20
3810,169896718,169896730,169896754,4,24,43
3811,169896718,169896730,169896753,4,23,21
3812,169896736,169896752,169896773,4,21,99
3813,169896736,169896736,169896758,4,22,100
3814,169896736,169896737,169896760,4,23,130
3815,169896736,169896737,169896759,4,22,63
3816,169896736,169896737,169896760,4,23,20
3817,169896736,169896737,169896759,4,22,137
3818,169896736,169896737,169896759,4,22,58
3819,169896736,169896737,169896760,4,23,40
3820,169896736,169896737,169896759,4,22,20
3821,169896736,169896739,169896761,4,22,90
3822,169896736,169896739,169896761,4,22,31
3823,169896736,169896739,169896761,4,22,62
3824,169896736,169896740,169896761,4,21,126
3825,169896736,169896744,169896766,4,22,27
3826,169896736,169896744,169896766,4,22,46
3827,169896736,169896744,169896766,4,22,49
3828,169896736,169896744,169896766,4,22,57
3829,169896736,169896744,169896767,4,23,57
3830,169896736,169896744,169896767,4,23,64
3831,169896736,169896745,169896767,4,22,51
3832,169896736,169896745,169896767,4,22,57
3833,169896736,169896745,169896768,4,23,23
3834,169896736,169896745,169896767,4,22,129
3835,169896736,169896746,169896768,4,22,69
3836,169896736,169896750,169896771,4,21,27
3837,169896736,169896750,169896772,4,22,65
3838,169896736,169896750,169896771,4,21,68
3839,169896736,169896750,169896772,4,22,79
3840,169896736,169896750,169896772,4,22,27
3841,169896736,169896750,169896772,4,22,20
3842,169896736,169896750,169896772,4,22,120
3843,169896736,169896750,169896772,4,22,44
3844,169896736,169896750,169896772,4,22,40
3845,169896736,169896750,169896772,4,22,64
3846,169896736,169896750,169896772,4,22,45
3847,169896736,169896751,169896778,4,27,41
3848,169896736,169896751,169896773,4,22,73
3849,169896736,169896751,169896772,4,21,38
3850,169896736,169896751,169896772,4,21,72
3851,169896736,169896751,169896774,4,23,26
3852,169896754,169896774,169896796,4,22,72
3853,169896754,169896756,169896778,4,22,39
3854,169896754,169896756,169896779,4,23,21
3855,169896754,169896756,169896779,4,23,25
3856,169896754,169896756,169896779,4,23,42
3857,169896754,169896756,169896784,4,28,25
3858,169896754,169896756,169896778,4,22,56
3859,169896754,169896756,169896782,4,26,90
3860,169896754,169896756,169896778,4,22,30
3861,169896754,169896756,169896777,4,21,41
3862,169896754,169896757,169896779,4,22,43
3863,169896754,169896758,169896780,4,22,121
3864,169896754,169896761,169896783,4,22,139
3865,169896754,169896761,169896784,4,23,41
3866,169896754,169896761,169896783,4,22,91
3867,169896754,169896761,169896786,4,25,47
3868,169896754,169896762,169896785,4,23,63
3869,169896754,169896762,169896784,4,22,58
3870,169896754,169896762,169896785,4,23,126
3871,169896754,169896762,169896785,4,23,83
3872,169896754,169896762,169896784,4,22,137
3873,169896754,169896763,169896785,4,22,90
3874,169896754,169896763,169896785,4,22,126
3875,169896754,169896763,169896785,4,22,104
3876,169896754,169896763,169896786,4,23,31
3877,169896754,169896769,169896790,4,21,27
3878,169896754,169896769,169896790,4,21,46
3879,169896754,169896769,169896790,4,21,49
3880,169896754,169896769,169896790,4,21,57
3881,169896754,169896769,169896796,4,27,38
3882,169896754,169896769,169896793,4,24,64
3883,169896754,169896769,169896791,4,22,57
3885,169896754,169896770,169896791,4,21,64
3886,169896754,169896770,169896792,4,22,23
3887,169896754,169896770,169896797,4,27,69
3888,169896754,169896774,169896795,4,21,29
3889,169896754,169896774,169896796,4,22,47
3890,169896754,169896774,169896795,4,21,68
3891,169896754,169896774,169896796,4,22,27
3892,169896754,169896774,169896796,4,22,20
3884,169896769,169896770,169896784,5,14,129
3893,169896779,169896793,169896817,4,24,57
3894,169896779,169896780,169896803,4,23,26
3895,169896779,169896780,169896804,4,24,65
3896,169896779,169896780,169896803,4,23,39
3897,169896779,169896780,169896808,4,28,30
3898,169896779,169896780,169896802,4,22,120
3899,169896779,169896780,169896803,4,23,38
3900,169896779,169896780,169896803,4,23,79
3901,169896779,169896780,169896802,4,22,99
3902,169896779,169896780,169896803,4,23,30
3903,169896779,169896780,169896802,4,22,40
3904,169896779,169896780,169896802,4,22,41
3905,169896779,169896780,169896803,4,23,58
3906,169896779,169896780,169896802,4,22,22
3907,169896779,169896780,169896807,4,27,55
3908,169896779,169896781,169896804,4,23,42
3909,169896779,169896781,169896805,4,24,21
3910,169896779,169896781,169896804,4,23,56
3911,169896779,169896781,169896805,4,24,28
3912,169896779,169896782,169896805,4,23,46
3913,169896779,169896783,169896807,4,24,121
3914,169896779,169896787,169896809,4,22,20
3915,169896779,169896787,169896809,4,22,137
3916,169896779,169896787,169896810,4,23,58
3917,169896779,169896787,169896809,4,22,104
3918,169896779,169896787,169896809,4,22,139
3919,169896779,169896787,169896810,4,23,58
3920,169896779,169896787,169896809,4,22,28
3921,169896779,169896787,169896809,4,22,90
3922,169896779,169896787,169896810,4,23,126
3923,169896779,169896787,169896809,4,22,20
3924,169896779,169896787,169896810,4,23,90
3925,169896779,169896787,169896810,4,23,126
3926,169896779,169896787,169896810,4,23,127
3927,169896779,169896788,169896811,4,23,31
3928,169896779,169896789,169896811,4,22,47
3929,169896779,169896792,169896814,4,22,46
3930,169896779,169896792,169896814,4,22,49
3931,169896779,169896792,169896817,4,25,57
3932,169896779,169896792,169896819,4,27,45
3933,169896797,169896812,169896838,4,26,58
3934,169896797,169896797,169896819,4,22,29
3935,169896797,169896797,169896819,4,22,68
3936,169896797,169896797,169896820,4,23,26
3937,169896797,169896797,169896819,4,22,72
3938,169896797,169896797,169896819,4,22,57
3939,169896797,169896797,169896825,4,28,64
3940,169896797,169896798,169896819,4,21,27
3941,169896797,169896798,169896824,4,26,47
3942,169896797,169896798,169896820,4,22,27
3943,169896797,169896798,169896821,4,23,47
3944,169896797,169896799,169896821,4,22,69
3945,169896797,169896805,169896827,4,22,39
3946,169896797,169896805,169896827,4,22,26
3947,169896797,169896805,169896827,4,22,120
3948,169896797,169896805,169896827,4,22,79
3949,169896797,169896805,169896827,4,22,99
3950,169896797,169896806,169896828,4,22,38
3951,169896797,169896806,169896828,4,22,65
3952,169896797,169896806,169896828,4,22,57
3953,169896797,169896806,169896827,4,21,27
3954,169896797,169896806,169896831,4,25,39
3955,169896797,169896806,169896827,4,21,40
3956,169896797,169896806,169896827,4,21,22
3957,169896797,169896806,169896828,4,22,20
3958,169896797,169896806,169896828,4,22,56
3959,169896797,169896807,169896829,4,22,42
3960,169896797,169896807,169896829,4,22,28
3962,169896797,169896812,169896833,4,21,137
3963,169896797,169896812,169896835,4,23,42
3964,169896797,169896812,169896835,4,23,20
3965,169896797,169896812,169896834,4,22,90
3966,169896797,169896812,169896834,4,22,58
3967,169896797,169896812,169896834,4,22,63
3968,169896797,169896812,169896834,4,22,20
3969,169896797,169896812,169896834,4,22,27
3970,169896797,169896812,169896834,4,22,104
3971,169896797,169896812,169896833,4,21,139
3972,169896797,169896812,169896839,4,27,40
3973,169896797,169896812,169896834,4,22,126
3961,169896810,169896812,169896831,1,19,29
3974,169896815,169896815,169896837,4,22,21
3975,169896815,169896815,169896838,4,23,47
3976,169896815,169896815,169896837,4,22,121
3977,169896815,169896815,169896837,4,22,90
3978,169896815,169896815,169896837,4,22,36
3979,169896815,169896815,169896837,4,22,52
3980,169896815,169896816,169896837,4,21,45
3981,169896815,169896816,169896837,4,21,46
3982,169896815,169896820,169896842,4,22,27
3983,169896815,169896820,169896841,4,21,68
3984,169896815,169896820,169896845,4,25,59
3985,169896815,169896820,169896842,4,22,57
3986,169896815,169896822,169896844,4,22,27
3987,169896815,169896822,169896844,4,22,20
3988,169896815,169896822,169896844,4,22,72
3989,169896815,169896822,169896848,4,26,31
3990,169896815,169896822,169896843,4,21,25
3991,169896815,169896822,169896847,4,25,59
3992,169896815,169896823,169896845,4,22,47
3993,169896815,169896823,169896846,4,23,69
3994,169896815,169896830,169896852,4,22,79
3995,169896815,169896830,169896852,4,22,39
3996,169896815,169896830,169896851,4,21,30
3997,169896815,169896830,169896853,4,23,40
3998,169896815,169896830,169896852,4,22,26
3999,169896815,169896830,169896851,4,21,120
4000,169896815,169896830,169896852,4,22,57
4001,169896815,169896830,169896852,4,22,38
4002,169896815,169896830,169896851,4,21,64
4003,169896815,169896830,169896851,4,21,22
4004,169896815,169896830,169896851,4,21,99
4005,169896815,169896830,169896852,4,22,20
4006,169896815,169896830,169896853,4,23,66
4007,169896815,169896830,169896852,4,22,38
4008,169896815,169896831,169896853,4,22,42
4009,169896815,169896832,169896854,4,22,26
4010,169896875,169896875,169905517,1,8642,29
4011,169897532,169897532,169906174,5,8642,170
4012,169897764,169897765,169897785,4,20,98
4013,169897764,169897765,169897785,4,20,110
4014,169897764,169897765,169897785,4,20,145
4015,169897764,169897765,169897785,4,20,137
4016,169897764,169897765,169897785,4,20,126
4017,169897764,169897765,169897786,4,21,63
4018,169897770,169897770,169897791,4,21,42
4019,169897770,169897770,169897791,4,21,42
4020,169897770,169897770,169897790,4,20,86
4021,169897770,169897770,169897790,4,20,55
4022,169897770,169897770,169897791,4,21,43
4023,169897770,169897770,169897790,4,20,45
4024,169897770,169897770,169897791,4,21,45
4025,169897770,169897770,169897790,4,20,48
4026,169897770,169897770,169897791,4,21,158
4027,169897770,169897770,169897791,4,21,86
4028,169897770,169897770,169897791,4,21,44
4029,169897770,169897770,169897790,4,20,149
4030,169897770,169897770,169897791,4,21,149
4031,169897770,169897770,169897791,4,21,22
4032,169897770,169897770,169897790,4,20,21
4033,169897770,169897770,169897790,4,20,61
4034,169897770,169897770,169897791,4,21,68
4035,169897770,169897770,169897791,4,21,138
4036,169897770,169897770,169897790,4,20,138
4037,169897770,169897770,169897790,4,20,138
4038,169897770,169897770,169897791,4,21,156
4039,169897770,169897770,169897791,4,21,154
4040,169897770,169897770,169897791,4,21,129
4041,169897770,169897770,169897791,4,21,136
4042,169897770,169897770,169897791,4,21,116
4043,169897770,169897770,169897791,4,21,68
4044,169897770,169897770,169897791,4,21,27
4045,169897770,169897770,169897791,4,21,92
4046,169897770,169897770,169897791,4,21,58
4047,169897770,169897770,169897791,4,21,62
4048,169897770,169897770,169897791,4,21,56
4049,169897770,169897770,169897790,4,20,20
4050,169897770,169897770,169897790,4,20,42
4051,169897770,169897770,169897791,4,21,47
4052,169897770,169897770,169897791,4,21,143
4053,169897770,169897770,169897791,4,21,42
4054,169897770,169897770,169897791,4,21,66
4055,169897770,169897770,169897791,4,21,143
4056,169897770,169897770,169897790,4,20,99
4057,169897770,169897770,169897791,4,21,58
4058,169897776,169897781,169897802,4,21,43
4059,169897776,169897776,169897797,4,21,20
4060,169897776,169897776,169897797,4,21,92
4061,169897776,169897776,169897797,4,21,137
4062,169897776,169897776,169897797,4,21,137
4063,169897776,169897778,169897799,4,21,170
4064,169897776,169897780,169897801,4,21,58
4065,169897776,169897780,169897801,4,21,47
4066,169897776,169897780,169897801,4,21,126
4067,169897776,169897780,169897801,4,21,22
4068,169897776,169897780,169897802,4,22,45
4069,169897776,169897780,169897801,4,21,82
4070,169897776,169897780,169897801,4,21,49
4071,169897776,169897781,169897802,4,21,45
4072,169897776,169897781,169897801,4,20,184
4073,169897776,169897781,169897801,4,20,114
4074,169897776,169897781,169897801,4,20,46
4075,169897776,169897781,169897801,4,20,43
4076,169897776,169897781,169897801,4,20,76
4077,169897776,169897781,169897801,4,20,42
4078,169897776,169897781,169897801,4,20,46
4079,169897776,169897781,169897802,4,21,46
4080,169897776,169897781,169897801,4,20,63
4081,169897776,169897781,169897801,4,20,53
4082,169897776,169897781,169897801,4,20,48
4083,169897776,169897781,169897801,4,20,63
4084,169897776,169897781,169897801,4,20,132
4085,169897776,169897781,169897801,4,20,97
4086,169897776,169897781,169897801,4,20,62
4087,169897776,169897781,169897801,4,20,90
4088,169897776,169897781,169897801,4,20,58
4089,169897776,169897781,169897801,4,20,45
4090,169897776,169897781,169897801,4,20,48
4091,169897776,169897781,169897802,4,21,90
4092,169897776,169897781,169897802,4,21,68
4093,169897776,169897781,169897802,4,21,86
4094,169897776,169897781,169897802,4,21,43
4095,169897776,169897781,169897802,4,21,144
4096,169897776,169897781,169897802,4,21,83
4097,169897776,169897781,169897802,4,21,21
4098,169897782,169897787,169897808,4,21,62
4099,169897782,169897783,169897803,4,20,26
4100,169897782,169897783,169897803,4,20,43
4101,169897782,169897783,169897803,4,20,67
4102,169897782,169897783,169897804,4,21,147
4103,169897782,169897784,169897804,4,20,20
4104,169897782,169897787,169897807,4,20,55
4105,169897782,169897787,169897807,4,20,83
4106,169897782,169897787,169897807,4,20,145
4107,169897782,169897787,169897807,4,20,43
4108,169897782,169897787,169897807,4,20,44
4109,169897782,169897787,169897807,4,20,66
4110,169897782,169897787,169897807,4,20,58
4111,169897782,169897787,169897807,4,20,149
4112,169897782,169897787,169897807,4,20,84
4113,169897782,169897787,169897807,4,20,42
4114,169897782,169897787,169897807,4,20,142
4115,169897782,169897787,169897807,4,20,107
4116,169897782,169897787,169897807,4,20,69
4117,169897782,169897787,169897807,4,20,66
4118,169897782,169897787,169897807,4,20,118
4119,169897782,169897787,169897807,4,20,116
4120,169897782,169897787,169897807,4,20,76
4121,169897782,169897787,169897807,4,20,47
4122,169897782,169897787,169897807,4,20,137
4123,169897782,169897787,169897807,4,20,47
4124,169897782,169897787,169897807,4,20,65
4125,169897782,169897787,169897807,4,20,68
4126,169897782,169897787,169897807,4,20,113
4127,169897782,169897787,169897807,4,20,85
4128,169897782,169897787,169897807,4,20,20
4129,169897782,169897787,169897807,4,20,46
4130,169897782,169897787,169897807,4,20,90
4131,169897782,169897787,169897807,4,20,47
4132,169897782,169897787,169897807,4,20,117
4133,169897782,169897787,169897807,4,20,68
4134,169897782,169897787,169897807,4,20,106
4135,169897782,169897787,169897807,4,20,80
4136,169897782,169897787,169897807,4,20,83
4137,169897782,169897787,169897807,4,20,121
4138,169897788,169897793,169897813,4,20,45
4139,169897788,169897788,169897809,4,21,63
4140,169897788,169897788,169897809,4,21,64
4141,169897788,169897788,169897810,4,22,60
4142,169897788,169897788,169897809,4,21,116
4143,169897788,169897788,169897809,4,21,50
4144,169897788,169897792,169897812,4,20,55
4145,169897788,169897792,169897812,4,20,113
4146,169897788,169897792,169897812,4,20,52
4147,169897788,169897792,169897813,4,21,44
4148,169897788,169897792,169897812,4,20,123
4149,169897788,169897792,169897812,4,20,65
4150,169897788,169897792,169897812,4,20,99
4151,169897788,169897792,169897812,4,20,42
4152,169897788,169897792,169897812,4,20,44
4153,169897788,169897792,169897812,4,20,52
4154,169897788,169897792,169897812,4,20,129
4155,169897788,169897792,169897812,4,20,141
4156,169897788,169897792,169897812,4,20,48
4157,169897788,169897792,169897813,4,21,44
4158,169897788,169897792,169897812,4,20,65
4159,169897788,169897792,169897813,4,21,41
4160,169897788,169897792,169897813,4,21,86
4161,169897788,169897792,169897813,4,21,140
4162,169897788,169897792,169897813,4,21,92
4163,169897788,169897792,169897813,4,21,46
4164,169897788,169897792,169897813,4,21,149
4165,169897788,169897792,169897813,4,21,56
4166,169897788,169897792,169897813,4,21,161
4167,169897788,169897792,169897813,4,21,58
4168,169897788,169897792,169897813,4,21,154
4169,169897788,169897792,169897813,4,21,61
4170,169897788,169897793,169897813,4,20,141
4171,169897788,169897793,169897813,4,20,136
4172,169897788,169897793,169897813,4,20,43
4173,169897788,169897793,169897814,4,21,66
4174,169897788,169897793,169897813,4,20,130
4175,169897788,169897793,169897813,4,20,143
4176,169897788,169897793,169897813,4,20,157
4177,169897788,169897793,169897813,4,20,115
4178,169897795,169897804,169897825,4,21,45
4179,169897795,169897795,169897815,4,20,129
4180,169897795,169897795,169897815,4,20,132
4181,169897795,169897795,169897816,4,21,73
4182,169897795,169897795,169897816,4,21,146
4183,169897795,169897795,169897815,4,20,140
4184,169897795,169897798,169897819,4,21,41
4185,169897795,169897798,169897819,4,21,137
4186,169897795,169897799,169897819,4,20,135
4187,169897795,169897800,169897820,4,20,20
4188,169897795,169897800,169897822,4,22,137
4189,169897795,169897802,169897823,4,21,58
4190,169897795,169897802,169897823,4,21,170
4191,169897795,169897802,169897823,4,21,22
4192,169897795,169897802,169897823,4,21,77
4193,169897795,169897802,169897823,4,21,45
4194,169897795,169897803,169897823,4,20,92
4195,169897795,169897803,169897823,4,20,62
4196,169897795,169897803,169897823,4,20,60
4197,169897795,169897803,169897824,4,21,48
4198,169897795,169897803,169897825,4,22,45
4199,169897795,169897803,169897824,4,21,45
4200,169897795,169897803,169897824,4,21,57
4201,169897795,169897803,169897824,4,21,53
4202,169897795,169897803,169897825,4,22,44
4203,169897795,169897803,169897825,4,22,45
4204,169897795,169897803,169897824,4,21,184
4205,169897795,169897803,169897824,4,21,129
4206,169897795,169897803,169897824,4,21,123
4207,169897795,169897803,169897825,4,22,87
4208,169897795,169897803,169897824,4,21,114
4209,169897795,169897803,169897824,4,21,26
4210,169897795,169897803,169897824,4,21,47
4211,169897795,169897803,169897824,4,21,97
4212,169897795,169897803,169897824,4,21,45
4213,169897795,169897803,169897824,4,21,22
4214,169897795,169897804,169897825,4,21,46
4215,169897795,169897804,169897825,4,21,46
4216,169897795,169897804,169897825,4,21,144
4217,169897795,169897804,169897825,4,21,71
4218,169897807,169897809,169897830,4,21,28
4219,169897807,169897808,169897828,4,20,43
4220,169897807,169897808,169897828,4,20,21
4221,169897807,169897808,169897828,4,20,55
4222,169897807,169897808,169897828,4,20,26
4223,169897807,169897808,169897828,4,20,20
4224,169897807,169897808,169897828,4,20,120
4225,169897807,169897808,169897828,4,20,67
4226,169897807,169897808,169897828,4,20,48
4227,169897807,169897808,169897829,4,21,60
4228,169897807,169897808,169897828,4,20,147
4229,169897807,169897808,169897828,4,20,66
4230,169897807,169897808,169897828,4,20,45
4231,169897807,169897808,169897829,4,21,107
4232,169897807,169897808,169897829,4,21,117
4233,169897807,169897808,169897828,4,20,48
4234,169897807,169897808,169897828,4,20,53
4235,169897807,169897808,169897828,4,20,76
4236,169897807,169897808,169897828,4,20,30
4237,169897807,169897808,169897828,4,20,53
4238,169897807,169897808,169897828,4,20,83
4239,169897807,169897808,169897829,4,21,66
4240,169897807,169897808,169897829,4,21,145
4241,169897807,169897808,169897829,4,21,66
4242,169897807,169897808,169897829,4,21,137
4243,169897807,169897808,169897829,4,21,48
4244,169897807,169897809,169897829,4,20,142
4245,169897807,169897809,169897829,4,20,113
4246,169897807,169897809,169897829,4,20,109
4247,169897807,169897809,169897829,4,20,27
4248,169897807,169897809,169897829,4,20,85
4249,169897807,169897809,169897829,4,20,27
4250,169897807,169897809,169897829,4,20,106
4251,169897807,169897809,169897829,4,20,61
4252,169897807,169897809,169897829,4,20,83
4253,169897807,169897809,169897829,4,20,90
4254,169897807,169897809,169897829,4,20,44
4255,169897807,169897809,169897829,4,20,46
4256,169897807,169897809,169897829,4,20,113
4257,169897807,169897809,169897829,4,20,84
4258,169897813,169897815,169897836,4,21,157
4259,169897813,169897814,169897834,4,20,50
4260,169897813,169897814,169897834,4,20,149
4261,169897813,169897814,169897834,4,20,65
4262,169897813,169897814,169897835,4,21,51
4263,169897813,169897814,169897834,4,20,63
4264,169897813,169897814,169897834,4,20,89
4265,169897813,169897814,169897835,4,21,55
4266,169897813,169897814,169897834,4,20,63
4267,169897813,169897814,169897834,4,20,64
4268,169897813,169897814,169897834,4,20,40
4269,169897813,169897814,169897834,4,20,68
4270,169897813,169897814,169897834,4,20,55
4271,169897813,169897814,169897834,4,20,116
4272,169897813,169897814,169897834,4,20,90
4273,169897813,169897814,169897834,4,20,123
4274,169897813,169897814,169897834,4,20,65
4275,169897813,169897814,169897834,4,20,62
4276,169897813,169897814,169897834,4,20,56
4277,169897813,169897814,169897834,4,20,141
4278,169897813,169897814,169897834,4,20,65
4279,169897813,169897814,169897835,4,21,45
4280,169897813,169897814,169897834,4,20,93
4281,169897813,169897814,169897835,4,21,143
4282,169897813,169897814,169897834,4,20,45
4283,169897813,169897814,169897834,4,20,113
4284,169897813,169897814,169897835,4,21,138
4285,169897813,169897814,169897835,4,21,149
4286,169897813,169897814,169897835,4,21,138
4287,169897813,169897814,169897835,4,21,48
4288,169897813,169897814,169897835,4,21,161
4289,169897813,169897814,169897835,4,21,139
4290,169897813,169897815,169897835,4,20,130
4291,169897813,169897815,169897836,4,21,44
4292,169897813,169897815,169897835,4,20,64
4293,169897813,169897815,169897835,4,20,86
4294,169897813,169897815,169897835,4,20,154
4295,169897813,169897815,169897835,4,20,138
4296,169897813,169897815,169897835,4,20,42
4297,169897813,169897815,169897835,4,20,115
4298,169897819,169897827,169897847,4,20,74
4299,169897819,169897820,169897840,4,20,45
4300,169897819,169897820,169897840,4,20,129
4301,169897819,169897820,169897840,4,20,132
4302,169897819,169897820,169897840,4,20,73
4303,169897819,169897820,169897840,4,20,138
4304,169897819,169897820,169897840,4,20,44
4305,169897819,169897820,169897840,4,20,140
4306,169897819,169897821,169897842,4,21,137
4307,169897819,169897821,169897841,4,20,66
4308,169897819,169897821,169897841,4,20,90
4309,169897819,169897821,169897841,4,20,146
4310,169897819,169897821,169897841,4,20,41
4311,169897819,169897821,169897841,4,20,86
4312,169897819,169897823,169897843,4,20,20
4313,169897819,169897825,169897845,4,20,137
4314,169897819,169897825,169897845,4,20,22
4315,169897819,169897825,169897845,4,20,123
4316,169897819,169897825,169897845,4,20,47
4317,169897819,169897825,169897845,4,20,64
4318,169897819,169897825,169897846,4,21,170
4319,169897819,169897825,169897846,4,21,48
4320,169897819,169897825,169897846,4,21,58
4321,169897819,169897825,169897846,4,21,26
4322,169897819,169897825,169897846,4,21,43
4323,169897819,169897825,169897846,4,21,92
4324,169897819,169897825,169897846,4,21,184
4325,169897819,169897825,169897846,4,21,43
4326,169897819,169897825,169897846,4,21,44
4327,169897819,169897826,169897846,4,20,60
4328,169897819,169897826,169897846,4,20,126
4329,169897819,169897826,169897846,4,20,94
4330,169897819,169897826,169897846,4,20,63
4331,169897819,169897826,169897846,4,20,45
4332,169897819,169897826,169897846,4,20,97
4333,169897819,169897826,169897846,4,20,130
4334,169897819,169897826,169897847,4,21,44
4335,169897819,169897826,169897847,4,21,45
4336,169897819,169897826,169897847,4,21,83
4337,169897819,169897826,169897848,4,22,45
4338,169897831,169897831,169897852,4,21,42
4339,169897831,169897831,169897851,4,20,55
4340,169897831,169897831,169897851,4,20,21
4341,169897831,169897831,169897851,4,20,62
4342,169897831,169897831,169897851,4,20,20
4343,169897831,169897831,169897851,4,20,141
4344,169897831,169897831,169897851,4,20,48
4345,169897831,169897831,169897851,4,20,90
4346,169897831,169897831,169897851,4,20,67
4347,169897831,169897831,169897851,4,20,43
4348,169897831,169897831,169897851,4,20,45
4349,169897831,169897831,169897851,4,20,43
4350,169897831,169897831,169897851,4,20,44
4351,169897831,169897831,169897851,4,20,144
4352,169897831,169897831,169897851,4,20,48
4353,169897831,169897831,169897851,4,20,109
4354,169897831,169897831,169897851,4,20,123
4355,169897831,169897831,169897851,4,20,101
4356,169897831,169897831,169897851,4,20,101
4357,169897831,169897831,169897851,4,20,145
4358,169897831,169897831,169897851,4,20,126
4359,169897831,169897831,169897851,4,20,21
4360,169897831,169897831,169897851,4,20,45
4361,169897831,169897831,169897851,4,20,45
4362,169897831,169897831,169897851,4,20,45
4363,169897831,169897831,169897851,4,20,147
4364,169897831,169897831,169897851,4,20,95
4365,169897831,169897831,169897851,4,20,46
4366,169897831,169897831,169897851,4,20,52
4367,169897831,169897831,169897851,4,20,58
4368,169897831,169897831,169897851,4,20,45
4369,169897831,169897831,169897852,4,21,49
4370,169897831,169897831,169897851,4,20,53
4371,169897831,169897831,169897851,4,20,45
4372,169897831,169897831,169897851,4,20,74
4373,169897831,169897831,169897851,4,20,40
4374,169897831,169897831,169897851,4,20,85
4375,169897831,169897831,169897852,4,21,27
4376,169897831,169897831,169897851,4,20,113
4377,169897831,169897831,169897851,4,20,65
4378,169897837,169897837,169897858,4,21,44
4379,169897837,169897837,169897858,4,21,42
4380,169897837,169897837,169897858,4,21,86
4381,169897837,169897837,169897858,4,21,44
4382,169897837,169897837,169897858,4,21,55
4383,169897837,169897837,169897858,4,21,65
4384,169897837,169897837,169897858,4,21,149
4385,169897837,169897837,169897858,4,21,90
4386,169897837,169897837,169897858,4,21,83
4387,169897837,169897837,169897858,4,21,66
4388,169897837,169897837,169897858,4,21,48
4389,169897837,169897837,169897858,4,21,158
4390,169897837,169897837,169897858,4,21,63
4391,169897837,169897837,169897858,4,21,137
4392,169897837,169897837,169897858,4,21,19
4393,169897837,169897837,169897858,4,21,21
4394,169897837,169897837,169897858,4,21,61
4395,169897837,169897837,169897858,4,21,68
4396,169897837,169897837,169897858,4,21,46
4397,169897837,169897837,169897858,4,21,54
4398,169897837,169897837,169897858,4,21,138
4399,169897837,169897837,169897858,4,21,143
4400,169897837,169897837,169897858,4,21,63
4401,169897837,169897837,169897858,4,21,64
4402,169897837,169897837,169897858,4,21,40
4403,169897837,169897837,169897858,4,21,106
4404,169897837,169897837,169897858,4,21,73
4405,169897837,169897837,169897858,4,21,138
4406,169897837,169897837,169897858,4,21,27
4407,169897837,169897837,169897858,4,21,92
4408,169897837,169897837,169897858,4,21,62
4409,169897837,169897837,169897858,4,21,56
4410,169897837,169897837,169897858,4,21,44
4411,169897837,169897837,169897858,4,21,90
4412,169897837,169897837,169897858,4,21,65
4413,169897837,169897837,169897858,4,21,96
4414,169897837,169897837,169897858,4,21,52
4415,169897837,169897837,169897858,4,21,42
4416,169897837,169897837,169897858,4,21,149
4417,169897837,169897837,169897858,4,21,50
4418,169897837,169897842,169898918,24,1076,161
4419,169897843,169897853,169897873,4,20,20
4420,169897843,169897844,169897864,4,20,48
4421,169897843,169897844,169897864,4,20,63
4422,169897843,169897844,169897864,4,20,129
4423,169897843,169897844,169897864,4,20,117
4424,169897843,169897844,169897864,4,20,137
4425,169897843,169897844,169897864,4,20,153
4426,169897843,169897844,169897864,4,20,149
4427,169897843,169897844,169897864,4,20,68
4428,169897843,169897844,169897864,4,20,42
4429,169897843,169897844,169897864,4,20,41
4430,169897843,169897844,169897864,4,20,143
4431,169897843,169897844,169897864,4,20,42
4432,169897843,169897848,169897868,4,20,20
4433,169897843,169897848,169897868,4,20,22
4434,169897843,169897848,169897868,4,20,58
4435,169897843,169897848,169897869,4,21,44
4436,169897843,169897848,169897868,4,20,26
4437,169897843,169897848,169897868,4,20,44
4438,169897843,169897848,169897868,4,20,90
4439,169897843,169897848,169897869,4,21,53
4440,169897843,169897848,169897868,4,20,49
4441,169897843,169897848,169897868,4,20,170
4442,169897843,169897848,169897869,4,21,132
4443,169897843,169897848,169897869,4,21,62
4444,169897843,169897848,169897868,4,20,123
4445,169897843,169897848,169897869,4,21,60
4446,169897843,169897848,169897868,4,20,184
4447,169897843,169897848,169897868,4,20,48
4448,169897843,169897848,169897869,4,21,46
4449,169897843,169897848,169897868,4,20,137
4450,169897843,169897848,169897868,4,20,42
4451,169897843,169897848,169897868,4,20,64
4452,169897843,169897848,169897869,4,21,100
4453,169897843,169897848,169897869,4,21,129
4454,169897843,169897849,169897869,4,20,90
4455,169897843,169897849,169897869,4,20,83
4456,169897843,169897849,169897869,4,20,45
4457,169897843,169897849,169897870,4,21,49
4458,169897843,169897849,169897870,4,21,74
4459,169897855,169897859,169897880,4,21,136
4460,169897855,169897856,169897876,4,20,21
4461,169897855,169897856,169897876,4,20,62
4462,169897855,169897856,169897876,4,20,61
4463,169897855,169897856,169897876,4,20,27
4464,169897855,169897856,169897876,4,20,45
4465,169897855,169897856,169897876,4,20,142
4466,169897855,169897856,169897876,4,20,90
4467,169897855,169897856,169897876,4,20,67
4468,169897855,169897856,169897876,4,20,48
4469,169897855,169897856,169897876,4,20,20
4470,169897855,169897856,169897876,4,20,85
4471,169897855,169897856,169897876,4,20,43
4472,169897855,169897856,169897876,4,20,44
4473,169897855,169897856,169897876,4,20,43
4474,169897855,169897856,169897876,4,20,43
4475,169897855,169897856,169897876,4,20,106
4476,169897855,169897856,169897876,4,20,123
4477,169897855,169897856,169897876,4,20,144
4478,169897855,169897856,169897876,4,20,48
4479,169897855,169897856,169897876,4,20,98
4480,169897855,169897856,169897876,4,20,110
4481,169897855,169897856,169897876,4,20,145
4482,169897855,169897856,169897876,4,20,140
4483,169897855,169897856,169897876,4,20,21
4484,169897855,169897856,169897876,4,20,45
4485,169897855,169897856,169897876,4,20,44
4486,169897855,169897856,169897876,4,20,45
4487,169897855,169897856,169897876,4,20,147
4488,169897855,169897856,169897876,4,20,118
4489,169897855,169897856,169897876,4,20,49
4490,169897855,169897856,169897876,4,20,42
4491,169897855,169897856,169897876,4,20,43
4492,169897855,169897856,169897876,4,20,43
4493,169897855,169897856,169897876,4,20,49
4494,169897855,169897856,169897876,4,20,62
4495,169897855,169897856,169897876,4,20,58
4496,169897855,169897856,169897876,4,20,46
4497,169897855,169897856,169897876,4,20,45
4498,169897855,169897856,169897877,4,21,44
4499,169897862,169897866,169897886,4,20,137
4500,169897862,169897862,169897882,4,20,42
4501,169897862,169897862,169897882,4,20,86
4502,169897862,169897862,169897882,4,20,44
4503,169897862,169897862,169897882,4,20,83
4504,169897862,169897862,169897882,4,20,55
4505,169897862,169897862,169897882,4,20,63
4506,169897862,169897862,169897882,4,20,65
4507,169897862,169897862,169897882,4,20,149
4508,169897862,169897862,169897882,4,20,90
4509,169897862,169897862,169897882,4,20,66
4510,169897862,169897862,169897882,4,20,48
4511,169897862,169897862,169897882,4,20,158
4512,169897862,169897862,169897882,4,20,61
4513,169897862,169897862,169897882,4,20,68
4514,169897862,169897862,169897882,4,20,46
4515,169897862,169897862,169897882,4,20,54
4516,169897862,169897862,169897882,4,20,19
4517,169897862,169897862,169897882,4,20,21
4518,169897862,169897862,169897882,4,20,138
4519,169897862,169897862,169897882,4,20,143
4520,169897862,169897862,169897882,4,20,106
4521,169897862,169897862,169897882,4,20,73
4522,169897862,169897862,169897882,4,20,138
4523,169897862,169897862,169897882,4,20,63
4524,169897862,169897862,169897882,4,20,64
4525,169897862,169897862,169897882,4,20,40
4526,169897862,169897862,169897882,4,20,27
4527,169897862,169897862,169897882,4,20,92
4528,169897862,169897862,169897882,4,20,62
4529,169897862,169897862,169897882,4,20,56
4530,169897862,169897862,169897882,4,20,96
4531,169897862,169897862,169897882,4,20,44
4532,169897862,169897862,169897882,4,20,90
4533,169897862,169897862,169897882,4,20,65
4534,169897862,169897862,169897882,4,20,20
4535,169897862,169897862,169897882,4,20,42
4536,169897862,169897862,169897882,4,20,149
4537,169897862,169897862,169897882,4,20,50
4538,169897862,169897862,169897882,4,20,52
4539,169897868,169897877,169897898,4,21,44
4540,169897868,169897868,169897888,4,20,45
4541,169897868,169897868,169897888,4,20,45
4542,169897868,169897868,169897888,4,20,63
4543,169897868,169897868,169897888,4,20,129
4544,169897868,169897868,169897888,4,20,117
4545,169897868,169897868,169897888,4,20,89
4546,169897868,169897868,169897888,4,20,149
4547,169897868,169897868,169897888,4,20,68
4548,169897868,169897868,169897888,4,20,41
4549,169897868,169897868,169897888,4,20,156
4550,169897868,169897868,169897888,4,20,44
4551,169897868,169897871,169897891,4,20,58
4552,169897868,169897871,169897891,4,20,26
4553,169897868,169897871,169897892,4,21,89
4554,169897868,169897871,169897891,4,20,90
4555,169897868,169897871,169897891,4,20,42
4556,169897868,169897871,169897891,4,20,53
4557,169897868,169897871,169897891,4,20,170
4558,169897868,169897871,169897891,4,20,132
4559,169897868,169897871,169897891,4,20,49
4560,169897868,169897871,169897891,4,20,48
4561,169897868,169897871,169897891,4,20,60
4562,169897868,169897871,169897891,4,20,123
4563,169897868,169897871,169897892,4,21,140
4564,169897868,169897871,169897891,4,20,184
4565,169897868,169897871,169897891,4,20,46
4566,169897868,169897871,169897891,4,20,46
4567,169897868,169897871,169897891,4,20,62
4568,169897868,169897871,169897891,4,20,95
4569,169897868,169897871,169897891,4,20,57
4570,169897868,169897871,169897891,4,20,129
4571,169897868,169897871,169897891,4,20,100
4572,169897868,169897871,169897892,4,21,44
4573,169897868,169897871,169897892,4,21,126
4574,169897868,169897871,169897892,4,21,43
4575,169897868,169897871,169897892,4,21,88
4576,169897868,169897872,169897892,4,20,83
4577,169897868,169897872,169897892,4,20,49
4578,169897868,169897875,169897895,4,20,20
4579,169897880,169897884,169897904,4,20,42
4580,169897880,169897880,169897900,4,20,21
4581,169897880,169897880,169897900,4,20,62
4582,169897880,169897880,169897900,4,20,61
4583,169897880,169897880,169897900,4,20,45
4584,169897880,169897880,169897900,4,20,27
4585,169897880,169897880,169897900,4,20,46
4586,169897880,169897880,169897900,4,20,142
4587,169897880,169897880,169897900,4,20,90
4588,169897880,169897880,169897900,4,20,68
4589,169897880,169897880,169897900,4,20,48
4590,169897880,169897880,169897900,4,20,20
4591,169897880,169897880,169897900,4,20,85
4592,169897880,169897880,169897900,4,20,43
4593,169897880,169897880,169897900,4,20,44
4594,169897880,169897880,169897900,4,20,43
4595,169897880,169897880,169897900,4,20,43
4596,169897880,169897880,169897900,4,20,107
4597,169897880,169897880,169897900,4,20,123
4598,169897880,169897880,169897900,4,20,145
4599,169897880,169897880,169897900,4,20,48
4600,169897880,169897880,169897900,4,20,46
4601,169897880,169897880,169897900,4,20,46
4602,169897880,169897880,169897900,4,20,47
4603,169897880,169897880,169897900,4,20,98
4604,169897880,169897880,169897900,4,20,110
4605,169897880,169897880,169897900,4,20,145
4606,169897880,169897880,169897900,4,20,141
4607,169897880,169897880,169897900,4,20,147
4608,169897880,169897880,169897900,4,20,71
4609,169897880,169897880,169897900,4,20,118
4610,169897880,169897880,169897900,4,20,49
4611,169897880,169897880,169897900,4,20,43
4612,169897880,169897880,169897900,4,20,43
4613,169897880,169897880,169897900,4,20,46
4614,169897880,169897880,169897900,4,20,62
4615,169897880,169897880,169897900,4,20,47
4616,169897880,169897880,169897900,4,20,45
4617,169897880,169897880,169897900,4,20,45
4618,169897880,169897884,169897904,4,20,136
4619,169897886,169897887,169897908,4,21,134
4620,169897886,169897886,169897906,4,20,42
4621,169897886,169897886,169897906,4,20,86
4622,169897886,169897886,169897906,4,20,44
4623,169897886,169897886,169897906,4,20,83
4624,169897886,169897886,169897906,4,20,55
4625,169897886,169897886,169897906,4,20,63
4626,169897886,169897886,169897906,4,20,65
4627,169897886,169897886,169897906,4,20,149
4628,169897886,169897886,169897906,4,20,90
4629,169897886,169897886,169897906,4,20,48
4630,169897886,169897886,169897906,4,20,158
4631,169897886,169897886,169897906,4,20,61
4632,169897886,169897886,169897906,4,20,68
4633,169897886,169897886,169897906,4,20,46
4634,169897886,169897886,169897906,4,20,54
4635,169897886,169897886,169897906,4,20,19
4636,169897886,169897886,169897906,4,20,21
4637,169897886,169897886,169897906,4,20,138
4638,169897886,169897886,169897906,4,20,143
4639,169897886,169897886,169897906,4,20,106
4640,169897886,169897886,169897906,4,20,73
4641,169897886,169897886,169897906,4,20,138
4642,169897886,169897886,169897906,4,20,63
4643,169897886,169897886,169897906,4,20,64
4644,169897886,169897886,169897906,4,20,40
4645,169897886,169897886,169897906,4,20,27
4646,169897886,169897886,169897906,4,20,92
4647,169897886,169897886,169897906,4,20,62
4648,169897886,169897886,169897906,4,20,56
4649,169897886,169897886,169897906,4,20,96
4650,169897886,169897886,169897906,4,20,44
4651,169897886,169897886,169897906,4,20,90
4652,169897886,169897886,169897906,4,20,65
4653,169897886,169897886,169897906,4,20,20
4654,169897886,169897886,169897906,4,20,63
4655,169897886,169897886,169897906,4,20,149
4656,169897886,169897886,169897906,4,20,50
4657,169897886,169897886,169897906,4,20,52
4658,169897886,169897887,169897908,4,21,86
4659,169897892,169897894,169897914,4,20,89
4660,169897892,169897893,169897913,4,20,44
4661,169897892,169897893,169897913,4,20,58
4662,169897892,169897893,169897913,4,20,41
4663,169897892,169897893,169897913,4,20,137
4664,169897892,169897893,169897913,4,20,149
4665,169897892,169897893,169897913,4,20,156
4666,169897892,169897893,169897913,4,20,46
4667,169897892,169897893,169897913,4,20,45
4668,169897892,169897893,169897913,4,20,42
4669,169897892,169897893,169897913,4,20,58
4670,169897892,169897893,169897913,4,20,64
4671,169897892,169897893,169897913,4,20,129
4672,169897892,169897893,169897913,4,20,117
4673,169897892,169897893,169897913,4,20,53
4674,169897892,169897893,169897913,4,20,63
4675,169897892,169897893,169897913,4,20,140
4676,169897892,169897893,169897913,4,20,123
4677,169897892,169897893,169897913,4,20,46
4678,169897892,169897893,169897913,4,20,87
4679,169897892,169897893,169897913,4,20,80
4680,169897892,169897893,169897913,4,20,64
4681,169897892,169897893,169897913,4,20,71
4682,169897892,169897893,169897913,4,20,62
4683,169897892,169897893,169897913,4,20,43
4684,169897892,169897893,169897913,4,20,89
4685,169897892,169897893,169897913,4,20,184
4686,169897892,169897893,169897913,4,20,140
4687,169897892,169897893,169897914,4,21,85
4688,169897892,169897893,169897913,4,20,123
4689,169897892,169897893,169897914,4,21,45
4690,169897892,169897893,169897913,4,20,63
4691,169897892,169897893,169897913,4,20,170
4692,169897892,169897893,169897913,4,20,23
4693,169897892,169897893,169897913,4,20,46
4694,169897892,169897893,169897913,4,20,114
4695,169897892,169897893,169897913,4,20,48
4696,169897892,169897893,169897913,4,20,129
4697,169897892,169897894,169897914,4,20,43
4698,169897892,169897894,169897914,4,20,83
4699,169897898,169897902,169897922,4,20,90
4700,169897898,169897900,169897920,4,20,44
4701,169897898,169897900,169897920,4,20,45
4702,169897898,169897900,169897920,4,20,20
4703,169897898,169897900,169897920,4,20,137
4704,169897898,169897900,169897920,4,20,43
4705,169897898,169897900,169897920,4,20,97
4706,169897898,169897900,169897920,4,20,126
4707,169897898,169897901,169897921,4,20,61
4708,169897898,169897901,169897922,4,21,107
4709,169897898,169897901,169897921,4,20,86
4710,169897898,169897901,169897921,4,20,58
4711,169897898,169897901,169897921,4,20,52
4712,169897898,169897902,169897922,4,20,43
4713,169897898,169897902,169897922,4,20,147
4714,169897898,169897902,169897922,4,20,48
4715,169897898,169897902,169897922,4,20,76
4716,169897898,169897902,169897922,4,20,61
4717,169897898,169897902,169897922,4,20,113
4718,169897898,169897902,169897922,4,20,62
4719,169897898,169897902,169897922,4,20,42
4720,169897898,169897902,169897922,4,20,128
4721,169897898,169897902,169897922,4,20,48
4722,169897898,169897902,169897922,4,20,47
4723,169897898,169897902,169897922,4,20,98
4724,169897898,169897902,169897922,4,20,43
4725,169897898,169897902,169897922,4,20,109
4726,169897898,169897902,169897922,4,20,118
4727,169897898,169897902,169897922,4,20,145
4728,169897898,169897902,169897922,4,20,65
4729,169897898,169897902,169897922,4,20,21
4730,169897898,169897902,169897922,4,20,48
4731,169897898,169897902,169897922,4,20,141
4732,169897898,169897902,169897922,4,20,98
4733,169897898,169897902,169897922,4,20,87
4734,169897898,169897902,169897922,4,20,66
4735,169897898,169897902,169897922,4,20,85
4736,169897898,169897902,169897922,4,20,28
4737,169897898,169897902,169897922,4,20,44
4738,169897898,169897902,169897922,4,20,50
4739,169897904,169897909,169897929,4,20,65
4740,169897904,169897904,169897925,4,21,145
4741,169897904,169897904,169897925,4,21,45
4742,169897904,169897904,169897924,4,20,68
4743,169897904,169897904,169897925,4,21,21
4744,169897904,169897904,169897925,4,21,45
4745,169897904,169897905,169897926,4,21,42
4746,169897904,169897905,169897926,4,21,116
4747,169897904,169897908,169897928,4,20,68
4748,169897904,169897908,169897928,4,20,65
4749,169897904,169897908,169897928,4,20,55
4750,169897904,169897908,169897928,4,20,136
4751,169897904,169897908,169897928,4,20,75
4752,169897904,169897908,169897928,4,20,48
4753,169897904,169897908,169897928,4,20,141
4754,169897904,169897908,169897928,4,20,68
4755,169897904,169897908,169897928,4,20,138
4756,169897904,169897908,169897928,4,20,47
4757,169897904,169897908,169897928,4,20,89
4758,169897904,169897908,169897929,4,21,123
4759,169897904,169897908,169897929,4,21,106
4760,169897904,169897908,169897928,4,20,158
4761,169897904,169897908,169897928,4,20,92
4762,169897904,169897909,169897929,4,20,38
4763,169897904,169897909,169897929,4,20,64
4764,169897904,169897909,169897929,4,20,90
4765,169897904,169897909,169897929,4,20,61
4766,169897904,169897909,169897929,4,20,20
4767,169897904,169897909,169897929,4,20,52
4768,169897904,169897909,169897929,4,20,63
4769,169897904,169897909,169897929,4,20,140
4770,169897904,169897909,169897929,4,20,50
4771,169897904,169897909,169897929,4,20,62
4772,169897904,169897909,169897929,4,20,141
4773,169897904,169897909,169897929,4,20,138
4774,169897904,169897909,169897929,4,20,42
4775,169897904,169897909,169897929,4,20,86
4776,169897904,169897909,169897929,4,20,55
4777,169897904,169897909,169897929,4,20,130
4778,169897904,169897909,169897929,4,20,149
4779,169897910,169897915,169897936,4,21,48
4780,169897910,169897911,169897931,4,20,65
4781,169897910,169897911,169897931,4,20,86
4782,169897910,169897911,169897931,4,20,134
4783,169897910,169897911,169897931,4,20,62
4784,169897910,169897911,169897931,4,20,40
4785,169897910,169897911,169897931,4,20,83
4786,169897910,169897911,169897931,4,20,83
4787,169897910,169897915,169897935,4,20,87
4788,169897910,169897915,169897935,4,20,58
4789,169897910,169897915,169897935,4,20,63
4790,169897910,169897915,169897935,4,20,140
4791,169897910,169897915,169897935,4,20,137
4792,169897910,169897915,169897935,4,20,139
4793,169897910,169897915,169897935,4,20,45
4794,169897910,169897915,169897935,4,20,92
4795,169897910,169897915,169897935,4,20,184
4796,169897910,169897915,169897935,4,20,63
4797,169897910,169897915,169897936,4,21,67
4798,169897910,169897915,169897935,4,20,48
4799,169897910,169897915,169897935,4,20,126
4800,169897910,169897915,169897935,4,20,129
4801,169897910,169897915,169897936,4,21,146
4802,169897910,169897915,169897935,4,20,97
4803,169897910,169897915,169897935,4,20,170
4804,169897910,169897915,169897935,4,20,90
4805,169897910,169897915,169897935,4,20,63
4806,169897910,169897915,169897936,4,21,87
4807,169897910,169897915,169897936,4,21,151
4808,169897910,169897915,169897936,4,21,62
4809,169897910,169897915,169897936,4,21,57
4810,169897910,169897915,169897936,4,21,63
4811,169897910,169897915,169897936,4,21,143
4812,169897910,169897915,169897936,4,21,72
4813,169897910,169897915,169897936,4,21,122
4814,169897910,169897915,169897936,4,21,59
4815,169897910,169897915,169897936,4,21,122
4816,169897910,169897915,169897936,4,21,123
4817,169897910,169897915,169897936,4,21,156
4818,169897910,169897915,169897936,4,21,146
4819,169897916,169897924,169897944,4,20,68
4820,169897916,169897917,169897937,4,20,22
4821,169897916,169897917,169897937,4,20,42
4822,169897916,169897917,169897937,4,20,45
4823,169897916,169897917,169897937,4,20,85
4824,169897916,169897917,169897937,4,20,132
4825,169897916,169897917,169897937,4,20,123
4826,169897916,169897917,169897937,4,20,87
4827,169897916,169897923,169897944,4,21,46
4828,169897916,169897923,169897944,4,21,45
4829,169897916,169897923,169897944,4,21,20
4830,169897916,169897923,169897944,4,21,86
4831,169897916,169897923,169897944,4,21,101
4832,169897916,169897923,169897944,4,21,46
4833,169897916,169897923,169897944,4,21,43
4834,169897916,169897923,169897944,4,21,58
4835,169897916,169897923,169897944,4,21,46
4836,169897916,169897923,169897944,4,21,110
4837,169897916,169897923,169897944,4,21,45
4838,169897916,169897923,169897944,4,21,90
4839,169897916,169897923,169897944,4,21,100
4840,169897916,169897923,169897944,4,21,137
4841,169897916,169897923,169897944,4,21,83
4842,169897916,169897923,169897944,4,21,42
4843,169897916,169897923,169897944,4,21,47
4844,169897916,169897923,169897944,4,21,45
4845,169897916,169897923,169897944,4,21,123
4846,169897916,169897924,169897944,4,20,128
4847,169897916,169897924,169897944,4,20,145
4848,169897916,169897924,169897944,4,20,58
4849,169897916,169897924,169897944,4,20,113
4850,169897916,169897924,169897944,4,20,58
4851,169897916,169897924,169897944,4,20,150
4852,169897916,169897924,169897944,4,20,137
4853,169897916,169897924,169897944,4,20,109
4854,169897916,169897924,169897944,4,20,74
4855,169897916,169897924,169897944,4,20,96
4856,169897916,169897924,169897944,4,20,137
4857,169897916,169897924,169897944,4,20,75
4858,169897916,169897924,169897944,4,20,66
4859,169897929,169897931,169897951,4,20,42
4860,169897929,169897930,169897950,4,20,44
4861,169897929,169897930,169897950,4,20,21
4862,169897929,169897930,169897950,4,20,26
4863,169897929,169897930,169897950,4,20,92
4864,169897929,169897930,169897950,4,20,48
4865,169897929,169897930,169897950,4,20,68
4866,169897929,169897930,169897950,4,20,27
4867,169897929,169897930,169897950,4,20,144
4868,169897929,169897930,169897950,4,20,42
4869,169897929,169897930,169897950,4,20,45
4870,169897929,169897930,169897950,4,20,82
4871,169897929,169897930,169897950,4,20,136
4872,169897929,169897930,169897950,4,20,46
4873,169897929,169897930,169897951,4,21,43
4874,169897929,169897930,169897950,4,20,64
4875,169897929,169897930,169897950,4,20,114
4876,169897929,169897930,169897950,4,20,128
4877,169897929,169897930,169897950,4,20,71
4878,169897929,169897930,169897951,4,21,142
4879,169897929,169897930,169897950,4,20,45
4880,169897929,169897930,169897950,4,20,51
4881,169897929,169897930,169897950,4,20,68
4882,169897929,169897930,169897950,4,20,76
4883,169897929,169897930,169897950,4,20,45
4884,169897929,169897930,169897950,4,20,161
4885,169897929,169897930,169897950,4,20,52
4886,169897929,169897930,169897950,4,20,30
4887,169897929,169897930,169897950,4,20,141
4888,169897929,169897931,169897951,4,20,62
4889,169897929,169897931,169897951,4,20,90
4890,169897929,169897931,169897951,4,20,141
4891,169897929,169897931,169897952,4,21,138
4892,169897929,169897931,169897951,4,20,149
4893,169897929,169897931,169897952,4,21,126
4894,169897929,169897931,169897951,4,20,91
4895,169897929,169897931,169897952,4,21,65
4896,169897929,169897931,169897951,4,20,61
4897,169897929,169897931,169897951,4,20,143
4898,169897929,169897931,169897951,4,20,137
4899,169897935,169897938,169897958,4,20,95
4900,169897935,169897935,169897955,4,20,65
4901,169897935,169897935,169897955,4,20,86
4902,169897935,169897935,169897955,4,20,106
4903,169897935,169897935,169897955,4,20,134
4904,169897935,169897935,169897955,4,20,119
4905,169897935,169897935,169897955,4,20,64
4906,169897935,169897935,169897955,4,20,40
4907,169897935,169897935,169897955,4,20,19
4908,169897935,169897935,169897955,4,20,81
4909,169897935,169897935,169897955,4,20,64
4910,169897935,169897935,169897955,4,20,149
4911,169897935,169897935,169897955,4,20,133
4912,169897935,169897935,169897955,4,20,43
4913,169897935,169897935,169897955,4,20,62
4914,169897935,169897937,169897958,4,21,118
4915,169897935,169897937,169897958,4,21,139
4916,169897935,169897937,169897958,4,21,58
4917,169897935,169897937,169897958,4,21,42
4918,169897935,169897937,169897958,4,21,55
4919,169897935,169897937,169897958,4,21,53
4920,169897935,169897937,169897958,4,21,63
4921,169897935,169897937,169897958,4,21,84
4922,169897935,169897937,169897958,4,21,88
4923,169897935,169897937,169897958,4,21,80
4924,169897935,169897937,169897958,4,21,134
4925,169897935,169897937,169897958,4,21,64
4926,169897935,169897937,169897958,4,21,184
4927,169897935,169897937,169897958,4,21,42
4928,169897935,169897937,169897958,4,21,140
4929,169897935,169897937,169897958,4,21,62
4930,169897935,169897937,169897958,4,21,123
4931,169897935,169897937,169897958,4,21,77
4932,169897935,169897937,169897958,4,21,172
4933,169897935,169897937,169897958,4,21,66
4934,169897935,169897937,169897958,4,21,43
4935,169897935,169897938,169897958,4,20,140
4936,169897935,169897938,169897958,4,20,42
4937,169897935,169897938,169897958,4,20,114
4938,169897935,169897938,169897958,4,20,57
4939,169897941,169897946,169897966,4,20,113
4940,169897941,169897941,169897961,4,20,22
4941,169897941,169897941,169897961,4,20,123
4942,169897941,169897941,169897961,4,20,42
4943,169897941,169897941,169897961,4,20,42
4944,169897941,169897941,169897961,4,20,47
4945,169897941,169897941,169897961,4,20,140
4946,169897941,169897941,169897961,4,20,84
4947,169897941,169897941,169897961,4,20,157
4948,169897941,169897941,169897961,4,20,68
4949,169897941,169897941,169897961,4,20,85
4950,169897941,169897941,169897961,4,20,123
4951,169897941,169897941,169897961,4,20,87
4952,169897941,169897941,169897961,4,20,67
4953,169897941,169897941,169897961,4,20,45
4954,169897941,169897945,169897965,4,20,55
4955,169897941,169897945,169897965,4,20,126
4956,169897941,169897945,169897965,4,20,59
4957,169897941,169897945,169897965,4,20,76
4958,169897941,169897945,169897965,4,20,110
4959,169897941,169897945,169897965,4,20,66
4960,169897941,169897945,169897965,4,20,42
4961,169897941,169897945,169897965,4,20,47
4962,169897941,169897945,169897965,4,20,101
4963,169897941,169897945,169897966,4,21,44
4964,169897941,169897945,169897965,4,20,75
4965,169897941,169897945,169897966,4,21,118
4966,169897941,169897945,169897965,4,20,49
4967,169897941,169897945,169897965,4,20,124
4968,169897941,169897945,169897965,4,20,98
4969,169897941,169897945,169897965,4,20,86
4970,169897941,169897945,169897966,4,21,46
4971,169897941,169897945,169897966,4,21,46
4972,169897941,169897945,169897966,4,21,145
4973,169897941,169897945,169897966,4,21,137
4974,169897941,169897946,169897966,4,20,113
4975,169897941,169897946,169897966,4,20,60
4976,169897941,169897946,169897966,4,20,77
4977,169897941,169897946,169897966,4,20,44
4978,169897941,169897946,169897966,4,20,47
4979,169897947,169897953,169897973,4,20,136
4980,169897947,169897947,169897968,4,21,46
4981,169897947,169897947,169897968,4,21,126
4982,169897947,169897947,169897968,4,21,150
4983,169897947,169897947,169897968,4,21,137
4984,169897947,169897947,169897968,4,21,45
4985,169897947,169897947,169897968,4,21,69
4986,169897947,169897947,169897968,4,21,47
4987,169897947,169897952,169897973,4,21,85
4988,169897947,169897952,169897973,4,21,136
4989,169897947,169897952,169897973,4,21,26
4990,169897947,169897952,169897973,4,21,67
4991,169897947,169897952,169897973,4,21,141
4992,169897947,169897952,169897973,4,21,68
4993,169897947,169897952,169897973,4,21,48
4994,169897947,169897952,169897973,4,21,27
4995,169897947,169897952,169897973,4,21,32
4996,169897947,169897952,169897973,4,21,51
4997,169897947,169897952,169897973,4,21,161
4998,169897947,169897952,169897973,4,21,144
4999,169897947,169897953,169897973,4,20,65
5000,169897947,169897953,169897973,4,20,42
5001,169897947,169897953,169897973,4,20,45
5002,169897947,169897953,169897973,4,20,27
5003,169897947,169897953,169897973,4,20,92
5004,169897947,169897953,169897973,4,20,62
5005,169897947,169897953,169897973,4,20,56
5006,169897947,169897953,169897973,4,20,46
5007,169897947,169897953,169897973,4,20,99
5008,169897947,169897953,169897973,4,20,128
5009,169897947,169897953,169897973,4,20,45
5010,169897947,169897953,169897973,4,20,27
5011,169897947,169897953,169897973,4,20,76
5012,169897947,169897953,169897973,4,20,144
5013,169897947,169897953,169897973,4,20,90
5014,169897947,169897953,169897974,4,21,58
5015,169897947,169897953,169897973,4,20,21
5016,169897947,169897953,169897973,4,20,90
5017,169897947,169897953,169897973,4,20,149
5018,169897947,169897953,169897973,4,20,135
5019,169897953,169897960,169897980,4,20,153
5020,169897953,169897953,169897974,4,21,143
5021,169897953,169897953,169897974,4,21,44
5022,169897953,169897953,169897974,4,21,42
5023,169897953,169897953,169897974,4,21,91
5024,169897953,169897953,169897974,4,21,45
5025,169897953,169897954,169897974,4,20,129
5026,169897953,169897954,169897974,4,20,98
5027,169897953,169897956,169897978,4,22,161
5028,169897953,169897956,169897977,4,21,138
5029,169897953,169897957,169897978,4,21,81
5030,169897953,169897957,169897978,4,21,83
5031,169897953,169897957,169897978,4,21,137
5032,169897953,169897957,169897978,4,21,110
5033,169897953,169897957,169897978,4,21,19
5034,169897953,169897957,169897978,4,21,146
5035,169897953,169897960,169897980,4,20,65
5036,169897953,169897960,169897980,4,20,69
5037,169897953,169897960,169897980,4,20,41
5038,169897953,169897960,169897980,4,20,149
5039,169897953,169897960,169897980,4,20,42
5040,169897953,169897960,169897980,4,20,61
5041,169897953,169897960,169897980,4,20,62
5042,169897953,169897960,169897980,4,20,53
5043,169897953,169897960,169897980,4,20,63
5044,169897953,169897960,169897980,4,20,88
5045,169897953,169897960,169897980,4,20,84
5046,169897953,169897960,169897980,4,20,80
5047,169897953,169897960,169897980,4,20,116
5048,169897953,169897960,169897981,4,21,61
5049,169897953,169897960,169897980,4,20,57
5050,169897953,169897960,169897980,4,20,43
5051,169897953,169897960,169897980,4,20,62
5052,169897953,169897960,169897980,4,20,123
5053,169897953,169897960,169897980,4,20,134
5055,169897953,169897960,169897980,4,20,184
5056,169897953,169897960,169897980,4,20,46
5057,169897953,169897960,169897980,4,20,38
5058,169897953,169897960,169897980,4,20,140
5054,169897961,169897992,169898012,4,20,42
5059,169897995,169897996,169898016,4,20,89
5060,169897995,169897996,169898016,4,20,30
5061,169897995,169897996,169898016,4,20,42
5062,169897995,169897996,169898016,4,20,49
5063,169897995,169897996,169898016,4,20,22
5064,169897995,169897996,169898016,4,20,62
5065,169897995,169897996,169898016,4,20,43
5066,169897995,169897996,169898016,4,20,20
5067,169897995,169897996,169898016,4,20,20
5068,169897995,169897996,169898016,4,20,46
5069,169897995,169897996,169898016,4,20,46
5070,169897995,169897996,169898016,4,20,45
5071,169897995,169897996,169898016,4,20,44
5072,169897995,169897996,169898016,4,20,42
5073,169897995,169897996,169898017,4,21,42
5074,169897995,169897996,169898016,4,20,52
5075,169897995,169897996,169898016,4,20,88
5076,169897995,169897996,169898016,4,20,48
5077,169897995,169897996,169898016,4,20,87
5078,169897995,169897996,169898016,4,20,158
5079,169897995,169897996,169898016,4,20,81
5080,169897995,169897996,169898016,4,20,86
5081,169897995,169897996,169898016,4,20,184
5082,169897995,169897996,169898016,4,20,38
5083,169897995,169897996,169898016,4,20,82
5084,169897995,169897996,169898016,4,20,55
5085,169897995,169897996,169898016,4,20,149
5086,169897995,169897996,169898016,4,20,126
5087,169897995,169897996,169898016,4,20,149
5088,169897995,169897996,169898016,4,20,90
5089,169897995,169897996,169898016,4,20,44
5090,169897995,169897996,169898016,4,20,76
5091,169897995,169897996,169898016,4,20,133
5092,169897995,169897996,169898016,4,20,106
5093,169897995,169897996,169898016,4,20,46
5094,169897995,169897996,169898016,4,20,138
5095,169897995,169897996,169898016,4,20,67
5096,169897995,169897996,169898016,4,20,80
5097,169897995,169897996,169898016,4,20,43
5098,169897995,169897996,169898016,4,20,42
5099,169898002,169898002,169898022,4,20,52
5100,169898002,169898002,169898022,4,20,51
5101,169898002,169898002,169898022,4,20,48
5102,169898002,169898002,169898022,4,20,46
5103,169898002,169898002,169898022,4,20,64
5104,169898002,169898002,169898022,4,20,116
5105,169898002,169898002,169898022,4,20,115
5106,169898002,169898002,169898022,4,20,136
5107,169898002,169898002,169898022,4,20,68
5108,169898002,169898002,169898022,4,20,106
5109,169898002,169898002,169898022,4,20,83
5110,169898002,169898002,169898022,4,20,123
5111,169898002,169898002,169898022,4,20,123
5112,169898002,169898002,169898022,4,20,90
5113,169898002,169898002,169898022,4,20,135
5114,169898002,169898002,169898022,4,20,85
5115,169898002,169898002,169898022,4,20,65
5116,169898002,169898002,169898022,4,20,65
5117,169898002,169898002,169898022,4,20,65
5118,169898002,169898002,169898022,4,20,22
5119,169898002,169898002,169898022,4,20,20
5120,169898002,169898002,169898022,4,20,21
5121,169898002,169898002,169898022,4,20,27
5122,169898002,169898002,169898022,4,20,20
5123,169898002,169898002,169898022,4,20,46
5124,169898002,169898002,169898022,4,20,85
5125,169898002,169898002,169898022,4,20,84
5126,169898002,169898002,169898022,4,20,80
5127,169898002,169898002,169898022,4,20,65
5128,169898002,169898002,169898022,4,20,59
5129,169898002,169898002,169898022,4,20,89
5130,169898002,169898002,169898022,4,20,68
5131,169898002,169898002,169898022,4,20,62
5132,169898002,169898002,169898022,4,20,56
5133,169898002,169898002,169898022,4,20,134
5134,169898002,169898002,169898022,4,20,153
5135,169898002,169898002,169898022,4,20,170
5136,169898002,169898002,169898022,4,20,151
5137,169898002,169898002,169898022,4,20,150
5138,169898002,169898002,169898022,4,20,58
5139,169898008,169898008,169898028,4,20,143
5140,169898008,169898008,169898028,4,20,65
5141,169898008,169898008,169898028,4,20,62
5142,169898008,169898008,169898028,4,20,63
5143,169898008,169898008,169898028,4,20,21
5144,169898008,169898008,169898028,4,20,45
5145,169898008,169898008,169898028,4,20,44
5146,169898008,169898008,169898028,4,20,45
5147,169898008,169898008,169898028,4,20,43
5148,169898008,169898008,169898028,4,20,45
5149,169898008,169898008,169898028,4,20,58
5150,169898008,169898008,169898028,4,20,61
5151,169898008,169898008,169898028,4,20,48
5152,169898008,169898008,169898028,4,20,62
5153,169898008,169898008,169898028,4,20,44
5154,169898008,169898008,169898028,4,20,140
5155,169898008,169898008,169898028,4,20,122
5156,169898008,169898008,169898029,4,21,47
5157,169898008,169898008,169898028,4,20,123
5158,169898008,169898008,169898028,4,20,65
5159,169898008,169898008,169898028,4,20,45
5160,169898008,169898008,169898028,4,20,42
5161,169898008,169898008,169898028,4,20,45
5162,169898008,169898008,169898028,4,20,45
5163,169898008,169898008,169898028,4,20,73
5164,169898008,169898008,169898028,4,20,110
5165,169898008,169898008,169898028,4,20,145
5166,169898008,169898008,169898028,4,20,137
5167,169898008,169898008,169898028,4,20,126
5168,169898008,169898008,169898028,4,20,140
5169,169898008,169898008,169898028,4,20,134
5170,169898008,169898008,169898028,4,20,119
5171,169898008,169898008,169898028,4,20,64
5172,169898008,169898008,169898028,4,20,61
5173,169898008,169898008,169898028,4,20,57
5174,169898008,169898008,169898028,4,20,40
5175,169898008,169898008,169898029,4,21,141
5176,169898008,169898008,169898028,4,20,47
5177,169898008,169898008,169898028,4,20,58
5178,169898008,169898008,169898029,4,21,22
5179,169898014,169898018,169898038,4,20,67
5180,169898014,169898014,169898034,4,20,42
5181,169898014,169898014,169898034,4,20,43
5182,169898014,169898014,169898034,4,20,67
5183,169898014,169898014,169898034,4,20,123
5184,169898014,169898014,169898034,4,20,137
5185,169898014,169898014,169898034,4,20,43
5186,169898014,169898014,169898034,4,20,74
5187,169898014,169898014,169898034,4,20,42
5188,169898014,169898017,169898038,4,21,82
5189,169898014,169898017,169898037,4,20,41
5190,169898014,169898017,169898037,4,20,158
5191,169898014,169898017,169898037,4,20,62
5192,169898014,169898017,169898037,4,20,63
5193,169898014,169898017,169898037,4,20,42
5194,169898014,169898017,169898037,4,20,42
5195,169898014,169898017,169898037,4,20,43
5196,169898014,169898017,169898038,4,21,48
5197,169898014,169898017,169898038,4,21,126
5198,169898014,169898017,169898038,4,21,184
5199,169898014,169898018,169898038,4,20,149
5200,169898014,169898018,169898038,4,20,46
5201,169898014,169898018,169898038,4,20,20
5202,169898014,169898018,169898038,4,20,132
5203,169898014,169898018,169898038,4,20,69
5204,169898014,169898018,169898038,4,20,138
5205,169898014,169898018,169898038,4,20,45
5206,169898014,169898018,169898038,4,20,42
5207,169898014,169898018,169898038,4,20,70
5208,169898014,169898018,169898038,4,20,42
5209,169898014,169898018,169898038,4,20,106
5210,169898014,169898018,169898038,4,20,89
5211,169898014,169898018,169898038,4,20,27
5212,169898014,169898018,169898038,4,20,91
5213,169898014,169898018,169898038,4,20,73
5214,169898014,169898018,169898038,4,20,28
5215,169898014,169898018,169898038,4,20,84
5216,169898014,169898018,169898038,4,20,52
5217,169898014,169898018,169898038,4,20,87
5218,169898014,169898018,169898038,4,20,130
5219,169898020,169898024,169898044,4,20,72
5220,169898020,169898020,169898040,4,20,56
5221,169898020,169898020,169898040,4,20,86
5222,169898020,169898020,169898040,4,20,42
5223,169898020,169898020,169898040,4,20,67
5224,169898020,169898020,169898040,4,20,83
5225,169898020,169898020,169898040,4,20,146
5226,169898020,169898020,169898040,4,20,57
5227,169898020,169898020,169898040,4,20,42
5228,169898020,169898024,169898044,4,20,45
5230,169898020,169898024,169898044,4,20,136
5231,169898020,169898024,169898044,4,20,89
5232,169898020,169898024,169898044,4,20,90
5233,169898020,169898024,169898044,4,20,99
5234,169898020,169898024,169898044,4,20,84
5235,169898020,169898024,169898044,4,20,80
5236,169898020,169898024,169898044,4,20,134
5237,169898020,169898024,169898044,4,20,49
5238,169898020,169898024,169898044,4,20,68
5239,169898020,169898024,169898044,4,20,47
5240,169898020,169898024,169898044,4,20,123
5241,169898020,169898024,169898044,4,20,59
5242,169898020,169898024,169898044,4,20,136
5243,169898020,169898024,169898044,4,20,45
5244,169898020,169898024,169898044,4,20,91
5245,169898020,169898024,169898044,4,20,48
5246,169898020,169898024,169898044,4,20,87
5247,169898020,169898024,169898044,4,20,71
5248,169898020,169898024,169898044,4,20,135
5249,169898020,169898024,169898044,4,20,76
5250,169898020,169898024,169898044,4,20,90
5251,169898020,169898024,169898044,4,20,153
5252,169898020,169898024,169898044,4,20,98
5253,169898020,169898024,169898044,4,20,170
5254,169898020,169898024,169898044,4,20,66
5255,169898020,169898024,169898044,4,20,118
5256,169898020,169898024,169898044,4,20,132
5257,169898020,169898024,169898044,4,20,140
5258,169898020,169898024,169898044,4,20,46
5229,169898025,169898059,169898079,4,20,42
5259,169898062,169898062,169898083,4,21,89
5260,169898062,169898062,169898083,4,21,30
5261,169898062,169898062,169898083,4,21,42
5262,169898062,169898062,169898083,4,21,49
5263,169898062,169898062,169898083,4,21,22
5264,169898062,169898062,169898083,4,21,62
5265,169898062,169898062,169898083,4,21,43
5266,169898062,169898062,169898083,4,21,20
5267,169898062,169898062,169898083,4,21,20
5268,169898062,169898062,169898083,4,21,46
5269,169898062,169898062,169898083,4,21,46
5270,169898062,169898062,169898083,4,21,45
5271,169898062,169898062,169898083,4,21,44
5272,169898062,169898062,169898083,4,21,42
5273,169898062,169898062,169898083,4,21,42
5274,169898062,169898062,169898083,4,21,52
5275,169898062,169898062,169898083,4,21,89
5276,169898062,169898062,169898083,4,21,38
5277,169898062,169898062,169898083,4,21,82
5278,169898062,169898062,169898083,4,21,55
5279,169898062,169898062,169898083,4,21,81
5280,169898062,169898062,169898083,4,21,86
5281,169898062,169898062,169898083,4,21,184
5282,169898062,169898062,169898083,4,21,149
5283,169898062,169898062,169898083,4,21,126
5284,169898062,169898062,169898083,4,21,149
5285,169898062,169898062,169898083,4,21,44
5286,169898062,169898062,169898083,4,21,87
5287,169898062,169898062,169898083,4,21,158
5288,169898062,169898062,169898083,4,21,90
5289,169898062,169898062,169898083,4,21,44
5290,169898062,169898062,169898083,4,21,76
5291,169898062,169898062,169898083,4,21,132
5292,169898062,169898062,169898083,4,21,106
5293,169898062,169898062,169898083,4,21,46
5294,169898062,169898062,169898083,4,21,138
5295,169898062,169898062,169898083,4,21,67
5296,169898062,169898062,169898083,4,21,80
5297,169898062,169898062,169898083,4,21,43
5298,169898062,169898062,169898083,4,21,42
5299,169898068,169898069,169898089,4,20,52
5300,169898068,169898069,169898089,4,20,51
5301,169898068,169898069,169898089,4,20,48
5302,169898068,169898069,169898089,4,20,46
5303,169898068,169898069,169898089,4,20,64
5304,169898068,169898069,169898089,4,20,116
5305,169898068,169898069,169898089,4,20,115
5306,169898068,169898069,169898089,4,20,136
5307,169898068,169898069,169898089,4,20,68
5308,169898068,169898069,169898089,4,20,90
5309,169898068,169898069,169898089,4,20,109
5310,169898068,169898069,169898089,4,20,120
5311,169898068,169898069,169898089,4,20,60
5312,169898068,169898069,169898089,4,20,126
5313,169898068,169898069,169898089,4,20,135
5314,169898068,169898069,169898089,4,20,85
5315,169898068,169898069,169898089,4,20,65
5316,169898068,169898069,169898089,4,20,65
5317,169898068,169898069,169898089,4,20,65
5318,169898068,169898069,169898089,4,20,22
5319,169898068,169898069,169898089,4,20,20
5320,169898068,169898069,169898089,4,20,21
5321,169898068,169898069,169898089,4,20,27
5322,169898068,169898069,169898089,4,20,20
5323,169898068,169898069,169898089,4,20,46
5324,169898068,169898069,169898089,4,20,85
5325,169898068,169898069,169898089,4,20,84
5326,169898068,169898069,169898089,4,20,80
5327,169898068,169898069,169898089,4,20,65
5328,169898068,169898069,169898089,4,20,59
5329,169898068,169898069,169898089,4,20,89
5330,169898068,169898069,169898089,4,20,68
5331,169898068,169898069,169898089,4,20,62
5332,169898068,169898069,169898089,4,20,56
5333,169898068,169898069,169898089,4,20,134
5334,169898068,169898069,169898089,4,20,153
5335,169898068,169898069,169898089,4,20,170
5336,169898068,169898069,169898089,4,20,151
5337,169898068,169898069,169898089,4,20,150
5338,169898068,169898069,169898089,4,20,58
5341,169898075,169898075,169898095,4,20,143
5342,169898075,169898075,169898095,4,20,65
5343,169898075,169898075,169898095,4,20,62
5344,169898075,169898075,169898095,4,20,63
5345,169898075,169898075,169898095,4,20,21
5346,169898075,169898075,169898095,4,20,45
5347,169898075,169898075,169898095,4,20,44
5348,169898075,169898075,169898095,4,20,45
5349,169898075,169898075,169898095,4,20,43
5350,169898075,169898075,169898095,4,20,45
5351,169898075,169898075,169898095,4,20,58
5352,169898075,169898075,169898095,4,20,61
5353,169898075,169898075,169898095,4,20,48
5354,169898075,169898075,169898095,4,20,62
5355,169898075,169898075,169898095,4,20,44
5356,169898075,169898075,169898095,4,20,140
5357,169898075,169898075,169898095,4,20,122
5358,169898075,169898075,169898095,4,20,47
5359,169898075,169898075,169898095,4,20,123
5360,169898075,169898075,169898095,4,20,65
5361,169898075,169898075,169898095,4,20,45
5362,169898075,169898075,169898095,4,20,42
5363,169898075,169898075,169898095,4,20,45
5364,169898075,169898075,169898095,4,20,45
5365,169898075,169898075,169898095,4,20,73
5366,169898075,169898075,169898095,4,20,110
5367,169898075,169898075,169898095,4,20,145
5368,169898075,169898075,169898095,4,20,137
5369,169898075,169898075,169898095,4,20,126
5370,169898075,169898075,169898095,4,20,140
5371,169898075,169898075,169898095,4,20,134
5372,169898075,169898075,169898095,4,20,119
5373,169898075,169898075,169898095,4,20,64
5374,169898075,169898075,169898095,4,20,61
5375,169898075,169898075,169898095,4,20,58
5376,169898075,169898075,169898095,4,20,40
5377,169898075,169898075,169898095,4,20,47
5378,169898075,169898075,169898095,4,20,58
5379,169898075,169898075,169898095,4,20,141
5380,169898075,169898075,169898095,4,20,92
5381,169898081,169898085,169898106,4,21,45
5382,169898081,169898081,169898101,4,20,42
5383,169898081,169898081,169898101,4,20,43
5384,169898081,169898081,169898101,4,20,67
5385,169898081,169898081,169898101,4,20,41
5386,169898081,169898081,169898101,4,20,123
5387,169898081,169898081,169898101,4,20,137
5388,169898081,169898081,169898101,4,20,43
5389,169898081,169898081,169898101,4,20,74
5391,169898081,169898084,169898105,4,21,149
5392,169898081,169898084,169898105,4,21,67
5393,169898081,169898084,169898105,4,21,46
5394,169898081,169898084,169898106,4,22,42
5395,169898081,169898084,169898105,4,21,57
5396,169898081,169898085,169898105,4,20,65
5397,169898081,169898085,169898105,4,20,106
5398,169898081,169898085,169898106,4,21,45
5399,169898081,169898085,169898105,4,20,42
5400,169898081,169898085,169898105,4,20,30
5401,169898081,169898085,169898105,4,20,55
5402,169898081,169898085,169898105,4,20,87
5403,169898081,169898085,169898105,4,20,184
5404,169898081,169898085,169898105,4,20,67
5405,169898081,169898085,169898105,4,20,85
5406,169898081,169898085,169898105,4,20,131
5407,169898081,169898085,169898105,4,20,45
5408,169898081,169898085,169898105,4,20,110
5409,169898081,169898085,169898105,4,20,158
5410,169898081,169898085,169898105,4,20,55
5411,169898081,169898085,169898105,4,20,46
5412,169898081,169898085,169898105,4,20,43
5413,169898081,169898085,169898105,4,20,86
5414,169898081,169898085,169898105,4,20,71
5415,169898081,169898085,169898105,4,20,81
5416,169898081,169898085,169898105,4,20,62
5417,169898081,169898085,169898105,4,20,89
5418,169898081,169898085,169898105,4,20,45
5419,169898081,169898085,169898105,4,20,89
5420,169898081,169898085,169898106,4,21,80
5421,169898081,169898085,169898105,4,20,45
5390,169898084,169898084,169898097,1,13,17
5422,169898087,169898091,169898111,4,20,170
5423,169898087,169898087,169898107,4,20,67
5424,169898087,169898087,169898107,4,20,89
5425,169898087,169898087,169898107,4,20,42
5426,169898087,169898087,169898107,4,20,90
5427,169898087,169898087,169898107,4,20,132
5428,169898087,169898087,169898107,4,20,138
5429,169898087,169898087,169898107,4,20,149
5430,169898087,169898087,169898107,4,20,56
5432,169898087,169898090,169898111,4,21,90
5433,169898087,169898090,169898111,4,21,49
5434,169898087,169898090,169898111,4,21,45
5435,169898087,169898090,169898111,4,21,20
5436,169898087,169898090,169898110,4,20,136
5437,169898087,169898090,169898111,4,21,89
5438,169898087,169898090,169898111,4,21,49
5439,169898087,169898090,169898110,4,20,84
5440,169898087,169898090,169898111,4,21,88
5441,169898087,169898090,169898110,4,20,83
5442,169898087,169898090,169898110,4,20,123
5443,169898087,169898090,169898111,4,21,71
5444,169898087,169898090,169898111,4,21,134
5445,169898087,169898090,169898110,4,20,21
5446,169898087,169898090,169898110,4,20,136
5447,169898087,169898090,169898112,4,22,116
5448,169898087,169898090,169898111,4,21,66
5449,169898087,169898090,169898111,4,21,68
5450,169898087,169898090,169898111,4,21,84
5451,169898087,169898090,169898111,4,21,20
5452,169898087,169898090,169898111,4,21,135
5453,169898087,169898090,169898111,4,21,109
5454,169898087,169898091,169898111,4,20,85
5455,169898087,169898091,169898111,4,20,90
5456,169898087,169898091,169898111,4,20,62
5457,169898087,169898091,169898111,4,20,63
5458,169898087,169898091,169898111,4,20,126
5459,169898087,169898091,169898111,4,20,133
5460,169898087,169898091,169898111,4,20,98
5461,169898087,169898091,169898111,4,20,150
5462,169898087,169898091,169898111,4,20,141
5463,169898093,169898097,169898118,4,21,124
5464,169898093,169898093,169898113,4,20,117
5465,169898093,169898093,169898113,4,20,58
5466,169898093,169898093,169898113,4,20,22
5467,169898093,169898093,169898113,4,20,153
5468,169898093,169898093,169898113,4,20,151
5469,169898093,169898093,169898113,4,20,135
5470,169898093,169898093,169898113,4,20,68
5471,169898093,169898093,169898113,4,20,46
5472,169898093,169898096,169898117,4,21,68
5473,169898093,169898096,169898117,4,21,140
5474,169898093,169898096,169898117,4,21,61
5475,169898093,169898096,169898117,4,21,137
5476,169898093,169898096,169898117,4,21,45
5477,169898093,169898096,169898117,4,21,21
5478,169898093,169898096,169898117,4,21,45
5479,169898093,169898096,169898117,4,21,141
5480,169898093,169898096,169898118,4,22,90
5481,169898093,169898097,169898117,4,20,46
5482,169898093,169898097,169898117,4,20,46
5483,169898093,169898097,169898117,4,20,62
5484,169898093,169898097,169898117,4,20,113
5485,169898093,169898097,169898117,4,20,145
5486,169898093,169898097,169898117,4,20,58
5487,169898093,169898097,169898117,4,20,118
5488,169898093,169898097,169898118,4,21,103
5489,169898093,169898097,169898117,4,20,45
5490,169898093,169898097,169898117,4,20,61
5491,169898093,169898097,169898117,4,20,98
5492,169898093,169898097,169898117,4,20,137
5493,169898093,169898097,169898117,4,20,122
5494,169898093,169898097,169898117,4,20,143
5495,169898093,169898097,169898117,4,20,47
5496,169898093,169898097,169898117,4,20,55
5497,169898093,169898097,169898118,4,21,60
5498,169898093,169898097,169898117,4,20,60
5499,169898093,169898097,169898117,4,20,65
5500,169898093,169898097,169898118,4,21,45
5501,169898093,169898097,169898117,4,20,43
5502,169898093,169898097,169898117,4,20,133
5503,169898099,169898108,169898128,4,20,62
5504,169898099,169898099,169898120,4,21,80
5505,169898099,169898099,169898120,4,21,123
5506,169898099,169898099,169898120,4,21,45
5507,169898099,169898099,169898120,4,21,117
5508,169898099,169898099,169898120,4,21,61
5509,169898099,169898099,169898120,4,21,41
5510,169898099,169898099,169898120,4,21,27
5511,169898099,169898099,169898120,4,21,92
5512,169898099,169898103,169898123,4,20,43
5513,169898099,169898103,169898123,4,20,67
5514,169898099,169898103,169898123,4,20,143
5515,169898099,169898103,169898124,4,21,123
5516,169898099,169898103,169898123,4,20,41
5517,169898099,169898103,169898123,4,20,42
5518,169898099,169898103,169898124,4,21,140
5519,169898099,169898103,169898124,4,21,123
5521,169898099,169898108,169898128,4,20,67
5522,169898099,169898108,169898128,4,20,30
5523,169898099,169898108,169898128,4,20,23
5524,169898099,169898108,169898128,4,20,42
5525,169898099,169898108,169898128,4,20,65
5526,169898099,169898108,169898128,4,20,42
5527,169898099,169898108,169898128,4,20,20
5528,169898099,169898108,169898128,4,20,106
5529,169898099,169898108,169898128,4,20,90
5530,169898099,169898108,169898128,4,20,84
5531,169898099,169898108,169898128,4,20,46
5532,169898099,169898108,169898128,4,20,46
5533,169898099,169898108,169898128,4,20,126
5534,169898099,169898108,169898128,4,20,139
5535,169898099,169898108,169898128,4,20,48
5536,169898099,169898108,169898128,4,20,87
5537,169898099,169898108,169898128,4,20,21
5538,169898099,169898108,169898128,4,20,43
5539,169898099,169898108,169898128,4,20,38
5540,169898099,169898108,169898128,4,20,82
5541,169898099,169898108,169898128,4,20,55
5542,169898099,169898108,169898128,4,20,184
5543,169898099,169898108,169898128,4,20,76
5544,169898111,169898113,169898133,4,20,85
5545,169898111,169898111,169898132,4,21,158
5546,169898111,169898111,169898132,4,21,86
5547,169898111,169898111,169898132,4,21,45
5548,169898111,169898111,169898132,4,21,86
5549,169898111,169898111,169898132,4,21,90
5550,169898111,169898111,169898132,4,21,80
5551,169898111,169898111,169898132,4,21,42
5552,169898111,169898111,169898132,4,21,42
5553,169898111,169898111,169898132,4,21,42
5554,169898111,169898112,169898132,4,20,136
5555,169898111,169898112,169898132,4,20,21
5556,169898111,169898112,169898132,4,20,48
5557,169898111,169898112,169898132,4,20,96
5558,169898111,169898112,169898132,4,20,51
5559,169898111,169898112,169898132,4,20,92
5560,169898111,169898112,169898132,4,20,132
5561,169898111,169898112,169898132,4,20,46
5562,169898111,169898112,169898132,4,20,138
5563,169898111,169898112,169898132,4,20,41
5564,169898111,169898112,169898132,4,20,20
5565,169898111,169898112,169898132,4,20,134
5566,169898111,169898112,169898132,4,20,126
5567,169898111,169898112,169898132,4,20,149
5568,169898111,169898112,169898132,4,20,56
5569,169898111,169898112,169898132,4,20,56
5570,169898111,169898112,169898132,4,20,43
5571,169898111,169898112,169898132,4,20,84
5572,169898111,169898112,169898132,4,20,123
5573,169898111,169898112,169898132,4,20,80
5574,169898111,169898112,169898132,4,20,118
5575,169898111,169898112,169898132,4,20,91
5576,169898111,169898112,169898132,4,20,109
5577,169898111,169898112,169898132,4,20,59
5578,169898111,169898112,169898132,4,20,84
5579,169898111,169898112,169898132,4,20,90
5580,169898111,169898112,169898133,4,21,65
5581,169898111,169898112,169898133,4,21,135
5582,169898111,169898112,169898133,4,21,62
5583,169898111,169898113,169898133,4,20,73
5584,169898117,169898119,169898140,4,21,66
5585,169898117,169898119,169898139,4,20,46
5586,169898117,169898119,169898139,4,20,137
5587,169898117,169898119,169898139,4,20,55
5588,169898117,169898119,169898139,4,20,62
5589,169898117,169898119,169898139,4,20,43
5590,169898117,169898119,169898139,4,20,46
5591,169898117,169898119,169898139,4,20,98
5592,169898117,169898119,169898139,4,20,114
5593,169898117,169898119,169898139,4,20,58
5594,169898117,169898119,169898139,4,20,65
5595,169898117,169898119,169898139,4,20,22
5596,169898117,169898119,169898139,4,20,22
5597,169898117,169898119,169898139,4,20,76
5598,169898117,169898119,169898139,4,20,145
5599,169898117,169898119,169898139,4,20,140
5600,169898117,169898119,169898139,4,20,135
5601,169898117,169898119,169898139,4,20,83
5602,169898117,169898119,169898139,4,20,68
5603,169898117,169898119,169898139,4,20,65
5604,169898117,169898119,169898139,4,20,21
5605,169898117,169898119,169898139,4,20,46
5606,169898117,169898119,169898139,4,20,44
5607,169898117,169898119,169898139,4,20,44
5608,169898117,169898119,169898139,4,20,134
5609,169898117,169898119,169898139,4,20,153
5610,169898117,169898119,169898139,4,20,170
5611,169898117,169898119,169898139,4,20,154
5612,169898117,169898119,169898139,4,20,58
5613,169898117,169898119,169898139,4,20,64
5614,169898117,169898119,169898139,4,20,141
5615,169898117,169898119,169898139,4,20,63
5616,169898117,169898119,169898139,4,20,49
5617,169898117,169898119,169898139,4,20,48
5618,169898117,169898119,169898140,4,21,137
5619,169898117,169898119,169898140,4,21,45
5620,169898117,169898119,169898139,4,20,46
5621,169898117,169898119,169898139,4,20,54
5622,169898117,169898119,169898140,4,21,113
5623,169898117,169898119,169898140,4,21,124
5624,169898123,169898130,169898150,4,20,63
5625,169898123,169898125,169898145,4,20,61
5626,169898123,169898125,169898145,4,20,80
5627,169898123,169898125,169898145,4,20,60
5628,169898123,169898125,169898145,4,20,60
5629,169898123,169898125,169898145,4,20,65
5630,169898123,169898125,169898145,4,20,42
5631,169898123,169898125,169898145,4,20,45
5632,169898123,169898125,169898145,4,20,44
5633,169898123,169898125,169898145,4,20,140
5634,169898123,169898125,169898145,4,20,106
5635,169898123,169898125,169898145,4,20,116
5636,169898123,169898125,169898145,4,20,61
5637,169898123,169898125,169898145,4,20,40
5638,169898123,169898125,169898145,4,20,123
5639,169898123,169898125,169898145,4,20,40
5640,169898123,169898125,169898145,4,20,133
5641,169898123,169898125,169898145,4,20,51
5642,169898123,169898125,169898145,4,20,43
5643,169898123,169898125,169898145,4,20,45
5644,169898123,169898125,169898145,4,20,67
5645,169898123,169898126,169898146,4,20,125
5646,169898123,169898126,169898146,4,20,143
5647,169898123,169898126,169898147,4,21,42
5648,169898123,169898126,169898146,4,20,74
5649,169898123,169898129,169898150,4,21,55
5650,169898123,169898129,169898150,4,21,126
5651,169898123,169898129,169898150,4,21,140
5652,169898123,169898129,169898150,4,21,68
5653,169898123,169898129,169898151,4,22,184
5654,169898123,169898130,169898150,4,20,82
5655,169898123,169898130,169898150,4,20,123
5656,169898123,169898130,169898151,4,21,60
5657,169898123,169898130,169898150,4,20,23
5658,169898123,169898130,169898150,4,20,67
5659,169898123,169898130,169898150,4,20,51
5660,169898123,169898130,169898150,4,20,20
5661,169898123,169898130,169898150,4,20,65
5662,169898123,169898130,169898150,4,20,41
5663,169898123,169898130,169898150,4,20,25
5664,169898135,169898136,169898156,4,20,28
5665,169898135,169898136,169898156,4,20,134
5666,169898135,169898136,169898156,4,20,149
5667,169898135,169898136,169898156,4,20,86
5668,169898135,169898136,169898156,4,20,45
5669,169898135,169898136,169898156,4,20,85
5670,169898135,169898136,169898156,4,20,46
5671,169898135,169898136,169898156,4,20,44
5672,169898135,169898136,169898156,4,20,158
5673,169898135,169898136,169898156,4,20,90
5674,169898135,169898136,169898156,4,20,76
5675,169898135,169898136,169898156,4,20,20
5676,169898135,169898136,169898156,4,20,20
5677,169898135,169898136,169898156,4,20,42
5678,169898135,169898136,169898156,4,20,42
5679,169898135,169898136,169898156,4,20,92
5680,169898135,169898136,169898156,4,20,136
5681,169898135,169898136,169898156,4,20,81
5682,169898135,169898136,169898156,4,20,86
5683,169898135,169898136,169898156,4,20,90
5684,169898135,169898136,169898156,4,20,46
5685,169898135,169898136,169898156,4,20,67
5686,169898135,169898136,169898156,4,20,80
5687,169898135,169898136,169898157,4,21,45
5688,169898135,169898136,169898156,4,20,133
5689,169898135,169898136,169898156,4,20,109
5690,169898135,169898136,169898156,4,20,73
5691,169898135,169898136,169898156,4,20,49
5692,169898135,169898136,169898156,4,20,85
5693,169898135,169898136,169898156,4,20,84
5694,169898135,169898136,169898156,4,20,83
5695,169898135,169898136,169898156,4,20,59
5696,169898135,169898136,169898156,4,20,89
5697,169898135,169898136,169898156,4,20,68
5698,169898135,169898136,169898156,4,20,62
5699,169898135,169898136,169898156,4,20,90
5700,169898135,169898136,169898156,4,20,109
5701,169898135,169898136,169898156,4,20,120
5702,169898135,169898136,169898156,4,20,60
5703,169898135,169898136,169898156,4,20,126
5704,169898138,169898138,169898156,1,18,34
5705,169898142,169898142,169898162,4,20,62
5706,169898142,169898142,169898163,4,21,43
5707,169898142,169898142,169898162,4,20,56
5708,169898142,169898142,169898162,4,20,46
5709,169898142,169898142,169898162,4,20,137
5710,169898142,169898142,169898162,4,20,57
5711,169898142,169898142,169898162,4,20,55
5712,169898142,169898142,169898162,4,20,61
5713,169898142,169898142,169898162,4,20,43
5714,169898142,169898142,169898162,4,20,45
5715,169898142,169898142,169898162,4,20,22
5716,169898142,169898142,169898162,4,20,20
5717,169898142,169898142,169898162,4,20,30
5718,169898142,169898142,169898162,4,20,98
5719,169898142,169898142,169898162,4,20,114
5720,169898142,169898142,169898162,4,20,68
5721,169898142,169898142,169898162,4,20,58
5722,169898142,169898142,169898162,4,20,52
5723,169898142,169898142,169898162,4,20,68
5724,169898142,169898142,169898162,4,20,135
5725,169898142,169898142,169898162,4,20,83
5726,169898142,169898142,169898162,4,20,68
5727,169898142,169898142,169898162,4,20,62
5728,169898142,169898142,169898162,4,20,134
5729,169898142,169898142,169898162,4,20,153
5730,169898142,169898142,169898162,4,20,170
5731,169898142,169898142,169898162,4,20,154
5732,169898142,169898142,169898162,4,20,74
5733,169898142,169898142,169898162,4,20,110
5734,169898142,169898142,169898162,4,20,145
5735,169898142,169898142,169898162,4,20,137
5736,169898142,169898142,169898162,4,20,140
5737,169898142,169898142,169898162,4,20,21
5738,169898142,169898142,169898162,4,20,46
5739,169898142,169898142,169898162,4,20,44
5740,169898142,169898142,169898162,4,20,45
5741,169898142,169898142,169898162,4,20,44
5742,169898142,169898142,169898162,4,20,46
5743,169898142,169898142,169898162,4,20,59
5744,169898142,169898142,169898162,4,20,60
5745,169898148,169898152,169898172,4,20,58
5746,169898148,169898148,169898168,4,20,80
5747,169898148,169898148,169898168,4,20,63
5748,169898148,169898148,169898168,4,20,53
5749,169898148,169898148,169898168,4,20,61
5750,169898148,169898148,169898168,4,20,66
5751,169898148,169898148,169898168,4,20,57
5752,169898148,169898148,169898169,4,21,51
5753,169898148,169898148,169898168,4,20,63
5754,169898148,169898148,169898168,4,20,65
5755,169898148,169898148,169898168,4,20,42
5756,169898148,169898148,169898168,4,20,45
5757,169898148,169898148,169898168,4,20,116
5758,169898148,169898148,169898168,4,20,61
5759,169898148,169898148,169898168,4,20,40
5760,169898148,169898148,169898168,4,20,40
5761,169898148,169898148,169898168,4,20,44
5762,169898148,169898148,169898168,4,20,140
5763,169898148,169898148,169898168,4,20,122
5764,169898148,169898148,169898168,4,20,47
5765,169898148,169898148,169898168,4,20,123
5766,169898148,169898148,169898168,4,20,21
5767,169898148,169898148,169898168,4,20,142
5768,169898148,169898148,169898168,4,20,138
5769,169898148,169898148,169898168,4,20,140
5770,169898148,169898148,169898168,4,20,58
5771,169898148,169898148,169898168,4,20,132
5772,169898148,169898148,169898168,4,20,68
5773,169898148,169898148,169898168,4,20,43
5774,169898148,169898148,169898168,4,20,46
5775,169898148,169898148,169898169,4,21,126
5776,169898148,169898148,169898169,4,21,41
5777,169898148,169898149,169898169,4,20,38
5778,169898148,169898151,169898172,4,21,55
5779,169898148,169898151,169898172,4,21,126
5780,169898148,169898151,169898172,4,21,67
5781,169898148,169898151,169898172,4,21,139
5782,169898148,169898151,169898172,4,21,43
5783,169898148,169898152,169898172,4,20,55
5784,169898148,169898152,169898172,4,20,68
5785,169898154,169898158,169898178,4,20,64
5786,169898154,169898154,169898174,4,20,20
5787,169898154,169898154,169898174,4,20,38
5788,169898154,169898154,169898174,4,20,85
5789,169898154,169898154,169898174,4,20,137
5790,169898154,169898154,169898174,4,20,52
5791,169898154,169898154,169898174,4,20,139
5792,169898154,169898154,169898174,4,20,63
5793,169898154,169898154,169898174,4,20,42
5794,169898154,169898157,169898177,4,20,96
5795,169898154,169898157,169898177,4,20,52
5796,169898154,169898157,169898177,4,20,114
5797,169898154,169898157,169898177,4,20,86
5798,169898154,169898157,169898177,4,20,149
5799,169898154,169898157,169898177,4,20,134
5800,169898154,169898157,169898177,4,20,118
5801,169898154,169898157,169898177,4,20,76
5802,169898154,169898157,169898177,4,20,62
5803,169898154,169898157,169898177,4,20,63
5804,169898154,169898157,169898177,4,20,88
5805,169898154,169898157,169898177,4,20,89
5806,169898154,169898157,169898177,4,20,86
5807,169898154,169898157,169898178,4,21,120
5808,169898154,169898157,169898178,4,21,59
5809,169898154,169898157,169898178,4,21,158
5810,169898154,169898157,169898178,4,21,49
5811,169898154,169898157,169898178,4,21,43
5812,169898154,169898157,169898178,4,21,109
5813,169898154,169898157,169898178,4,21,136
5814,169898154,169898158,169898178,4,20,85
5815,169898154,169898158,169898178,4,20,84
5816,169898154,169898158,169898178,4,20,127
5817,169898154,169898158,169898178,4,20,77
5818,169898154,169898158,169898178,4,20,135
5819,169898154,169898158,169898178,4,20,65
5820,169898154,169898158,169898178,4,20,90
5821,169898154,169898158,169898178,4,20,71
5822,169898154,169898158,169898178,4,20,52
5823,169898154,169898158,169898178,4,20,84
5824,169898154,169898158,169898178,4,20,80
5825,169898160,169898164,169898184,4,20,30
5826,169898160,169898160,169898180,4,20,90
5827,169898160,169898160,169898180,4,20,42
5828,169898160,169898160,169898180,4,20,67
5829,169898160,169898160,169898180,4,20,84
5830,169898160,169898160,169898180,4,20,149
5831,169898160,169898160,169898180,4,20,86
5832,169898160,169898160,169898180,4,20,42
5833,169898160,169898160,169898180,4,20,47
5834,169898160,169898164,169898184,4,20,55
5835,169898160,169898164,169898184,4,20,119
5836,169898160,169898164,169898184,4,20,136
5838,169898160,169898164,169898184,4,20,45
5839,169898160,169898164,169898184,4,20,110
5840,169898160,169898164,169898184,4,20,140
5841,169898160,169898164,169898184,4,20,109
5842,169898160,169898164,169898184,4,20,87
5843,169898160,169898164,169898184,4,20,133
5844,169898160,169898164,169898184,4,20,90
5845,169898160,169898164,169898184,4,20,59
5846,169898160,169898164,169898184,4,20,121
5847,169898160,169898164,169898184,4,20,62
5848,169898160,169898164,169898185,4,21,101
5849,169898160,169898164,169898184,4,20,62
5850,169898160,169898164,169898184,4,20,100
5851,169898160,169898164,169898184,4,20,27
5852,169898160,169898164,169898184,4,20,134
5853,169898160,169898164,169898184,4,20,137
5854,169898160,169898164,169898184,4,20,45
5855,169898160,169898164,169898184,4,20,145
5856,169898160,169898164,169898184,4,20,95
5857,169898160,169898164,169898184,4,20,45
5858,169898160,169898164,169898184,4,20,141
5859,169898160,169898164,169898184,4,20,46
5860,169898160,169898164,169898184,4,20,150
5861,169898160,169898164,169898184,4,20,83
5862,169898160,169898164,169898184,4,20,47
5863,169898160,169898164,169898184,4,20,84
5864,169898160,169898164,169898184,4,20,117
5837,169898165,169898197,169898217,4,20,42
5865,169898202,169898202,169898223,4,21,90
5866,169898202,169898202,169898223,4,21,30
5867,169898202,169898202,169898223,4,21,42
5868,169898202,169898202,169898223,4,21,49
5869,169898202,169898202,169898224,4,22,22
5870,169898202,169898202,169898223,4,21,62
5871,169898202,169898202,169898223,4,21,43
5872,169898202,169898202,169898223,4,21,20
5873,169898202,169898202,169898223,4,21,20
5874,169898202,169898202,169898223,4,21,46
5875,169898202,169898202,169898223,4,21,46
5876,169898202,169898202,169898223,4,21,45
5877,169898202,169898202,169898223,4,21,44
5878,169898202,169898202,169898223,4,21,42
5879,169898202,169898202,169898223,4,21,42
5880,169898202,169898202,169898223,4,21,52
5881,169898202,169898202,169898223,4,21,86
5882,169898202,169898202,169898223,4,21,38
5883,169898202,169898202,169898223,4,21,82
5884,169898202,169898202,169898223,4,21,55
5885,169898202,169898202,169898223,4,21,152
5886,169898202,169898202,169898223,4,21,126
5887,169898202,169898202,169898223,4,21,149
5888,169898202,169898202,169898223,4,21,81
5889,169898202,169898202,169898223,4,21,86
5890,169898202,169898202,169898223,4,21,58
5891,169898202,169898202,169898223,4,21,44
5892,169898202,169898202,169898223,4,21,87
5893,169898202,169898202,169898223,4,21,158
5894,169898202,169898202,169898223,4,21,90
5895,169898202,169898202,169898223,4,21,44
5896,169898202,169898202,169898223,4,21,76
5897,169898202,169898202,169898223,4,21,133
5898,169898202,169898202,169898223,4,21,106
5899,169898202,169898202,169898223,4,21,46
5900,169898202,169898202,169898223,4,21,138
5901,169898202,169898202,169898223,4,21,67
5902,169898202,169898202,169898223,4,21,80
5903,169898202,169898202,169898223,4,21,43
5904,169898202,169898202,169898223,4,21,42
5905,169898208,169898209,169898229,4,20,65
5906,169898208,169898209,169898229,4,20,51
5907,169898208,169898209,169898229,4,20,48
5908,169898208,169898209,169898229,4,20,46
5909,169898208,169898209,169898229,4,20,64
5910,169898208,169898209,169898229,4,20,98
5911,169898208,169898209,169898229,4,20,118
5912,169898208,169898209,169898229,4,20,139
5913,169898208,169898209,169898229,4,20,90
5914,169898208,169898209,169898229,4,20,109
5915,169898208,169898209,169898229,4,20,120
5916,169898208,169898209,169898229,4,20,60
5917,169898208,169898209,169898229,4,20,126
5918,169898208,169898209,169898229,4,20,22
5919,169898208,169898209,169898229,4,20,20
5920,169898208,169898209,169898229,4,20,21
5921,169898208,169898209,169898229,4,20,27
5922,169898208,169898209,169898229,4,20,20
5923,169898208,169898209,169898229,4,20,135
5924,169898208,169898209,169898229,4,20,85
5925,169898208,169898209,169898230,4,21,45
5926,169898208,169898209,169898229,4,20,68
5927,169898208,169898209,169898229,4,20,62
5928,169898208,169898209,169898229,4,20,46
5929,169898208,169898209,169898229,4,20,85
5930,169898208,169898209,169898229,4,20,84
5931,169898208,169898209,169898229,4,20,81
5932,169898208,169898209,169898229,4,20,65
5933,169898208,169898209,169898229,4,20,59
5934,169898208,169898209,169898229,4,20,89
5935,169898208,169898209,169898229,4,20,68
5936,169898208,169898209,169898229,4,20,62
5937,169898208,169898209,169898229,4,20,56
5938,169898208,169898209,169898229,4,20,134
5939,169898208,169898209,169898229,4,20,153
5940,169898208,169898209,169898229,4,20,170
5941,169898208,169898209,169898229,4,20,151
5942,169898208,169898209,169898229,4,20,150
5943,169898208,169898209,169898229,4,20,58
5944,169898208,169898209,169898229,4,20,52
5945,169898215,169898215,169898235,4,20,143
5946,169898215,169898215,169898235,4,20,62
5947,169898215,169898215,169898235,4,20,63
5948,169898215,169898215,169898235,4,20,21
5949,169898215,169898215,169898235,4,20,45
5950,169898215,169898215,169898235,4,20,44
5951,169898215,169898215,169898235,4,20,45
5952,169898215,169898215,169898235,4,20,43
5953,169898215,169898215,169898235,4,20,45
5954,169898215,169898215,169898235,4,20,58
5955,169898215,169898215,169898235,4,20,61
5956,169898215,169898215,169898235,4,20,48
5957,169898215,169898215,169898235,4,20,62
5958,169898215,169898215,169898235,4,20,44
5959,169898215,169898215,169898235,4,20,140
5960,169898215,169898215,169898235,4,20,122
5961,169898215,169898215,169898235,4,20,47
5962,169898215,169898215,169898235,4,20,123
5963,169898215,169898215,169898235,4,20,65
5964,169898215,169898215,169898235,4,20,45
5965,169898215,169898215,169898235,4,20,42
5966,169898215,169898215,169898235,4,20,45
5967,169898215,169898215,169898235,4,20,45
5968,169898215,169898215,169898235,4,20,74
5969,169898215,169898215,169898235,4,20,110
5970,169898215,169898215,169898235,4,20,145
5971,169898215,169898215,169898235,4,20,137
5972,169898215,169898215,169898235,4,20,126
5973,169898215,169898215,169898235,4,20,140
5974,169898215,169898215,169898235,4,20,134
5975,169898215,169898215,169898235,4,20,119
5976,169898215,169898215,169898235,4,20,64
5977,169898215,169898215,169898235,4,20,61
5978,169898215,169898215,169898235,4,20,57
5979,169898215,169898215,169898235,4,20,40
5980,169898215,169898215,169898235,4,20,139
5981,169898215,169898215,169898235,4,20,47
5982,169898215,169898215,169898235,4,20,58
5983,169898215,169898215,169898235,4,20,141
5984,169898215,169898215,169898235,4,20,92
5985,169898221,169898225,169898246,4,21,91
5986,169898221,169898221,169898241,4,20,42
5987,169898221,169898221,169898241,4,20,71
5988,169898221,169898221,169898241,4,20,22
5989,169898221,169898221,169898241,4,20,126
5990,169898221,169898221,169898241,4,20,20
5991,169898221,169898221,169898241,4,20,71
5992,169898221,169898221,169898241,4,20,20
5993,169898221,169898221,169898242,4,21,44
5994,169898221,169898224,169898245,4,21,86
5995,169898221,169898224,169898245,4,21,82
5996,169898221,169898224,169898245,4,21,87
5997,169898221,169898224,169898245,4,21,52
5998,169898221,169898224,169898245,4,21,65
5999,169898221,169898224,169898245,4,21,42
6000,169898221,169898224,169898245,4,21,41
6001,169898221,169898224,169898245,4,21,42
6002,169898221,169898224,169898245,4,21,49
6003,169898221,169898225,169898245,4,20,58
6004,169898221,169898225,169898245,4,20,139
6005,169898221,169898225,169898245,4,20,63
6006,169898221,169898225,169898245,4,20,70
6007,169898221,169898225,169898245,4,20,55
6008,169898221,169898225,169898245,4,20,149
6009,169898221,169898225,169898245,4,20,126
6010,169898221,169898225,169898245,4,20,66
6011,169898221,169898225,169898245,4,20,158
6012,169898221,169898225,169898245,4,20,132
6013,169898221,169898225,169898245,4,20,20
6014,169898221,169898225,169898245,4,20,57
6015,169898221,169898225,169898246,4,21,46
6016,169898221,169898225,169898245,4,20,138
6017,169898221,169898225,169898245,4,20,45
6018,169898221,169898225,169898245,4,20,43
6019,169898221,169898225,169898245,4,20,89
6020,169898221,169898225,169898246,4,21,51
6021,169898221,169898225,169898245,4,20,106
6022,169898221,169898225,169898246,4,21,84
6023,169898221,169898225,169898246,4,21,86
6024,169898221,169898225,169898246,4,21,71
6025,169898227,169898231,169898251,4,20,72
6026,169898227,169898227,169898247,4,20,43
6027,169898227,169898227,169898247,4,20,90
6028,169898227,169898227,169898247,4,20,81
6029,169898227,169898227,169898247,4,20,45
6030,169898227,169898227,169898247,4,20,149
6031,169898227,169898227,169898247,4,20,31
6032,169898227,169898227,169898247,4,20,59
6033,169898227,169898227,169898247,4,20,62
6034,169898227,169898230,169898250,4,20,96
6035,169898227,169898230,169898250,4,20,90
6036,169898227,169898230,169898250,4,20,45
6037,169898227,169898230,169898250,4,20,20
6038,169898227,169898230,169898250,4,20,84
6039,169898227,169898230,169898250,4,20,89
6040,169898227,169898230,169898250,4,20,62
6041,169898227,169898230,169898250,4,20,111
6042,169898227,169898230,169898250,4,20,95
6043,169898227,169898230,169898250,4,20,85
6044,169898227,169898230,169898250,4,20,63
6045,169898227,169898230,169898250,4,20,65
6046,169898227,169898230,169898250,4,20,136
6047,169898227,169898230,169898251,4,21,126
6048,169898227,169898230,169898251,4,21,52
6049,169898227,169898230,169898250,4,20,134
6050,169898227,169898230,169898250,4,20,114
6051,169898227,169898230,169898251,4,21,100
6052,169898227,169898230,169898251,4,21,63
6053,169898227,169898230,169898251,4,21,91
6054,169898227,169898230,169898251,4,21,81
6055,169898227,169898230,169898251,4,21,110
6056,169898227,169898231,169898251,4,20,76
6057,169898227,169898231,169898251,4,20,170
6058,169898227,169898231,169898251,4,20,56
6059,169898227,169898231,169898251,4,20,132
6060,169898227,169898231,169898251,4,20,84
6061,169898227,169898231,169898251,4,20,135
6062,169898227,169898231,169898251,4,20,143
6063,169898227,169898231,169898251,4,20,52
6064,169898227,169898231,169898251,4,20,153
6065,169898233,169898237,169898258,4,21,58
6066,169898233,169898233,169898253,4,20,22
6067,169898233,169898233,169898253,4,20,115
6068,169898233,169898233,169898253,4,20,153
6069,169898233,169898233,169898253,4,20,147
6070,169898233,169898233,169898253,4,20,85
6071,169898233,169898233,169898253,4,20,65
6072,169898233,169898233,169898253,4,20,133
6073,169898233,169898233,169898253,4,20,51
6074,169898233,169898237,169898258,4,21,51
6075,169898233,169898237,169898257,4,20,43
6076,169898233,169898237,169898257,4,20,145
6077,169898233,169898237,169898257,4,20,45
6078,169898233,169898237,169898257,4,20,45
6079,169898233,169898237,169898257,4,20,128
6080,169898233,169898237,169898257,4,20,139
6081,169898233,169898237,169898257,4,20,57
6082,169898233,169898237,169898257,4,20,110
6083,169898233,169898237,169898257,4,20,134
6084,169898233,169898237,169898258,4,21,140
6085,169898233,169898237,169898257,4,20,141
6086,169898233,169898237,169898257,4,20,61
6087,169898233,169898237,169898257,4,20,46
6088,169898233,169898237,169898257,4,20,139
6089,169898233,169898237,169898257,4,20,21
6090,169898233,169898237,169898257,4,20,74
6091,169898233,169898237,169898257,4,20,62
6092,169898233,169898237,169898257,4,20,129
6093,169898233,169898237,169898257,4,20,46
6094,169898233,169898237,169898257,4,20,98
6095,169898233,169898237,169898257,4,20,124
6096,169898233,169898237,169898257,4,20,57
6097,169898233,169898237,169898257,4,20,60
6098,169898233,169898237,169898257,4,20,137
6099,169898233,169898237,169898257,4,20,133
6100,169898233,169898237,169898257,4,20,58
6101,169898233,169898237,169898258,4,21,140
6102,169898233,169898237,169898257,4,20,58
6103,169898233,169898237,169898257,4,20,122
6104,169898233,169898237,169898258,4,21,92
6105,169898239,169898248,169898269,4,21,109
6106,169898239,169898239,169898259,4,20,118
6107,169898239,169898239,169898259,4,20,44
6108,169898239,169898239,169898259,4,20,65
6109,169898239,169898239,169898260,4,21,116
6110,169898239,169898239,169898259,4,20,61
6111,169898239,169898239,169898259,4,20,43
6112,169898239,169898239,169898259,4,20,123
6113,169898239,169898239,169898259,4,20,143
6114,169898239,169898243,169898264,4,21,226
6115,169898239,169898243,169898264,4,21,190
6116,169898239,169898243,169898263,4,20,20
6117,169898239,169898243,169898264,4,21,42
6118,169898239,169898243,169898264,4,21,123
6119,169898239,169898243,169898264,4,21,68
6120,169898239,169898243,169898264,4,21,71
6121,169898239,169898244,169898264,4,20,22
6122,169898239,169898246,169898267,4,21,55
6123,169898239,169898246,169898267,4,21,71
6124,169898239,169898246,169898267,4,21,89
6125,169898239,169898246,169898267,4,21,41
6126,169898239,169898246,169898267,4,21,61
6127,169898239,169898248,169898268,4,20,52
6128,169898239,169898248,169898268,4,20,76
6129,169898239,169898248,169898268,4,20,42
6130,169898239,169898248,169898268,4,20,42
6131,169898239,169898248,169898268,4,20,46
6132,169898239,169898248,169898268,4,20,90
6133,169898239,169898248,169898268,4,20,20
6134,169898239,169898248,169898268,4,20,45
6135,169898239,169898248,169898268,4,20,42
6136,169898239,169898248,169898268,4,20,89
6137,169898239,169898248,169898268,4,20,57
6138,169898239,169898248,169898268,4,20,41
6139,169898239,169898248,169898268,4,20,82
6140,169898239,169898248,169898268,4,20,126
6141,169898239,169898248,169898268,4,20,139
6142,169898239,169898248,169898268,4,20,50
6143,169898239,169898248,169898268,4,20,87
6144,169898239,169898248,169898268,4,20,132
6145,169898251,169898252,169898273,4,21,100
6146,169898251,169898252,169898272,4,20,158
6147,169898251,169898252,169898272,4,20,149
6148,169898251,169898252,169898272,4,20,46
6149,169898251,169898252,169898272,4,20,22
6150,169898251,169898252,169898272,4,20,42
6151,169898251,169898252,169898272,4,20,89
6152,169898251,169898252,169898272,4,20,46
6153,169898251,169898252,169898272,4,20,62
6154,169898251,169898252,169898272,4,20,51
6155,169898251,169898252,169898272,4,20,124
6156,169898251,169898252,169898272,4,20,90
6157,169898251,169898252,169898273,4,21,71
6158,169898251,169898252,169898273,4,21,80
6159,169898251,169898252,169898272,4,20,51
6160,169898251,169898252,169898272,4,20,138
6161,169898251,169898252,169898272,4,20,80
6162,169898251,169898252,169898272,4,20,43
6163,169898251,169898252,169898272,4,20,42
6164,169898251,169898252,169898272,4,20,23
6165,169898251,169898252,169898273,4,21,43
6166,169898251,169898252,169898273,4,21,45
6167,169898251,169898252,169898272,4,20,55
6168,169898251,169898252,169898272,4,20,81
6169,169898251,169898252,169898272,4,20,65
6170,169898251,169898252,169898272,4,20,126
6171,169898251,169898252,169898272,4,20,123
6172,169898251,169898252,169898272,4,20,59
6173,169898251,169898252,169898272,4,20,42
6174,169898251,169898252,169898272,4,20,95
6175,169898251,169898252,169898272,4,20,67
6176,169898251,169898252,169898272,4,20,137
6177,169898251,169898252,169898272,4,20,48
6178,169898251,169898252,169898272,4,20,91
6179,169898251,169898252,169898272,4,20,170
6180,169898251,169898252,169898272,4,20,46
6181,169898251,169898252,169898272,4,20,85
6182,169898251,169898252,169898272,4,20,83
6183,169898251,169898252,169898272,4,20,65
6184,169898251,169898252,169898272,4,20,52
6185,169898257,169898259,169898279,4,20,76
6186,169898257,169898258,169898279,4,21,46
6187,169898257,169898258,169898279,4,21,42
6188,169898257,169898258,169898279,4,21,84
6189,169898257,169898258,169898279,4,21,59
6190,169898257,169898258,169898279,4,21,90
6191,169898257,169898258,169898279,4,21,51
6192,169898257,169898258,169898279,4,21,46
6193,169898257,169898258,169898279,4,21,113
6194,169898257,169898258,169898279,4,21,64
6195,169898257,169898258,169898279,4,21,115
6196,169898257,169898258,169898279,4,21,58
6197,169898257,169898258,169898279,4,21,61
6198,169898257,169898258,169898279,4,21,22
6199,169898257,169898258,169898279,4,21,19
6200,169898257,169898258,169898279,4,21,27
6201,169898257,169898258,169898279,4,21,135
6202,169898257,169898258,169898279,4,21,48
6203,169898257,169898258,169898279,4,21,65
6204,169898257,169898258,169898279,4,21,138
6205,169898257,169898258,169898279,4,21,153
6206,169898257,169898258,169898279,4,21,151
6207,169898257,169898258,169898279,4,21,150
6208,169898257,169898258,169898279,4,21,144
6209,169898257,169898258,169898279,4,21,109
6210,169898257,169898258,169898279,4,21,46
6211,169898257,169898258,169898279,4,21,24
6212,169898257,169898258,169898279,4,21,50
6213,169898257,169898258,169898279,4,21,83
6214,169898257,169898258,169898279,4,21,68
6215,169898257,169898258,169898279,4,21,43
6216,169898257,169898258,169898279,4,21,96
6217,169898257,169898259,169898279,4,20,134
6218,169898257,169898259,169898279,4,20,101
6219,169898257,169898259,169898279,4,20,45
6220,169898257,169898259,169898279,4,20,148
6221,169898257,169898259,169898279,4,20,56
6222,169898257,169898259,169898279,4,20,92
6223,169898257,169898259,169898279,4,20,66
6224,169898257,169898259,169898279,4,20,142
6225,169898264,169898270,169898290,4,20,126
6226,169898264,169898265,169898286,4,21,42
6227,169898264,169898265,169898286,4,21,45
6228,169898264,169898265,169898286,4,21,62
6229,169898264,169898265,169898287,4,22,146
6230,169898264,169898265,169898287,4,22,150
6231,169898264,169898265,169898286,4,21,66
6232,169898264,169898265,169898286,4,21,45
6233,169898264,169898265,169898286,4,21,98
6234,169898264,169898265,169898286,4,21,126
6235,169898264,169898265,169898286,4,21,117
6236,169898264,169898265,169898286,4,21,61
6237,169898264,169898265,169898286,4,21,40
6238,169898264,169898265,169898286,4,21,40
6239,169898264,169898265,169898286,4,21,55
6240,169898264,169898265,169898286,4,21,57
6241,169898264,169898265,169898286,4,21,52
6242,169898264,169898265,169898287,4,22,62
6243,169898264,169898265,169898286,4,21,44
6244,169898264,169898265,169898286,4,21,140
6245,169898264,169898265,169898286,4,21,125
6246,169898264,169898265,169898286,4,21,42
6247,169898264,169898265,169898286,4,21,140
6248,169898264,169898265,169898286,4,21,51
6249,169898264,169898265,169898286,4,21,140
6250,169898264,169898267,169898288,4,21,30
6251,169898264,169898267,169898288,4,21,123
6252,169898264,169898267,169898288,4,21,189
6253,169898264,169898267,169898288,4,21,156
6254,169898264,169898270,169898290,4,20,82
6255,169898264,169898270,169898290,4,20,68
6256,169898264,169898270,169898290,4,20,71
6257,169898264,169898270,169898290,4,20,89
6258,169898264,169898270,169898290,4,20,67
6259,169898264,169898270,169898290,4,20,46
6260,169898264,169898270,169898290,4,20,20
6261,169898264,169898270,169898290,4,20,41
6262,169898264,169898270,169898290,4,20,139
6263,169898264,169898270,169898290,4,20,47
6264,169898264,169898270,169898290,4,20,60
6265,169898276,169898277,169898297,4,20,42
6266,169898276,169898277,169898297,4,20,170
6267,169898276,169898277,169898297,4,20,65
6268,169898276,169898277,169898297,4,20,30
6269,169898276,169898277,169898297,4,20,22
6270,169898276,169898277,169898297,4,20,20
6271,169898276,169898277,169898297,4,20,42
6272,169898276,169898277,169898297,4,20,21
6273,169898276,169898277,169898297,4,20,91
6274,169898276,169898277,169898297,4,20,51
6275,169898276,169898277,169898297,4,20,149
6276,169898276,169898277,169898297,4,20,38
6277,169898276,169898277,169898297,4,20,55
6278,169898276,169898277,169898297,4,20,46
6279,169898276,169898277,169898297,4,20,46
6280,169898276,169898277,169898297,4,20,46
6281,169898276,169898277,169898297,4,20,44
6282,169898276,169898277,169898297,4,20,90
6283,169898276,169898277,169898298,4,21,22
6284,169898276,169898277,169898297,4,20,90
6285,169898276,169898277,169898297,4,20,45
6286,169898276,169898277,169898297,4,20,48
6287,169898276,169898277,169898297,4,20,87
6288,169898276,169898277,169898298,4,21,38
6289,169898276,169898277,169898298,4,21,42
6290,169898276,169898277,169898297,4,20,124
6291,169898276,169898277,169898297,4,20,99
6292,169898276,169898277,169898297,4,20,126
6293,169898276,169898277,169898298,4,21,59
6294,169898276,169898277,169898298,4,21,43
6295,169898276,169898277,169898298,4,21,45
6296,169898276,169898277,169898297,4,20,49
6297,169898276,169898277,169898297,4,20,87
6298,169898276,169898277,169898297,4,20,63
6299,169898276,169898277,169898297,4,20,89
6300,169898276,169898277,169898297,4,20,52
6301,169898276,169898277,169898297,4,20,62
6302,169898276,169898277,169898297,4,20,68
6303,169898276,169898277,169898297,4,20,80
6304,169898276,169898277,169898297,4,20,43
6305,169898282,169898282,169898302,4,20,153
6306,169898282,169898282,169898302,4,20,90
6307,169898282,169898282,169898302,4,20,109
6308,169898282,169898282,169898302,4,20,84
6309,169898282,169898282,169898302,4,20,84
6310,169898282,169898282,169898302,4,20,134
6311,169898282,169898282,169898302,4,20,57
6312,169898282,169898282,169898303,4,21,25
6313,169898282,169898282,169898303,4,21,26
6314,169898282,169898282,169898303,4,21,60
6315,169898282,169898282,169898303,4,21,60
6316,169898282,169898282,169898302,4,20,59
6317,169898282,169898282,169898302,4,20,68
6318,169898282,169898282,169898302,4,20,51
6319,169898282,169898282,169898302,4,20,46
6320,169898282,169898282,169898302,4,20,58
6321,169898282,169898282,169898302,4,20,61
6322,169898282,169898282,169898302,4,20,66
6323,169898282,169898282,169898302,4,20,64
6324,169898282,169898282,169898302,4,20,98
6325,169898282,169898282,169898302,4,20,118
6326,169898282,169898282,169898302,4,20,98
6327,169898282,169898282,169898302,4,20,113
6328,169898282,169898282,169898302,4,20,148
6329,169898282,169898282,169898302,4,20,43
6330,169898282,169898282,169898302,4,20,45
6331,169898282,169898282,169898302,4,20,45
6332,169898282,169898282,169898302,4,20,22
6333,169898282,169898282,169898302,4,20,20
6334,169898282,169898282,169898302,4,20,27
6335,169898282,169898282,169898302,4,20,20
6336,169898282,169898282,169898302,4,20,135
6337,169898282,169898282,169898302,4,20,48
6338,169898282,169898282,169898302,4,20,65
6339,169898282,169898282,169898302,4,20,62
6340,169898282,169898282,169898302,4,20,21
6341,169898282,169898282,169898302,4,20,46
6342,169898282,169898282,169898302,4,20,44
6343,169898282,169898282,169898302,4,20,43
6344,169898282,169898282,169898302,4,20,138
6345,169898288,169898291,169898312,4,21,62
6346,169898288,169898289,169898309,4,20,42
6347,169898288,169898289,169898309,4,20,139
6348,169898288,169898289,169898309,4,20,149
6349,169898288,169898289,169898309,4,20,158
6350,169898288,169898289,169898309,4,20,45
6351,169898288,169898289,169898309,4,20,62
6352,169898288,169898289,169898310,4,21,56
6353,169898288,169898289,169898309,4,20,151
6354,169898288,169898289,169898309,4,20,150
6355,169898288,169898289,169898309,4,20,65
6356,169898288,169898289,169898309,4,20,46
6357,169898288,169898289,169898309,4,20,98
6358,169898288,169898289,169898309,4,20,126
6359,169898288,169898289,169898309,4,20,140
6360,169898288,169898289,169898309,4,20,117
6361,169898288,169898289,169898309,4,20,61
6362,169898288,169898289,169898309,4,20,40
6363,169898288,169898289,169898309,4,20,40
6364,169898288,169898289,169898309,4,20,132
6365,169898288,169898289,169898309,4,20,106
6366,169898288,169898289,169898309,4,20,47
6367,169898288,169898289,169898309,4,20,138
6368,169898288,169898289,169898310,4,21,51
6369,169898288,169898289,169898310,4,21,51
6370,169898288,169898289,169898309,4,20,33
6371,169898288,169898289,169898309,4,20,22
6372,169898288,169898289,169898309,4,20,45
6373,169898288,169898289,169898309,4,20,58
6374,169898288,169898289,169898309,4,20,61
6375,169898288,169898289,169898309,4,20,49
6376,169898288,169898289,169898309,4,20,44
6377,169898288,169898289,169898309,4,20,140
6378,169898288,169898289,169898309,4,20,122
6379,169898288,169898289,169898309,4,20,47
6380,169898288,169898289,169898309,4,20,81
6381,169898288,169898289,169898310,4,21,85
6386,169898288,169898291,169898312,4,21,49
6387,169898288,169898291,169898312,4,21,67
6388,169898288,169898291,169898312,4,21,20
6382,169898290,169898290,169905581,1,7291,181
6383,169898290,169898290,169906527,1,8237,180
6384,169898290,169898290,169905980,1,7690,235
6385,169898290,169898290,169905813,1,7523,204
6389,169898294,169898299,169898320,4,21,22
6390,169898294,169898294,169898314,4,20,82
6391,169898294,169898294,169898314,4,20,68
6392,169898294,169898294,169898314,4,20,42
6393,169898294,169898294,169898314,4,20,129
6394,169898294,169898294,169898314,4,20,42
6395,169898294,169898294,169898314,4,20,76
6396,169898294,169898294,169898314,4,20,62
6397,169898294,169898294,169898314,4,20,123
6399,169898294,169898299,169898319,4,20,67
6400,169898294,169898299,169898319,4,20,86
6401,169898294,169898299,169898319,4,20,42
6402,169898294,169898299,169898319,4,20,141
6403,169898294,169898299,169898319,4,20,65
6404,169898294,169898299,169898319,4,20,92
6405,169898294,169898299,169898319,4,20,76
6406,169898294,169898299,169898320,4,21,86
6407,169898294,169898299,169898319,4,20,58
6408,169898294,169898299,169898319,4,20,189
6409,169898294,169898299,169898319,4,20,156
6410,169898294,169898299,169898319,4,20,146
6411,169898294,169898299,169898319,4,20,150
6412,169898294,169898299,169898319,4,20,42
6413,169898294,169898299,169898319,4,20,51
6414,169898294,169898299,169898319,4,20,130
6415,169898294,169898299,169898319,4,20,25
6416,169898294,169898299,169898319,4,20,42
6417,169898294,169898299,169898319,4,20,139
6418,169898294,169898299,169898319,4,20,71
6419,169898294,169898299,169898319,4,20,22
6420,169898294,169898299,169898319,4,20,126
6421,169898294,169898299,169898319,4,20,139
6422,169898294,169898299,169898319,4,20,20
6423,169898294,169898299,169898319,4,20,58
6424,169898294,169898299,169898319,4,20,62
6425,169898294,169898299,169898319,4,20,87
6426,169898294,169898299,169898319,4,20,80
6427,169898294,169898299,169898319,4,20,83
6428,169898294,169898299,169898320,4,21,20
6429,169898294,169898299,169898319,4,20,20
6398,169898295,169898295,169898376,1,81,72
6430,169898300,169898304,169898324,4,20,62
6431,169898300,169898300,169898320,4,20,42
6432,169898300,169898300,169898320,4,20,87
6433,169898300,169898300,169898320,4,20,90
6434,169898300,169898300,169898321,4,21,42
6435,169898300,169898300,169898320,4,20,90
6436,169898300,169898300,169898320,4,20,46
6437,169898300,169898300,169898320,4,20,52
6438,169898300,169898300,169898320,4,20,25
6439,169898300,169898304,169898324,4,20,90
6440,169898300,169898304,169898324,4,20,22
6441,169898300,169898304,169898324,4,20,40
6442,169898300,169898304,169898324,4,20,45
6443,169898300,169898304,169898324,4,20,45
6444,169898300,169898304,169898324,4,20,63
6445,169898300,169898304,169898324,4,20,20
6446,169898300,169898304,169898324,4,20,110
6447,169898300,169898304,169898324,4,20,61
6448,169898300,169898304,169898325,4,21,56
6449,169898300,169898304,169898325,4,21,56
6450,169898300,169898304,169898324,4,20,45
6451,169898300,169898304,169898324,4,20,44
6452,169898300,169898304,169898324,4,20,43
6453,169898300,169898304,169898324,4,20,44
6454,169898300,169898304,169898325,4,21,22
6455,169898300,169898304,169898325,4,21,21
6456,169898300,169898304,169898324,4,20,44
6457,169898300,169898304,169898324,4,20,67
6458,169898300,169898304,169898324,4,20,80
6459,169898300,169898304,169898324,4,20,45
6460,169898300,169898304,169898324,4,20,106
6461,169898300,169898304,169898324,4,20,120
6462,169898300,169898304,169898324,4,20,123
6463,169898300,169898304,169898324,4,20,46
6464,169898300,169898304,169898325,4,21,20
6465,169898300,169898304,169898324,4,20,170
6466,169898300,169898304,169898324,4,20,45
6467,169898300,169898304,169898324,4,20,149
6468,169898300,169898304,169898324,4,20,148
6469,169898300,169898304,169898324,4,20,27
6470,169898306,169898311,169898331,4,20,132
6471,169898306,169898306,169898327,4,21,65
6472,169898306,169898306,169898327,4,21,101
6473,169898306,169898306,169898327,4,21,84
6474,169898306,169898306,169898327,4,21,51
6475,169898306,169898306,169898327,4,21,22
6476,169898306,169898306,169898327,4,21,138
6477,169898306,169898306,169898327,4,21,43
6478,169898306,169898306,169898327,4,21,134
6480,169898306,169898311,169898331,4,20,149
6481,169898306,169898311,169898331,4,20,66
6482,169898306,169898311,169898331,4,20,58
6483,169898306,169898311,169898332,4,21,44
6484,169898306,169898311,169898331,4,20,156
6485,169898306,169898311,169898331,4,20,25
6486,169898306,169898311,169898331,4,20,26
6487,169898306,169898311,169898331,4,20,22
6488,169898306,169898311,169898331,4,20,27
6489,169898306,169898311,169898331,4,20,64
6490,169898306,169898311,169898331,4,20,97
6491,169898306,169898311,169898331,4,20,118
6492,169898306,169898311,169898331,4,20,58
6493,169898306,169898311,169898331,4,20,61
6494,169898306,169898311,169898331,4,20,63
6495,169898306,169898311,169898331,4,20,135
6496,169898306,169898311,169898331,4,20,45
6497,169898306,169898311,169898331,4,20,68
6498,169898306,169898311,169898331,4,20,21
6499,169898306,169898311,169898331,4,20,46
6500,169898306,169898311,169898331,4,20,44
6501,169898306,169898311,169898331,4,20,61
6502,169898306,169898311,169898331,4,20,21
6503,169898306,169898311,169898331,4,20,132
6504,169898306,169898311,169898331,4,20,75
6505,169898306,169898311,169898331,4,20,50
6506,169898306,169898311,169898332,4,21,77
6507,169898306,169898311,169898332,4,21,107
6508,169898306,169898311,169898331,4,20,46
6509,169898306,169898311,169898331,4,20,72
6510,169898306,169898311,169898331,4,20,126
6479,169898308,169898308,169898367,1,59,34
6511,169898312,169898320,169898341,4,21,71
6512,169898312,169898314,169898334,4,20,45
6513,169898312,169898314,169898334,4,20,67
6514,169898312,169898314,169898334,4,20,158
6515,169898312,169898314,169898334,4,20,21
6516,169898312,169898314,169898334,4,20,151
6517,169898312,169898314,169898334,4,20,81
6518,169898312,169898314,169898334,4,20,98
6519,169898312,169898314,169898334,4,20,65
6520,169898312,169898315,169898335,4,20,21
6521,169898312,169898315,169898336,4,21,25
6522,169898312,169898315,169898336,4,21,35
6523,169898312,169898315,169898335,4,20,106
6524,169898312,169898315,169898335,4,20,73
6525,169898312,169898315,169898335,4,20,44
6526,169898312,169898315,169898335,4,20,140
6527,169898312,169898315,169898335,4,20,125
6528,169898312,169898320,169898340,4,20,82
6529,169898312,169898320,169898340,4,20,62
6530,169898312,169898320,169898340,4,20,42
6531,169898312,169898320,169898340,4,20,42
6532,169898312,169898320,169898340,4,20,68
6533,169898312,169898320,169898340,4,20,76
6534,169898312,169898320,169898340,4,20,92
6535,169898312,169898320,169898340,4,20,123
6536,169898312,169898320,169898340,4,20,137
6537,169898312,169898320,169898341,4,21,187
6538,169898312,169898320,169898341,4,21,188
6539,169898312,169898320,169898340,4,20,129
6540,169898312,169898320,169898340,4,20,116
6541,169898312,169898320,169898340,4,20,61
6542,169898312,169898320,169898340,4,20,40
6543,169898312,169898320,169898340,4,20,45
6544,169898312,169898320,169898340,4,20,58
6545,169898312,169898320,169898340,4,20,52
6546,169898312,169898320,169898340,4,20,62
6547,169898312,169898320,169898340,4,20,51
6548,169898312,169898320,169898340,4,20,51
6549,169898312,169898320,169898340,4,20,33
6550,169898312,169898320,169898340,4,20,44
6551,169898324,169898326,169898346,4,20,39
6552,169898324,169898326,169898346,4,20,20
6553,169898324,169898326,169898346,4,20,87
6554,169898324,169898326,169898346,4,20,52
6555,169898324,169898326,169898347,4,21,140
6556,169898324,169898326,169898346,4,20,22
6557,169898324,169898326,169898346,4,20,140
6558,169898324,169898326,169898346,4,20,123
6559,169898324,169898326,169898346,4,20,86
6560,169898324,169898326,169898346,4,20,41
6561,169898324,169898326,169898346,4,20,42
6562,169898324,169898326,169898346,4,20,20
6563,169898324,169898326,169898346,4,20,50
6564,169898324,169898326,169898346,4,20,46
6565,169898324,169898326,169898346,4,20,22
6566,169898324,169898326,169898346,4,20,40
6567,169898324,169898326,169898346,4,20,20
6568,169898324,169898326,169898346,4,20,130
6569,169898324,169898326,169898346,4,20,120
6570,169898324,169898326,169898346,4,20,46
6571,169898324,169898326,169898346,4,20,25
6572,169898324,169898326,169898346,4,20,90
6573,169898324,169898326,169898346,4,20,47
6574,169898324,169898326,169898346,4,20,90
6575,169898324,169898326,169898346,4,20,71
6576,169898324,169898326,169898346,4,20,49
6577,169898324,169898326,169898346,4,20,56
6578,169898324,169898326,169898346,4,20,90
6579,169898324,169898326,169898346,4,20,48
6580,169898324,169898326,169898346,4,20,48
6581,169898324,169898326,169898346,4,20,87
6582,169898324,169898326,169898346,4,20,63
6583,169898324,169898326,169898346,4,20,189
6584,169898324,169898326,169898346,4,20,156
6585,169898324,169898326,169898346,4,20,146
6586,169898324,169898326,169898346,4,20,150
6587,169898324,169898326,169898346,4,20,85
6588,169898324,169898326,169898347,4,21,78
6589,169898324,169898326,169898346,4,20,88
6590,169898324,169898326,169898346,4,20,139
6591,169898331,169898333,169898353,4,20,44
6592,169898331,169898331,169898351,4,20,55
6593,169898331,169898331,169898351,4,20,46
6594,169898331,169898331,169898351,4,20,30
6595,169898331,169898331,169898351,4,20,22
6596,169898331,169898331,169898351,4,20,149
6597,169898331,169898331,169898351,4,20,40
6598,169898331,169898331,169898351,4,20,20
6599,169898331,169898331,169898351,4,20,134
6600,169898331,169898331,169898351,4,20,84
6601,169898331,169898331,169898351,4,20,67
6602,169898331,169898331,169898351,4,20,51
6603,169898331,169898331,169898351,4,20,46
6604,169898331,169898331,169898351,4,20,45
6605,169898331,169898331,169898351,4,20,44
6606,169898331,169898331,169898351,4,20,134
6607,169898331,169898331,169898351,4,20,170
6608,169898331,169898333,169898353,4,20,20
6609,169898331,169898333,169898353,4,20,141
6610,169898331,169898333,169898353,4,20,66
6611,169898331,169898333,169898353,4,20,40
6612,169898331,169898333,169898353,4,20,98
6613,169898331,169898333,169898353,4,20,145
6614,169898331,169898333,169898353,4,20,59
6615,169898331,169898333,169898353,4,20,68
6616,169898331,169898333,169898353,4,20,43
6617,169898331,169898333,169898353,4,20,44
6618,169898331,169898333,169898353,4,20,43
6619,169898331,169898333,169898353,4,20,45
6620,169898331,169898333,169898353,4,20,21
6621,169898331,169898333,169898353,4,20,21
6622,169898331,169898333,169898353,4,20,42
6623,169898331,169898333,169898353,4,20,67
6624,169898331,169898333,169898353,4,20,80
6625,169898331,169898333,169898354,4,21,45
6626,169898331,169898333,169898353,4,20,90
6627,169898331,169898333,169898353,4,20,96
6628,169898331,169898333,169898353,4,20,123
6629,169898331,169898333,169898353,4,20,22
6630,169898331,169898333,169898353,4,20,21
6631,169898337,169898342,169898362,4,20,61
6632,169898337,169898337,169898357,4,20,21
6633,169898337,169898337,169898357,4,20,76
6634,169898337,169898337,169898357,4,20,61
6635,169898337,169898337,169898357,4,20,58
6636,169898337,169898337,169898357,4,20,149
6637,169898337,169898337,169898357,4,20,81
6638,169898337,169898337,169898357,4,20,46
6639,169898337,169898337,169898357,4,20,86
6640,169898337,169898337,169898357,4,20,132
6641,169898337,169898337,169898357,4,20,159
6642,169898337,169898337,169898357,4,20,67
6643,169898337,169898337,169898357,4,20,21
6644,169898337,169898337,169898358,4,21,19
6645,169898337,169898337,169898357,4,20,21
6646,169898337,169898337,169898357,4,20,27
6647,169898337,169898337,169898358,4,21,76
6648,169898337,169898337,169898358,4,21,75
6649,169898337,169898337,169898357,4,20,26
6650,169898337,169898337,169898357,4,20,26
6651,169898337,169898337,169898357,4,20,65
6652,169898337,169898337,169898357,4,20,45
6653,169898337,169898337,169898357,4,20,107
6654,169898337,169898337,169898357,4,20,137
6655,169898337,169898337,169898357,4,20,126
6656,169898337,169898342,169898363,4,21,31
6657,169898337,169898342,169898362,4,20,106
6658,169898337,169898342,169898362,4,20,92
6659,169898337,169898342,169898362,4,20,25
6660,169898337,169898342,169898362,4,20,29
6661,169898337,169898342,169898362,4,20,44
6662,169898337,169898342,169898362,4,20,140
6663,169898337,169898342,169898362,4,20,106
6664,169898337,169898342,169898362,4,20,64
6665,169898337,169898342,169898362,4,20,97
6666,169898337,169898342,169898362,4,20,118
6667,169898337,169898342,169898362,4,20,135
6668,169898337,169898342,169898362,4,20,45
6669,169898337,169898342,169898362,4,20,68
6670,169898337,169898342,169898362,4,20,58
6671,169898343,169898348,169898368,4,20,45
6672,169898343,169898343,169898363,4,20,82
6673,169898343,169898343,169898363,4,20,42
6674,169898343,169898343,169898363,4,20,42
6675,169898343,169898343,169898363,4,20,62
6676,169898343,169898343,169898363,4,20,63
6677,169898343,169898343,169898363,4,20,137
6678,169898343,169898343,169898363,4,20,71
6679,169898343,169898343,169898364,4,21,154
6680,169898343,169898348,169898368,4,20,26
6681,169898343,169898348,169898368,4,20,151
6682,169898343,169898348,169898369,4,21,190
6683,169898343,169898348,169898368,4,20,42
6684,169898343,169898348,169898369,4,21,45
6685,169898343,169898348,169898368,4,20,83
6686,169898343,169898348,169898368,4,20,76
6687,169898343,169898348,169898368,4,20,86
6688,169898343,169898348,169898368,4,20,22
6689,169898343,169898348,169898368,4,20,56
6690,169898343,169898348,169898368,4,20,46
6691,169898343,169898348,169898368,4,20,85
6692,169898343,169898348,169898368,4,20,51
6693,169898343,169898348,169898368,4,20,151
6694,169898343,169898348,169898369,4,21,131
6695,169898343,169898348,169898368,4,20,65
6696,169898343,169898348,169898368,4,20,63
6697,169898343,169898348,169898368,4,20,43
6698,169898343,169898348,169898368,4,20,116
6699,169898343,169898348,169898368,4,20,61
6700,169898343,169898348,169898368,4,20,40
6701,169898343,169898348,169898368,4,20,51
6702,169898343,169898348,169898369,4,21,53
6703,169898343,169898348,169898369,4,21,25
6704,169898343,169898348,169898368,4,20,45
6705,169898343,169898348,169898368,4,20,58
6706,169898343,169898348,169898368,4,20,52
6707,169898343,169898348,169898368,4,20,62
6708,169898343,169898348,169898368,4,20,21
6709,169898343,169898348,169898368,4,20,46
6710,169898343,169898348,169898368,4,20,44
6711,169898349,169898354,169898374,4,20,76
6712,169898349,169898349,169898369,4,20,20
6713,169898349,169898349,169898369,4,20,46
6714,169898349,169898349,169898369,4,20,22
6715,169898349,169898349,169898369,4,20,120
6716,169898349,169898349,169898369,4,20,52
6717,169898349,169898349,169898369,4,20,42
6718,169898349,169898349,169898369,4,20,158
6719,169898349,169898349,169898369,4,20,90
6720,169898349,169898353,169898373,4,20,20
6721,169898349,169898353,169898373,4,20,140
6722,169898349,169898353,169898373,4,20,136
6723,169898349,169898353,169898373,4,20,43
6724,169898349,169898353,169898373,4,20,40
6725,169898349,169898353,169898373,4,20,138
6726,169898349,169898353,169898373,4,20,46
6727,169898349,169898353,169898373,4,20,25
6728,169898349,169898353,169898373,4,20,90
6729,169898349,169898353,169898373,4,20,123
6730,169898349,169898353,169898373,4,20,20
6731,169898349,169898353,169898373,4,20,20
6732,169898349,169898353,169898373,4,20,85
6733,169898349,169898353,169898373,4,20,65
6734,169898349,169898353,169898373,4,20,90
6735,169898349,169898353,169898374,4,21,45
6736,169898349,169898354,169898374,4,20,55
6737,169898349,169898354,169898374,4,20,46
6738,169898349,169898354,169898374,4,20,30
6739,169898349,169898354,169898374,4,20,134
6740,169898349,169898354,169898374,4,20,149
6741,169898349,169898354,169898374,4,20,84
6742,169898349,169898354,169898374,4,20,40
6743,169898349,169898354,169898374,4,20,51
6744,169898349,169898354,169898374,4,20,138
6745,169898349,169898354,169898374,4,20,45
6746,169898349,169898354,169898374,4,20,44
6747,169898349,169898354,169898374,4,20,153
6748,169898349,169898354,169898375,4,21,141
6749,169898349,169898354,169898375,4,21,147
6750,169898349,169898354,169898374,4,20,85
6751,169898355,169898364,169898385,4,21,86
6752,169898355,169898355,169898375,4,20,42
6753,169898355,169898355,169898375,4,20,41
6754,169898355,169898355,169898375,4,20,20
6755,169898355,169898355,169898375,4,20,66
6756,169898355,169898355,169898375,4,20,170
6757,169898355,169898355,169898375,4,20,98
6758,169898355,169898355,169898375,4,20,145
6759,169898355,169898355,169898375,4,20,22
6760,169898355,169898359,169898379,4,20,141
6761,169898355,169898359,169898379,4,20,126
6762,169898355,169898359,169898379,4,20,67
6763,169898355,169898359,169898379,4,20,22
6764,169898355,169898359,169898379,4,20,57
6765,169898355,169898359,169898380,4,21,43
6766,169898355,169898359,169898379,4,20,21
6767,169898355,169898359,169898379,4,20,44
6768,169898355,169898359,169898379,4,20,87
6769,169898355,169898359,169898379,4,20,57
6770,169898355,169898359,169898379,4,20,59
6771,169898355,169898359,169898379,4,20,68
6772,169898355,169898359,169898379,4,20,67
6773,169898355,169898359,169898379,4,20,83
6774,169898355,169898359,169898379,4,20,21
6775,169898355,169898359,169898379,4,20,21
6776,169898355,169898359,169898379,4,20,42
6777,169898355,169898359,169898379,4,20,43
6778,169898355,169898359,169898379,4,20,45
6779,169898355,169898359,169898379,4,20,45
6780,169898355,169898359,169898379,4,20,90
6781,169898355,169898359,169898379,4,20,96
6782,169898355,169898359,169898379,4,20,123
6783,169898355,169898359,169898379,4,20,58
6784,169898355,169898364,169898385,4,21,61
6785,169898355,169898364,169898385,4,21,92
6786,169898355,169898364,169898385,4,21,40
6787,169898355,169898364,169898385,4,21,75
6788,169898355,169898364,169898385,4,21,149
6789,169898355,169898364,169898385,4,21,81
6790,169898355,169898364,169898385,4,21,28
6791,169898367,169898369,169898389,4,20,67
6792,169898367,169898367,169898387,4,20,82
6793,169898367,169898367,169898387,4,20,42
6794,169898367,169898367,169898387,4,20,154
6795,169898367,169898367,169898387,4,20,42
6796,169898367,169898367,169898387,4,20,65
6797,169898367,169898367,169898388,4,21,137
6798,169898367,169898367,169898388,4,21,114
6799,169898367,169898367,169898387,4,20,132
6800,169898367,169898367,169898388,4,21,50
6801,169898367,169898367,169898388,4,21,21
6802,169898367,169898367,169898388,4,21,21
6803,169898367,169898367,169898387,4,20,22
6804,169898367,169898367,169898387,4,20,27
6805,169898367,169898367,169898388,4,21,25
6806,169898367,169898367,169898388,4,21,42
6807,169898367,169898367,169898388,4,21,58
6809,169898367,169898369,169898389,4,20,53
6810,169898367,169898369,169898389,4,20,135
6811,169898367,169898369,169898389,4,20,45
6812,169898367,169898369,169898389,4,20,68
6813,169898367,169898369,169898389,4,20,41
6814,169898367,169898369,169898389,4,20,38
6815,169898367,169898369,169898389,4,20,62
6816,169898367,169898369,169898389,4,20,25
6817,169898367,169898369,169898389,4,20,61
6818,169898367,169898369,169898389,4,20,44
6819,169898367,169898369,169898389,4,20,44
6820,169898367,169898369,169898389,4,20,140
6821,169898367,169898369,169898389,4,20,122
6822,169898367,169898369,169898389,4,20,47
6823,169898367,169898369,169898389,4,20,63
6824,169898367,169898369,169898389,4,20,97
6825,169898367,169898369,169898389,4,20,115
6826,169898367,169898369,169898389,4,20,136
6827,169898367,169898369,169898389,4,20,68
6828,169898367,169898369,169898389,4,20,39
6829,169898367,169898369,169898389,4,20,139
6830,169898367,169898369,169898389,4,20,153
6831,169898367,169898369,169898390,4,21,42
6808,169898368,169898368,169898446,1,78,174
6832,169898373,169898375,169898395,4,20,44
6868,169898373,169898375,169898395,4,20,42
6869,169898373,169898375,169898395,4,20,158
6870,169898373,169898375,169898395,4,20,22
6871,169898373,169898375,169898395,4,20,42
6872,169898373,169898375,169898395,4,20,25
6873,169898373,169898375,169898395,4,20,151
6874,169898373,169898375,169898395,4,20,76
6875,169898373,169898375,169898395,4,20,54
6876,169898373,169898375,169898395,4,20,48
6877,169898373,169898375,169898395,4,20,151
6878,169898373,169898375,169898395,4,20,132
6879,169898373,169898375,169898395,4,20,90
6880,169898373,169898375,169898395,4,20,48
6881,169898373,169898375,169898395,4,20,45
6882,169898373,169898375,169898395,4,20,87
6883,169898373,169898375,169898395,4,20,65
6884,169898373,169898375,169898395,4,20,63
6885,169898373,169898375,169898395,4,20,43
6886,169898373,169898375,169898395,4,20,116
6887,169898373,169898375,169898395,4,20,61
6888,169898373,169898375,169898395,4,20,40
6889,169898373,169898375,169898395,4,20,51
6890,169898373,169898375,169898395,4,20,53
6891,169898373,169898375,169898395,4,20,25
6892,169898373,169898375,169898395,4,20,49
6893,169898373,169898375,169898395,4,20,21
6894,169898373,169898375,169898395,4,20,46
6895,169898373,169898375,169898395,4,20,44
6896,169898373,169898375,169898395,4,20,45
6897,169898373,169898375,169898395,4,20,45
6898,169898373,169898375,169898395,4,20,58
6899,169898373,169898375,169898395,4,20,52
6900,169898373,169898375,169898395,4,20,62
6901,169898373,169898375,169898395,4,20,22
6902,169898373,169898375,169898396,4,21,147
6903,169898373,169898375,169898395,4,20,41
6904,169898373,169898375,169898396,4,21,71
6905,169898373,169898375,169898395,4,20,143
6906,169898373,169898375,169898395,4,20,42
6907,169898379,169898380,169898401,4,21,20
6908,169898379,169898380,169898400,4,20,55
6909,169898379,169898380,169898400,4,20,149
6910,169898379,169898380,169898400,4,20,43
6911,169898379,169898380,169898400,4,20,46
6912,169898379,169898380,169898400,4,20,90
6913,169898379,169898380,169898400,4,20,30
6914,169898379,169898380,169898400,4,20,46
6915,169898379,169898380,169898400,4,20,123
6916,169898379,169898380,169898400,4,20,134
6917,169898379,169898380,169898400,4,20,22
6918,169898379,169898380,169898400,4,20,20
6919,169898379,169898380,169898400,4,20,42
6920,169898379,169898380,169898400,4,20,41
6921,169898379,169898380,169898400,4,20,20
6922,169898379,169898380,169898400,4,20,85
6923,169898379,169898380,169898400,4,20,76
6924,169898379,169898380,169898400,4,20,38
6925,169898379,169898380,169898400,4,20,42
6926,169898379,169898380,169898400,4,20,66
6927,169898379,169898380,169898400,4,20,138
6928,169898379,169898380,169898400,4,20,45
6929,169898379,169898380,169898400,4,20,44
6930,169898379,169898380,169898400,4,20,134
6931,169898379,169898380,169898400,4,20,170
6932,169898379,169898380,169898400,4,20,85
6933,169898379,169898380,169898400,4,20,87
6934,169898379,169898380,169898400,4,20,90
6935,169898379,169898380,169898400,4,20,51
6936,169898379,169898380,169898400,4,20,153
6937,169898379,169898380,169898400,4,20,141
6938,169898379,169898380,169898400,4,20,147
6939,169898379,169898380,169898400,4,20,98
6940,169898379,169898380,169898400,4,20,113
6941,169898379,169898380,169898400,4,20,148
6942,169898379,169898380,169898400,4,20,71
6943,169898379,169898380,169898400,4,20,135
6944,169898379,169898380,169898400,4,20,62
6945,169898379,169898380,169898400,4,20,42
6946,169898379,169898380,169898400,4,20,43
6947,169898386,169898390,169898410,4,20,55
6948,169898386,169898386,169898406,4,20,20
6949,169898386,169898386,169898406,4,20,141
6950,169898386,169898386,169898406,4,20,192
6951,169898386,169898386,169898406,4,20,46
6952,169898386,169898386,169898406,4,20,126
6953,169898386,169898386,169898406,4,20,67
6954,169898386,169898386,169898406,4,20,58
6956,169898386,169898387,169898407,4,20,21
6958,169898386,169898389,169898409,4,20,149
6959,169898386,169898389,169898409,4,20,28
6960,169898386,169898389,169898409,4,20,61
6961,169898386,169898389,169898409,4,20,40
6962,169898386,169898389,169898409,4,20,43
6963,169898386,169898389,169898409,4,20,21
6964,169898386,169898389,169898409,4,20,42
6965,169898386,169898389,169898409,4,20,67
6966,169898386,169898389,169898409,4,20,83
6967,169898386,169898389,169898409,4,20,21
6968,169898386,169898389,169898409,4,20,44
6969,169898386,169898389,169898409,4,20,86
6970,169898386,169898389,169898409,4,20,81
6971,169898386,169898389,169898409,4,20,86
6972,169898386,169898389,169898409,4,20,57
6973,169898386,169898389,169898409,4,20,45
6974,169898386,169898390,169898410,4,20,154
6975,169898386,169898390,169898410,4,20,58
6976,169898386,169898390,169898410,4,20,42
6977,169898386,169898390,169898411,4,21,26
6978,169898386,169898390,169898410,4,20,137
6979,169898386,169898390,169898410,4,20,135
6980,169898386,169898390,169898410,4,20,20
6981,169898386,169898390,169898410,4,20,27
6982,169898386,169898390,169898410,4,20,45
6983,169898386,169898390,169898410,4,20,45
6984,169898386,169898390,169898411,4,21,20
6985,169898386,169898390,169898411,4,21,22
6986,169898386,169898390,169898410,4,20,89
6987,169898386,169898390,169898410,4,20,65
6955,169898387,169898419,169898439,4,20,30
6957,169898388,169898389,169898968,1,579,45
6988,169898422,169898422,169898443,4,21,136
6989,169898422,169898422,169898442,4,20,42
6990,169898422,169898422,169898443,4,21,22
6991,169898422,169898422,169898443,4,21,46
6992,169898422,169898422,169898443,4,21,46
6993,169898422,169898422,169898443,4,21,42
6994,169898422,169898422,169898443,4,21,42
6995,169898422,169898422,169898442,4,20,38
6996,169898422,169898422,169898443,4,21,82
6997,169898422,169898422,169898442,4,20,52
6998,169898422,169898422,169898442,4,20,86
6999,169898422,169898422,169898443,4,21,21
7000,169898422,169898422,169898442,4,20,21
7001,169898422,169898422,169898443,4,21,20
7002,169898422,169898422,169898443,4,21,21
7003,169898422,169898422,169898443,4,21,21
7004,169898422,169898422,169898442,4,20,42
7005,169898422,169898422,169898443,4,21,189
7006,169898422,169898422,169898443,4,21,155
7007,169898422,169898422,169898443,4,21,143
7008,169898422,169898422,169898443,4,21,150
7009,169898422,169898422,169898442,4,20,133
7010,169898422,169898422,169898442,4,20,106
7011,169898422,169898422,169898443,4,21,46
7012,169898422,169898422,169898443,4,21,138
7013,169898422,169898422,169898443,4,21,20
7014,169898422,169898422,169898443,4,21,22
7015,169898422,169898422,169898443,4,21,45
7016,169898422,169898422,169898443,4,21,44
7017,169898422,169898422,169898443,4,21,67
7018,169898422,169898422,169898443,4,21,80
7019,169898422,169898422,169898443,4,21,43
7020,169898422,169898422,169898442,4,20,42
7021,169898422,169898422,169898442,4,20,89
7022,169898422,169898422,169898443,4,21,51
7023,169898422,169898422,169898443,4,21,48
7024,169898422,169898422,169898443,4,21,46
7025,169898422,169898422,169898443,4,21,63
7026,169898422,169898422,169898443,4,21,97
7027,169898422,169898422,169898443,4,21,115
7028,169898428,169898428,169898448,4,20,81
7029,169898428,169898428,169898448,4,20,68
7030,169898428,169898428,169898448,4,20,90
7031,169898428,169898428,169898448,4,20,108
7032,169898428,169898428,169898448,4,20,120
7033,169898428,169898428,169898448,4,20,60
7034,169898428,169898428,169898448,4,20,124
7035,169898428,169898428,169898448,4,20,151
7036,169898428,169898428,169898448,4,20,152
7037,169898428,169898428,169898448,4,20,147
7038,169898428,169898428,169898448,4,20,126
7039,169898428,169898428,169898448,4,20,149
7040,169898428,169898428,169898448,4,20,81
7041,169898428,169898428,169898448,4,20,85
7042,169898428,169898428,169898448,4,20,76
7043,169898428,169898428,169898448,4,20,86
7044,169898428,169898428,169898448,4,20,57
7045,169898428,169898428,169898448,4,20,51
7046,169898428,169898428,169898448,4,20,50
7047,169898428,169898428,169898448,4,20,33
7048,169898428,169898428,169898448,4,20,22
7049,169898428,169898428,169898448,4,20,49
7050,169898428,169898428,169898448,4,20,38
7051,169898428,169898428,169898448,4,20,41
7052,169898428,169898428,169898448,4,20,40
7053,169898428,169898428,169898448,4,20,38
7054,169898428,169898428,169898448,4,20,60
7055,169898428,169898428,169898448,4,20,20
7056,169898428,169898428,169898448,4,20,18
7057,169898428,169898428,169898448,4,20,19
7058,169898428,169898428,169898448,4,20,27
7059,169898428,169898428,169898448,4,20,19
7060,169898428,169898428,169898448,4,20,133
7061,169898428,169898428,169898448,4,20,83
7062,169898428,169898428,169898448,4,20,45
7063,169898428,169898428,169898448,4,20,66
7064,169898428,169898428,169898448,4,20,62
7065,169898428,169898428,169898448,4,20,46
7066,169898428,169898428,169898448,4,20,85
7067,169898428,169898428,169898448,4,20,85
7068,169898434,169898434,169898455,4,21,47
7069,169898434,169898434,169898454,4,20,65
7070,169898434,169898434,169898455,4,21,21
7071,169898434,169898434,169898454,4,20,45
7072,169898434,169898434,169898454,4,20,44
7073,169898434,169898434,169898455,4,21,45
7074,169898434,169898434,169898454,4,20,43
7075,169898434,169898434,169898455,4,21,59
7076,169898434,169898434,169898455,4,21,89
7077,169898434,169898434,169898455,4,21,68
7078,169898434,169898434,169898455,4,21,62
7079,169898434,169898434,169898454,4,20,55
7080,169898434,169898434,169898454,4,20,25
7081,169898434,169898434,169898454,4,20,25
7082,169898434,169898434,169898455,4,21,25
7083,169898434,169898434,169898455,4,21,43
7084,169898434,169898434,169898455,4,21,45
7085,169898434,169898434,169898455,4,21,22
7086,169898434,169898434,169898455,4,21,21
7087,169898434,169898434,169898455,4,21,44
7088,169898434,169898434,169898455,4,21,87
7089,169898434,169898434,169898455,4,21,158
7090,169898434,169898434,169898454,4,20,134
7091,169898434,169898434,169898455,4,21,153
7092,169898434,169898434,169898455,4,21,170
7093,169898434,169898434,169898455,4,21,151
7094,169898434,169898434,169898455,4,21,150
7095,169898434,169898434,169898455,4,21,58
7096,169898434,169898434,169898455,4,21,52
7097,169898434,169898434,169898454,4,20,65
7098,169898434,169898434,169898455,4,21,62
7099,169898434,169898434,169898455,4,21,63
7100,169898434,169898434,169898455,4,21,87
7101,169898434,169898434,169898455,4,21,65
7102,169898434,169898434,169898455,4,21,61
7103,169898434,169898434,169898455,4,21,44
7104,169898434,169898434,169898455,4,21,76
7105,169898434,169898434,169898455,4,21,44
7106,169898434,169898434,169898454,4,20,140
7107,169898434,169898434,169898455,4,21,122
7108,169898440,169898444,169898465,4,21,144
7109,169898440,169898440,169898460,4,20,123
7111,169898440,169898440,169898461,4,21,45
7112,169898440,169898440,169898461,4,21,42
7113,169898440,169898440,169898461,4,21,45
7114,169898440,169898440,169898461,4,21,45
7115,169898440,169898440,169898461,4,21,73
7116,169898440,169898440,169898461,4,21,110
7117,169898440,169898444,169898465,4,21,22
7118,169898440,169898444,169898464,4,20,30
7119,169898440,169898444,169898464,4,20,42
7120,169898440,169898444,169898464,4,20,58
7121,169898440,169898444,169898465,4,21,43
7122,169898440,169898444,169898465,4,21,44
7123,169898440,169898444,169898464,4,20,44
7124,169898440,169898444,169898464,4,20,82
7125,169898440,169898444,169898464,4,20,86
7126,169898440,169898444,169898464,4,20,65
7127,169898440,169898444,169898464,4,20,145
7128,169898440,169898444,169898465,4,21,137
7129,169898440,169898444,169898464,4,20,126
7130,169898440,169898444,169898465,4,21,140
7131,169898440,169898444,169898464,4,20,45
7132,169898440,169898444,169898465,4,21,58
7133,169898440,169898444,169898464,4,20,61
7134,169898440,169898444,169898465,4,21,49
7135,169898440,169898444,169898464,4,20,62
7136,169898440,169898444,169898464,4,20,22
7137,169898440,169898444,169898464,4,20,134
7138,169898440,169898444,169898465,4,21,119
7139,169898440,169898444,169898464,4,20,64
7140,169898440,169898444,169898464,4,20,61
7141,169898440,169898444,169898464,4,20,58
7142,169898440,169898444,169898465,4,21,40
7143,169898440,169898444,169898465,4,21,39
7144,169898440,169898444,169898464,4,20,55
7145,169898440,169898444,169898464,4,20,139
7146,169898440,169898444,169898465,4,21,20
7147,169898440,169898444,169898465,4,21,133
7110,169898442,169898473,169898493,4,20,30
7148,169898477,169898477,169898497,4,20,136
7149,169898477,169898477,169898497,4,20,42
7150,169898477,169898477,169898497,4,20,22
7151,169898477,169898477,169898497,4,20,46
7152,169898477,169898477,169898497,4,20,46
7153,169898477,169898477,169898497,4,20,42
7154,169898477,169898477,169898497,4,20,42
7155,169898477,169898477,169898497,4,20,38
7156,169898477,169898477,169898497,4,20,82
7157,169898477,169898477,169898497,4,20,52
7158,169898477,169898477,169898497,4,20,86
7159,169898477,169898477,169898497,4,20,21
7160,169898477,169898477,169898497,4,20,21
7161,169898477,169898477,169898497,4,20,42
7162,169898477,169898477,169898497,4,20,21
7163,169898477,169898477,169898497,4,20,21
7164,169898477,169898477,169898497,4,20,20
7165,169898477,169898477,169898497,4,20,189
7166,169898477,169898477,169898497,4,20,156
7167,169898477,169898477,169898497,4,20,143
7168,169898477,169898477,169898497,4,20,150
7169,169898477,169898477,169898497,4,20,132
7170,169898477,169898477,169898497,4,20,106
7171,169898477,169898477,169898497,4,20,47
7172,169898477,169898477,169898497,4,20,138
7173,169898477,169898477,169898497,4,20,20
7174,169898477,169898477,169898497,4,20,22
7175,169898477,169898477,169898497,4,20,45
7176,169898477,169898477,169898497,4,20,44
7177,169898477,169898477,169898497,4,20,67
7178,169898477,169898477,169898497,4,20,80
7179,169898477,169898477,169898497,4,20,43
7180,169898477,169898477,169898497,4,20,42
7181,169898477,169898477,169898497,4,20,90
7182,169898477,169898477,169898497,4,20,51
7183,169898477,169898477,169898497,4,20,48
7184,169898477,169898477,169898497,4,20,46
7185,169898477,169898477,169898497,4,20,63
7186,169898477,169898477,169898497,4,20,97
7187,169898477,169898477,169898497,4,20,115
7188,169898483,169898483,169898503,4,20,81
7189,169898483,169898483,169898503,4,20,68
7190,169898483,169898483,169898503,4,20,90
7191,169898483,169898483,169898503,4,20,109
7192,169898483,169898483,169898503,4,20,120
7193,169898483,169898483,169898503,4,20,60
7194,169898483,169898483,169898503,4,20,126
7195,169898483,169898483,169898503,4,20,151
7196,169898483,169898483,169898503,4,20,154
7197,169898483,169898483,169898503,4,20,149
7198,169898483,169898483,169898503,4,20,126
7199,169898483,169898483,169898503,4,20,149
7200,169898483,169898483,169898503,4,20,81
7201,169898483,169898483,169898503,4,20,85
7202,169898483,169898483,169898503,4,20,76
7203,169898483,169898483,169898503,4,20,86
7204,169898483,169898483,169898503,4,20,57
7205,169898483,169898483,169898503,4,20,51
7206,169898483,169898483,169898503,4,20,50
7207,169898483,169898483,169898503,4,20,33
7208,169898483,169898483,169898503,4,20,22
7209,169898483,169898483,169898503,4,20,49
7210,169898483,169898483,169898503,4,20,38
7211,169898483,169898483,169898503,4,20,42
7212,169898483,169898483,169898503,4,20,41
7213,169898483,169898483,169898503,4,20,38
7214,169898483,169898483,169898503,4,20,62
7215,169898483,169898483,169898503,4,20,22
7216,169898483,169898483,169898503,4,20,20
7217,169898483,169898483,169898503,4,20,21
7218,169898483,169898483,169898503,4,20,27
7219,169898483,169898483,169898503,4,20,20
7220,169898483,169898483,169898503,4,20,135
7221,169898483,169898483,169898503,4,20,85
7222,169898483,169898483,169898503,4,20,45
7223,169898483,169898483,169898503,4,20,68
7224,169898483,169898483,169898503,4,20,62
7225,169898483,169898483,169898503,4,20,46
7226,169898483,169898483,169898503,4,20,85
7227,169898483,169898483,169898503,4,20,85
7228,169898489,169898489,169898510,4,21,44
7229,169898489,169898489,169898509,4,20,65
7230,169898489,169898489,169898509,4,20,21
7231,169898489,169898489,169898509,4,20,46
7232,169898489,169898489,169898509,4,20,44
7233,169898489,169898489,169898509,4,20,45
7234,169898489,169898489,169898509,4,20,43
7235,169898489,169898489,169898509,4,20,59
7236,169898489,169898489,169898510,4,21,89
7237,169898489,169898489,169898509,4,20,68
7238,169898489,169898489,169898509,4,20,62
7239,169898489,169898489,169898509,4,20,55
7240,169898489,169898489,169898509,4,20,65
7241,169898489,169898489,169898509,4,20,46
7242,169898489,169898489,169898509,4,20,43
7243,169898489,169898489,169898509,4,20,45
7244,169898489,169898489,169898509,4,20,45
7245,169898489,169898489,169898509,4,20,26
7246,169898489,169898489,169898510,4,21,25
7247,169898489,169898489,169898510,4,21,26
7248,169898489,169898489,169898510,4,21,43
7249,169898489,169898489,169898510,4,21,45
7250,169898489,169898489,169898509,4,20,22
7251,169898489,169898489,169898509,4,20,22
7252,169898489,169898489,169898509,4,20,44
7253,169898489,169898489,169898509,4,20,87
7254,169898489,169898489,169898510,4,21,158
7255,169898489,169898489,169898509,4,20,134
7256,169898489,169898489,169898510,4,21,153
7257,169898489,169898489,169898509,4,20,170
7258,169898489,169898489,169898510,4,21,151
7259,169898489,169898489,169898510,4,21,150
7260,169898489,169898489,169898510,4,21,58
7261,169898489,169898489,169898509,4,20,52
7262,169898489,169898489,169898510,4,21,65
7263,169898489,169898489,169898510,4,21,62
7264,169898489,169898489,169898510,4,21,63
7265,169898489,169898489,169898510,4,21,87
7266,169898489,169898489,169898509,4,20,65
7267,169898489,169898489,169898510,4,21,60
7268,169898493,169898494,169901079,1,2585,40
7269,169898495,169898495,169901074,1,2579,24
7270,169898495,169898498,169898518,4,20,42
7271,169898495,169898495,169898515,4,20,76
7272,169898495,169898495,169898515,4,20,44
7273,169898495,169898495,169898515,4,20,140
7274,169898495,169898495,169898515,4,20,122
7275,169898495,169898495,169898515,4,20,47
7276,169898495,169898495,169898515,4,20,123
7277,169898495,169898495,169898515,4,20,73
7278,169898495,169898495,169898515,4,20,110
7279,169898495,169898498,169898518,4,20,20
7280,169898495,169898498,169898518,4,20,30
7281,169898495,169898498,169898518,4,20,86
7282,169898495,169898498,169898518,4,20,21
7283,169898495,169898498,169898518,4,20,145
7284,169898495,169898498,169898518,4,20,137
7285,169898495,169898498,169898518,4,20,126
7286,169898495,169898498,169898518,4,20,140
7287,169898495,169898498,169898518,4,20,45
7288,169898495,169898498,169898518,4,20,58
7289,169898495,169898498,169898518,4,20,61
7290,169898495,169898498,169898518,4,20,48
7291,169898495,169898498,169898518,4,20,62
7292,169898495,169898498,169898518,4,20,22
7293,169898495,169898498,169898518,4,20,134
7294,169898495,169898498,169898518,4,20,119
7295,169898495,169898498,169898518,4,20,64
7296,169898495,169898498,169898518,4,20,61
7297,169898495,169898498,169898518,4,20,58
7298,169898495,169898498,169898518,4,20,40
7299,169898495,169898498,169898518,4,20,139
7300,169898495,169898498,169898518,4,20,58
7301,169898495,169898498,169898519,4,21,45
7302,169898495,169898498,169898518,4,20,55
7303,169898495,169898498,169898518,4,20,20
7304,169898495,169898498,169898518,4,20,133
7305,169898495,169898498,169898519,4,21,92
7306,169898495,169898498,169898518,4,20,144
7307,169898495,169898498,169898518,4,20,67
7308,169898495,169898498,169898518,4,20,143
7309,169898495,169898498,169898518,4,20,123
7310,169898501,169898504,169898525,4,21,52
7311,169898501,169898501,169898521,4,20,42
7312,169898501,169898501,169898521,4,20,22
7313,169898501,169898501,169898521,4,20,24
7314,169898501,169898501,169898522,4,21,67
7315,169898501,169898501,169898521,4,20,38
7316,169898501,169898501,169898521,4,20,82
7317,169898501,169898501,169898521,4,20,46
7318,169898501,169898501,169898521,4,20,46
7320,169898501,169898504,169898524,4,20,42
7321,169898501,169898504,169898525,4,21,42
7322,169898501,169898504,169898525,4,21,21
7323,169898501,169898504,169898524,4,20,21
7324,169898501,169898504,169898525,4,21,189
7325,169898501,169898504,169898525,4,21,156
7326,169898501,169898504,169898525,4,21,147
7327,169898501,169898504,169898525,4,21,90
7328,169898501,169898504,169898525,4,21,51
7329,169898501,169898504,169898525,4,21,48
7330,169898501,169898504,169898525,4,21,132
7331,169898501,169898504,169898525,4,21,106
7332,169898501,169898504,169898525,4,21,47
7333,169898501,169898504,169898525,4,21,138
7334,169898501,169898504,169898525,4,21,20
7335,169898501,169898504,169898525,4,21,22
7336,169898501,169898504,169898524,4,20,45
7337,169898501,169898504,169898525,4,21,44
7338,169898501,169898504,169898525,4,21,67
7339,169898501,169898504,169898525,4,21,80
7340,169898501,169898504,169898525,4,21,43
7341,169898501,169898504,169898525,4,21,42
7342,169898501,169898504,169898525,4,21,63
7343,169898501,169898504,169898524,4,20,97
7344,169898501,169898504,169898525,4,21,118
7345,169898501,169898504,169898525,4,21,139
7346,169898501,169898504,169898525,4,21,64
7347,169898501,169898504,169898525,4,21,99
7348,169898501,169898504,169898525,4,21,78
7349,169898501,169898504,169898525,4,21,143
7350,169898501,169898504,169898525,4,21,20
7319,169898502,169898503,169901104,1,2601,46
7351,169898505,169898505,169901087,1,2582,66
7352,169898505,169898505,169901097,1,2592,58
7353,169898507,169898507,169901103,1,2596,20
7354,169898507,169898507,169901099,1,2592,21
7355,169898507,169898511,169898532,4,21,127
7356,169898507,169898507,169898527,4,20,49
7357,169898507,169898507,169898528,4,21,85
7358,169898507,169898507,169898528,4,21,85
7359,169898507,169898507,169898528,4,21,90
7360,169898507,169898507,169898528,4,21,109
7361,169898507,169898507,169898528,4,21,120
7362,169898507,169898507,169898528,4,21,123
7363,169898507,169898507,169898528,4,21,51
7364,169898507,169898511,169898531,4,20,22
7365,169898507,169898511,169898531,4,20,81
7366,169898507,169898511,169898531,4,20,49
7367,169898507,169898511,169898531,4,20,50
7368,169898507,169898511,169898531,4,20,33
7369,169898507,169898511,169898531,4,20,22
7370,169898507,169898511,169898531,4,20,40
7371,169898507,169898511,169898532,4,21,41
7372,169898507,169898511,169898532,4,21,41
7373,169898507,169898511,169898532,4,21,59
7374,169898507,169898511,169898531,4,20,22
7375,169898507,169898511,169898531,4,20,20
7376,169898507,169898511,169898531,4,20,21
7377,169898507,169898511,169898531,4,20,27
7378,169898507,169898511,169898531,4,20,20
7379,169898507,169898511,169898531,4,20,151
7380,169898507,169898511,169898531,4,20,154
7381,169898507,169898511,169898531,4,20,149
7382,169898507,169898511,169898531,4,20,126
7383,169898507,169898511,169898531,4,20,149
7384,169898507,169898511,169898531,4,20,135
7385,169898507,169898511,169898531,4,20,85
7386,169898507,169898511,169898531,4,20,45
7387,169898507,169898511,169898531,4,20,68
7388,169898507,169898511,169898531,4,20,62
7389,169898507,169898511,169898531,4,20,81
7390,169898507,169898511,169898531,4,20,85
7391,169898507,169898511,169898531,4,20,76
7392,169898507,169898511,169898531,4,20,86
7393,169898507,169898511,169898531,4,20,57
7394,169898507,169898511,169898531,4,20,42
7395,169898511,169898511,169901108,1,2597,59
7396,169898513,169898520,169898540,4,20,25
7397,169898513,169898513,169898533,4,20,22
7398,169898513,169898513,169898534,4,21,48
7399,169898513,169898513,169898534,4,21,87
7400,169898513,169898513,169898534,4,21,87
7401,169898513,169898513,169898534,4,21,65
7402,169898513,169898513,169898534,4,21,61
7403,169898513,169898513,169898534,4,21,44
7404,169898513,169898513,169898534,4,21,59
7405,169898513,169898517,169898537,4,20,73
7406,169898513,169898517,169898537,4,20,46
7407,169898513,169898517,169898537,4,20,92
7408,169898513,169898517,169898537,4,20,62
7409,169898513,169898517,169898537,4,20,55
7410,169898513,169898517,169898537,4,20,134
7411,169898513,169898517,169898537,4,20,153
7412,169898513,169898517,169898537,4,20,170
7413,169898513,169898520,169898540,4,20,158
7414,169898513,169898520,169898540,4,20,60
7415,169898513,169898520,169898540,4,20,124
7416,169898513,169898520,169898540,4,20,76
7417,169898513,169898520,169898540,4,20,151
7418,169898513,169898520,169898540,4,20,110
7419,169898513,169898520,169898540,4,20,145
7420,169898513,169898520,169898540,4,20,140
7421,169898513,169898520,169898540,4,20,44
7422,169898513,169898520,169898540,4,20,140
7423,169898513,169898520,169898540,4,20,104
7424,169898513,169898520,169898540,4,20,123
7425,169898513,169898520,169898540,4,20,18
7426,169898513,169898520,169898540,4,20,43
7427,169898513,169898520,169898540,4,20,44
7428,169898513,169898520,169898540,4,20,44
7429,169898513,169898520,169898540,4,20,43
7430,169898513,169898520,169898540,4,20,63
7431,169898513,169898520,169898540,4,20,43
7432,169898513,169898520,169898540,4,20,43
7433,169898513,169898520,169898540,4,20,43
7434,169898513,169898520,169898540,4,20,42
7435,169898513,169898520,169898540,4,20,23
7436,169898526,169898526,169898547,4,21,62
7437,169898526,169898526,169898546,4,20,67
7438,169898526,169898526,169898546,4,20,30
7439,169898526,169898526,169898546,4,20,42
7440,169898526,169898526,169898546,4,20,141
7441,169898526,169898526,169898546,4,20,97
7442,169898526,169898526,169898547,4,21,22
7443,169898526,169898526,169898546,4,20,44
7444,169898526,169898526,169898546,4,20,21
7445,169898526,169898526,169898546,4,20,41
7446,169898526,169898526,169898546,4,20,42
7447,169898526,169898526,169898546,4,20,46
7448,169898526,169898526,169898546,4,20,46
7449,169898526,169898526,169898546,4,20,99
7450,169898526,169898526,169898546,4,20,118
7451,169898526,169898526,169898546,4,20,48
7452,169898526,169898526,169898546,4,20,46
7453,169898526,169898526,169898546,4,20,52
7454,169898526,169898526,169898546,4,20,86
7455,169898526,169898526,169898546,4,20,38
7456,169898526,169898526,169898546,4,20,82
7457,169898526,169898526,169898546,4,20,21
7458,169898526,169898526,169898546,4,20,21
7459,169898526,169898526,169898547,4,21,23
7460,169898526,169898526,169898546,4,20,25
7461,169898526,169898526,169898546,4,20,43
7462,169898526,169898526,169898546,4,20,45
7463,169898526,169898526,169898546,4,20,45
7464,169898526,169898526,169898546,4,20,58
7465,169898526,169898526,169898546,4,20,61
7466,169898526,169898526,169898547,4,21,62
7467,169898526,169898526,169898546,4,20,30
7468,169898526,169898526,169898546,4,20,134
7469,169898526,169898526,169898547,4,21,63
7470,169898526,169898526,169898547,4,21,58
7471,169898526,169898526,169898546,4,20,58
7472,169898526,169898526,169898546,4,20,40
7473,169898526,169898526,169898546,4,20,58
7474,169898526,169898526,169898546,4,20,52
7475,169898526,169898526,169898546,4,20,65
7476,169898532,169898533,169898553,4,20,120
7477,169898532,169898533,169898554,4,21,130
7478,169898532,169898533,169898553,4,20,52
7479,169898532,169898533,169898553,4,20,20
7480,169898532,169898533,169898553,4,20,90
7481,169898532,169898533,169898553,4,20,63
7482,169898532,169898533,169898553,4,20,154
7483,169898532,169898533,169898553,4,20,140
7484,169898532,169898533,169898553,4,20,21
7485,169898532,169898533,169898553,4,20,21
7486,169898532,169898533,169898553,4,20,77
7487,169898532,169898533,169898554,4,21,78
7488,169898532,169898533,169898553,4,20,51
7489,169898532,169898533,169898554,4,21,42
7490,169898532,169898533,169898553,4,20,42
7491,169898532,169898533,169898553,4,20,42
7492,169898532,169898533,169898553,4,20,90
7493,169898532,169898533,169898553,4,20,51
7494,169898532,169898533,169898553,4,20,63
7495,169898532,169898533,169898553,4,20,115
7496,169898532,169898533,169898553,4,20,137
7497,169898532,169898533,169898553,4,20,49
7498,169898532,169898533,169898553,4,20,85
7499,169898532,169898533,169898553,4,20,85
7500,169898532,169898533,169898553,4,20,20
7501,169898532,169898533,169898554,4,21,42
7502,169898532,169898533,169898553,4,20,44
7503,169898532,169898533,169898553,4,20,67
7504,169898532,169898533,169898553,4,20,80
7505,169898532,169898533,169898553,4,20,45
7506,169898532,169898533,169898553,4,20,189
7507,169898532,169898533,169898553,4,20,156
7508,169898532,169898533,169898553,4,20,143
7509,169898532,169898533,169898553,4,20,150
7510,169898532,169898533,169898553,4,20,132
7511,169898532,169898533,169898553,4,20,106
7512,169898532,169898533,169898553,4,20,46
7513,169898532,169898533,169898553,4,20,138
7514,169898532,169898533,169898553,4,20,90
7515,169898532,169898533,169898553,4,20,109
7516,169898538,169898542,169898562,4,20,135
7517,169898538,169898538,169898558,4,20,81
7518,169898538,169898538,169898558,4,20,59
7519,169898538,169898538,169898558,4,20,60
7520,169898538,169898538,169898558,4,20,126
7521,169898538,169898538,169898558,4,20,154
7522,169898538,169898538,169898558,4,20,149
7523,169898538,169898538,169898558,4,20,131
7524,169898538,169898538,169898558,4,20,50
7525,169898538,169898538,169898559,4,21,33
7526,169898538,169898538,169898559,4,21,49
7527,169898538,169898538,169898558,4,20,81
7528,169898538,169898538,169898558,4,20,85
7529,169898538,169898538,169898558,4,20,89
7530,169898538,169898538,169898558,4,20,22
7531,169898538,169898538,169898559,4,21,30
7532,169898538,169898538,169898558,4,20,48
7533,169898538,169898538,169898558,4,20,40
7534,169898538,169898538,169898558,4,20,42
7535,169898538,169898538,169898558,4,20,41
7536,169898538,169898538,169898558,4,20,59
7537,169898538,169898538,169898558,4,20,22
7538,169898538,169898538,169898558,4,20,21
7539,169898538,169898538,169898558,4,20,27
7540,169898538,169898538,169898558,4,20,29
7541,169898538,169898542,169898562,4,20,25
7542,169898538,169898542,169898562,4,20,73
7543,169898538,169898542,169898562,4,20,42
7544,169898538,169898542,169898562,4,20,45
7545,169898538,169898542,169898562,4,20,46
7546,169898538,169898542,169898562,4,20,123
7547,169898538,169898542,169898562,4,20,43
7548,169898538,169898542,169898562,4,20,46
7549,169898538,169898542,169898562,4,20,47
7550,169898538,169898542,169898562,4,20,89
7551,169898538,169898542,169898562,4,20,68
7552,169898538,169898542,169898563,4,21,62
7553,169898538,169898542,169898562,4,20,134
7554,169898538,169898542,169898562,4,20,153
7555,169898538,169898542,169898562,4,20,170
7556,169898544,169898548,169898569,4,21,134
7557,169898544,169898544,169898564,4,20,60
7558,169898544,169898544,169898564,4,20,127
7559,169898544,169898544,169898564,4,20,87
7560,169898544,169898544,169898564,4,20,151
7561,169898544,169898544,169898564,4,20,25
7562,169898544,169898544,169898564,4,20,43
7563,169898544,169898544,169898564,4,20,45
7564,169898544,169898544,169898564,4,20,110
7565,169898544,169898548,169898568,4,20,21
7566,169898544,169898548,169898568,4,20,68
7567,169898544,169898548,169898568,4,20,65
7568,169898544,169898548,169898568,4,20,42
7569,169898544,169898548,169898568,4,20,86
7570,169898544,169898548,169898568,4,20,145
7571,169898544,169898548,169898568,4,20,140
7572,169898544,169898548,169898568,4,20,79
7573,169898544,169898548,169898568,4,20,68
7574,169898544,169898548,169898568,4,20,62
7575,169898544,169898548,169898568,4,20,44
7576,169898544,169898548,169898568,4,20,140
7577,169898544,169898548,169898568,4,20,44
7578,169898544,169898548,169898568,4,20,65
7579,169898544,169898548,169898568,4,20,42
7580,169898544,169898548,169898568,4,20,45
7581,169898544,169898548,169898568,4,20,87
7582,169898544,169898548,169898568,4,20,65
7583,169898544,169898548,169898568,4,20,60
7584,169898544,169898548,169898568,4,20,44
7585,169898544,169898548,169898568,4,20,76
7586,169898544,169898548,169898568,4,20,58
7587,169898544,169898548,169898568,4,20,55
7588,169898544,169898548,169898569,4,21,129
7589,169898544,169898548,169898568,4,20,152
7590,169898544,169898548,169898568,4,20,158
7591,169898544,169898548,169898568,4,20,123
7592,169898544,169898548,169898568,4,20,42
7593,169898544,169898548,169898568,4,20,150
7594,169898544,169898548,169898568,4,20,62
7595,169898544,169898548,169898568,4,20,21
7596,169898550,169898555,169898576,4,21,58
7597,169898550,169898550,169898570,4,20,141
7598,169898550,169898550,169898571,4,21,28
7599,169898550,169898550,169898571,4,21,22
7600,169898550,169898550,169898571,4,21,42
7601,169898550,169898550,169898571,4,21,67
7602,169898550,169898550,169898571,4,21,44
7603,169898550,169898550,169898571,4,21,97
7604,169898550,169898550,169898571,4,21,41
7605,169898550,169898555,169898578,4,23,24
7606,169898550,169898555,169898576,4,21,20
7607,169898550,169898555,169898576,4,21,68
7608,169898550,169898555,169898578,4,23,129
7609,169898550,169898555,169898576,4,21,47
7610,169898550,169898555,169898576,4,21,84
7611,169898550,169898555,169898576,4,21,42
7612,169898550,169898555,169898578,4,23,45
7613,169898550,169898555,169898576,4,21,42
7614,169898550,169898555,169898576,4,21,90
7615,169898550,169898555,169898575,4,20,46
7616,169898550,169898555,169898576,4,21,38
7617,169898550,169898555,169898576,4,21,82
7618,169898550,169898555,169898576,4,21,99
7619,169898550,169898555,169898576,4,21,140
7620,169898550,169898555,169898576,4,21,21
7621,169898550,169898555,169898576,4,21,23
7622,169898550,169898555,169898576,4,21,48
7623,169898550,169898555,169898576,4,21,46
7624,169898550,169898555,169898576,4,21,25
7625,169898550,169898555,169898578,4,23,24
7626,169898550,169898555,169898578,4,23,43
7627,169898550,169898555,169898576,4,21,58
7628,169898550,169898555,169898576,4,21,52
7629,169898550,169898555,169898576,4,21,61
7630,169898550,169898555,169898576,4,21,60
7631,169898550,169898555,169898576,4,21,63
7632,169898550,169898555,169898575,4,20,64
7633,169898550,169898555,169898576,4,21,40
7634,169898550,169898555,169898575,4,20,43
7635,169898550,169898555,169898576,4,21,45
7636,169898556,169898563,169898584,4,21,62
7637,169898556,169898556,169898576,4,20,130
7638,169898556,169898556,169898576,4,20,52
7639,169898556,169898556,169898576,4,20,21
7640,169898556,169898556,169898576,4,20,51
7641,169898556,169898556,169898576,4,20,42
7642,169898556,169898556,169898576,4,20,109
7643,169898556,169898556,169898576,4,20,120
7644,169898556,169898556,169898576,4,20,154
7645,169898556,169898560,169898580,4,20,20
7646,169898556,169898560,169898581,4,21,48
7647,169898556,169898560,169898580,4,20,42
7648,169898556,169898560,169898580,4,20,53
7649,169898556,169898560,169898581,4,21,151
7650,169898556,169898560,169898580,4,20,139
7651,169898556,169898560,169898580,4,20,66
7652,169898556,169898560,169898580,4,20,115
7653,169898556,169898560,169898580,4,20,21
7654,169898556,169898560,169898580,4,20,44
7655,169898556,169898560,169898580,4,20,89
7656,169898556,169898560,169898580,4,20,53
7657,169898556,169898560,169898580,4,20,67
7658,169898556,169898560,169898580,4,20,80
7659,169898556,169898560,169898580,4,20,189
7660,169898556,169898560,169898580,4,20,141
7661,169898556,169898560,169898580,4,20,150
7662,169898556,169898560,169898580,4,20,77
7663,169898556,169898560,169898580,4,20,78
7664,169898556,169898560,169898581,4,21,139
7665,169898556,169898560,169898580,4,20,49
7666,169898556,169898560,169898580,4,20,86
7667,169898556,169898560,169898580,4,20,81
7668,169898556,169898560,169898580,4,20,61
7669,169898556,169898563,169898583,4,20,59
7670,169898556,169898563,169898583,4,20,22
7671,169898556,169898563,169898583,4,20,44
7672,169898556,169898563,169898583,4,20,60
7673,169898556,169898563,169898583,4,20,126
7674,169898556,169898563,169898583,4,20,146
7675,169898556,169898563,169898583,4,20,140
7676,169898568,169898570,169898591,4,21,134
7677,169898568,169898570,169898591,4,21,63
7678,169898568,169898570,169898593,4,23,23
7679,169898568,169898570,169898591,4,21,87
7680,169898568,169898570,169898591,4,21,128
7681,169898568,169898570,169898591,4,21,42
7682,169898568,169898570,169898591,4,21,90
7683,169898568,169898570,169898591,4,21,132
7684,169898568,169898570,169898591,4,21,82
7685,169898568,169898570,169898591,4,21,60
7686,169898568,169898570,169898591,4,21,22
7687,169898568,169898570,169898591,4,21,81
7688,169898568,169898570,169898593,4,23,88
7689,169898568,169898570,169898591,4,21,26
7690,169898568,169898570,169898591,4,21,41
7691,169898568,169898570,169898591,4,21,22
7692,169898568,169898570,169898591,4,21,19
7693,169898568,169898570,169898591,4,21,27
7694,169898568,169898570,169898591,4,21,27
7695,169898568,169898570,169898591,4,21,22
7696,169898568,169898570,169898591,4,21,49
7697,169898568,169898570,169898591,4,21,73
7698,169898568,169898570,169898591,4,21,110
7699,169898568,169898570,169898591,4,21,148
7700,169898568,169898570,169898591,4,21,43
7701,169898568,169898570,169898591,4,21,42
7702,169898568,169898570,169898591,4,21,123
7703,169898568,169898570,169898591,4,21,39
7704,169898568,169898570,169898593,4,23,40
7705,169898568,169898570,169898591,4,21,59
7706,169898568,169898570,169898591,4,21,89
7707,169898568,169898570,169898591,4,21,65
7708,169898568,169898570,169898591,4,21,53
7709,169898568,169898570,169898591,4,21,43
7710,169898568,169898570,169898591,4,21,43
7711,169898568,169898570,169898591,4,21,45
7712,169898568,169898570,169898591,4,21,132
7713,169898568,169898570,169898591,4,21,106
7714,169898568,169898570,169898591,4,21,46
7715,169898568,169898570,169898591,4,21,138
7716,169898574,169898577,169898598,4,21,45
7717,169898574,169898574,169898594,4,20,47
7718,169898574,169898574,169898595,4,21,137
7719,169898574,169898574,169898595,4,21,30
7720,169898574,169898574,169898595,4,21,42
7721,169898574,169898574,169898595,4,21,137
7722,169898574,169898574,169898595,4,21,65
7723,169898574,169898574,169898595,4,21,44
7724,169898574,169898574,169898595,4,21,21
7725,169898574,169898574,169898595,4,21,136
7726,169898574,169898574,169898595,4,21,22
7727,169898574,169898574,169898595,4,21,41
7728,169898574,169898574,169898595,4,21,79
7729,169898574,169898574,169898595,4,21,68
7730,169898574,169898574,169898595,4,21,52
7731,169898574,169898574,169898595,4,21,86
7732,169898574,169898574,169898595,4,21,44
7733,169898574,169898577,169898599,4,22,158
7734,169898574,169898577,169898598,4,21,87
7735,169898574,169898577,169898598,4,21,42
7736,169898574,169898577,169898598,4,21,85
7737,169898574,169898577,169898598,4,21,58
7738,169898574,169898577,169898598,4,21,65
7739,169898574,169898577,169898598,4,21,45
7740,169898574,169898577,169898598,4,21,140
7741,169898574,169898577,169898599,4,22,21
7742,169898574,169898577,169898598,4,21,42
7743,169898574,169898577,169898598,4,21,65
7744,169898574,169898577,169898598,4,21,43
7745,169898574,169898577,169898598,4,21,153
7746,169898574,169898577,169898598,4,21,170
7747,169898574,169898577,169898598,4,21,151
7748,169898574,169898577,169898598,4,21,150
7749,169898574,169898577,169898598,4,21,62
7750,169898574,169898577,169898598,4,21,55
7751,169898574,169898577,169898598,4,21,44
7752,169898574,169898577,169898598,4,21,76
7753,169898574,169898577,169898598,4,21,21
7754,169898574,169898577,169898598,4,21,45
7755,169898574,169898577,169898598,4,21,44
7756,169898582,169898582,169898587,1,5,17
7757,169898595,169898597,169899837,20,1240,149
7758,169898603,169898604,169900014,20,1410,177
7759,169898612,169898612,169900174,20,1562,112
7760,169898918,169898920,169901083,24,2163,167
7761,169899058,169899058,169899080,5,22,43
7762,169899092,169899092,169899127,5,35,46
7763,169899162,169899162,169901249,1,2087,79
7764,169899191,169899191,169899346,15,155,62
7800,169899230,169899230,169899346,10,116,62
7801,169899238,169899238,169899346,15,108,42
7802,169899247,169899247,169899346,15,99,208
7803,169899284,169899286,169901467,1,2181,24
7804,169899348,169899348,169899350,100,2,140
7805,169899354,169899357,169901995,1,2638,28
7806,169899365,169899365,169900635,10,1270,65
7807,169899373,169899374,169901989,1,2615,22
7808,169899374,169899374,169901126,15,1752,48
7809,169899379,169899379,169901542,16,2163,285
7810,169899379,169899380,169902015,1,2635,129
7811,169899383,169899383,169901136,15,1753,69
7812,169899385,169899385,169899420,1,35,17
7813,169899392,169899392,169900862,15,1470,68
7814,169899399,169899401,169902048,1,2647,132
7817,169899528,169899528,169899731,1,203,90
7820,169899579,169899579,169900282,3,703,147
7821,169899683,169899683,169899805,2,122,46
7822,169899734,169899734,169899961,1,227,71
7823,169899796,169899798,169901887,1,2089,28
7824,169899818,169899819,169899943,2,124,52
7825,169899943,169899943,169900066,2,123,34
7826,169899948,169899948,169900072,2,124,35
7862,169900032,169900032,169900071,1,39,18
7863,169900076,169900077,169900166,32,89,83
7864,169900083,169900083,169900177,32,94,64
7865,169900140,169900140,169900155,1,15,18
7866,169900174,169900174,169900357,1,183,42
7867,169900193,169900194,169901278,1,1084,42
7868,169900206,169900207,169900240,2,33,48
7869,169900209,169900209,169900297,32,88,64
7870,169900210,169900211,169900224,1,13,17
7871,169900215,169900215,169900319,32,104,139
7872,169900226,169900226,169902347,3,2121,72
7873,169900254,169900254,169900265,2,11,42
7874,169900254,169900254,169900265,2,11,18
7875,169900255,169900255,169900264,2,9,22
7876,169900256,169900256,169900269,2,13,24
7877,169900257,169900257,169900298,2,41,102
7878,169900258,169900258,169900283,2,25,31
7879,169900258,169900258,169900268,2,10,65
7880,169900259,169900259,169900268,2,9,23
7881,169900260,169900260,169900269,2,9,123
7882,169900261,169900261,169900269,2,8,51
7883,169900263,169900263,169900276,1,13,20
7884,169900271,169900271,169900281,2,10,23
7885,169900272,169900272,169900281,2,9,48
7886,169900273,169900273,169900282,2,9,65
7887,169900273,169900274,169900283,2,9,116
7888,169900274,169900274,169900286,2,12,51
7889,169900275,169900275,169900286,2,11,18
7890,169900276,169900276,169900286,2,10,22
7891,169900277,169900277,169900287,2,10,18
7892,169900277,169900277,169900289,2,12,30
7893,169900278,169900278,169900297,2,19,57
7894,169900284,169900284,169901577,4,1293,184
7895,169900298,169900298,169900314,2,16,23
7896,169900299,169900299,169900321,2,22,48
7897,169900299,169900299,169900323,2,24,49
7898,169900300,169900300,169900323,2,23,23
7900,169900301,169900301,169900330,2,29,40
7901,169900302,169900302,169900329,2,27,128
7902,169900303,169900303,169900321,2,18,154
7903,169900304,169900304,169900325,2,21,102
7904,169900305,169900305,169908947,1,8642,18
7905,169900305,169900305,169900322,2,17,116
7906,169900306,169900306,169900323,2,17,51
7907,169900311,169900311,169908955,1,8644,18
7908,169900326,169900326,169900335,2,9,17
7909,169900327,169900327,169900338,2,11,154
7910,169900328,169900329,169900357,2,28,23
7911,169900329,169900330,169900340,2,10,42
7912,169900338,169900339,169902212,20,1873,112
7913,169900340,169900341,169900372,1,31,20
7914,169900358,169900358,169900448,32,90,139
7915,169900360,169900360,169901083,1,723,35
7916,169900363,169900363,169900459,32,96,64
7917,169900384,169900384,169900422,1,38,47
7918,169900384,169900384,169901103,1,719,20
7919,169900411,169900411,169901128,1,717,18
7920,169900413,169900413,169900418,1,5,34
7921,169900440,169900440,169900450,1,10,47
7922,169900446,169900446,169900457,2,11,42
7923,169900447,169900447,169900457,2,10,17
7924,169900448,169900448,169900456,2,8,122
7925,169900449,169900449,169900460,2,11,154
7926,169900450,169900450,169900469,2,19,90
7927,169900450,169900451,169900487,2,36,23
7928,169900451,169900452,169900461,2,9,28
7929,169900452,169900452,169900462,2,10,23
7930,169900453,169900453,169900468,2,15,36
7931,169900454,169900454,169900469,2,15,57
7932,169900464,169900464,169900473,1,9,48
7933,169900477,169900477,169900490,2,13,48
7934,169900478,169900478,169900490,2,12,23
7935,169900479,169900479,169900491,2,12,128
7936,169900479,169900480,169900490,2,10,154
7937,169900480,169900480,169900489,1,9,48
7938,169900480,169900480,169900492,2,12,28
7939,169900481,169900481,169900517,2,36,24
7940,169900482,169900482,169900493,2,11,49
7941,169900483,169900483,169900496,2,13,49
7942,169900484,169900484,169900495,2,11,48
7943,169900484,169900485,169900493,2,8,51
7944,169900493,169900495,169900582,100,87,143
7945,169900495,169900497,169900507,2,10,48
7946,169900496,169900497,169900513,2,16,22
7947,169900497,169900497,169900545,2,48,128
7948,169900498,169900498,169900514,2,16,154
7949,169900499,169900499,169900515,2,16,23
7950,169900500,169900500,169900517,2,17,28
7951,169900500,169900500,169900512,2,12,43
7952,169900501,169900501,169900519,2,18,49
7953,169900502,169900502,169900516,2,14,48
7954,169900504,169900505,169900519,2,14,52
7955,169900505,169900505,169901230,1,725,52
7956,169900508,169900508,169901578,30,1070,136
7957,169900508,169900508,169900565,1,57,36
7958,169900520,169900521,169900531,2,10,153
7959,169900521,169900522,169900534,2,12,42
7960,169900523,169900523,169900535,2,12,17
7961,169900524,169900524,169900535,2,11,116
7962,169900528,169900529,169900624,32,95,83
7963,169900542,169900542,169900620,4,78,221
7964,169900542,169900543,169900620,4,77,126
7967,169900542,169900543,169900620,4,77,146
7968,169900542,169900543,169900620,4,77,149
7969,169900542,169900543,169900620,4,77,122
7970,169900542,169900543,169900620,4,77,144
7971,169900542,169900543,169900620,4,77,155
7972,169900542,169900543,169900620,4,77,191
7973,169900542,169900543,169900620,4,77,170
7974,169900542,169900543,169900620,4,77,122
7975,169900542,169900543,169900620,4,77,122
7976,169900542,169900543,169900620,4,77,118
7977,169900542,169900543,169900620,4,77,122
7978,169900542,169900543,169900620,4,77,226
7979,169900542,169900543,169900620,4,77,185
7980,169900542,169900543,169900620,4,77,150
7981,169900542,169900543,169900620,4,77,170
7982,169900542,169900543,169900620,4,77,167
7983,169900542,169900543,169900620,4,77,186
7984,169900542,169900543,169900620,4,77,188
7985,169900542,169900543,169900620,4,77,180
7986,169900542,169900543,169900620,4,77,189
7987,169900542,169900543,169900620,4,77,141
7988,169900542,169900543,169900620,4,77,155
7989,169900543,169900543,169900620,4,77,152
7990,169900543,169900543,169900620,4,77,130
7991,169900543,169900543,169900620,4,77,127
7992,169900543,169900543,169900620,4,77,153
7993,169900543,169900543,169900620,4,77,123
7994,169900543,169900543,169900620,4,77,145
7995,169900543,169900543,169900620,4,77,127
7996,169900543,169900543,169900620,4,77,148
7997,169900543,169900543,169900620,4,77,129
7998,169900543,169900543,169900620,4,77,142
7999,169900543,169900543,169900620,4,77,146
8000,169900543,169900543,169900620,4,77,139
8001,169900543,169900543,169900620,4,77,141
8002,169900543,169900543,169900620,4,77,162
8003,169900543,169900543,169900620,4,77,122
8004,169900543,169900543,169900620,4,77,123
8005,169900543,169900543,169900620,4,77,146
8006,169900543,169900543,169900620,4,77,190
8007,169900543,169900543,169900620,4,77,261
8008,169900543,169900543,169900620,4,77,237
8009,169900543,169900543,169900620,4,77,256
8010,169900543,169900543,169900620,4,77,274
8011,169900543,169900543,169900620,4,77,243
8012,169900543,169900543,169900620,4,77,251
8013,169900543,169900543,169900620,4,77,157
8014,169900543,169900543,169900620,4,77,156
8015,169900543,169900543,169900620,4,77,167
8016,169900543,169900543,169900620,4,77,164
8017,169900543,169900543,169900620,4,77,168
8018,169900543,169900543,169900620,4,77,193
8019,169900543,169900543,169900620,4,77,166
8020,169900543,169900544,169900620,4,76,165
8021,169900543,169900544,169900620,4,76,147
8022,169900543,169900544,169900620,4,76,180
8023,169900544,169900544,169900620,4,76,237
8024,169900544,169900544,169900620,4,76,209
8025,169900544,169900544,169900620,4,76,151
8026,169900544,169900544,169900620,4,76,222
8027,169900544,169900544,169900620,4,76,240
8028,169900544,169900544,169900620,4,76,221
8029,169900544,169900544,169900620,4,76,179
8030,169900544,169900544,169900620,4,76,145
8031,169900544,169900544,169900620,4,76,147
8032,169900544,169900544,169900620,4,76,147
8033,169900544,169900544,169900620,4,76,166
8034,169900544,169900544,169900620,4,76,147
8035,169900544,169900544,169900620,4,76,132
8036,169900544,169900544,169900620,4,76,146
8037,169900544,169900544,169900620,4,76,147
8038,169900544,169900544,169900620,4,76,147
8039,169900544,169900544,169900620,4,76,128
8040,169900544,169900544,169900620,4,76,128
8041,169900544,169900544,169900620,4,76,127
8042,169900544,169900544,169900620,4,76,143
8043,169900544,169900544,169900620,4,76,145
8044,169900544,169900544,169900620,4,76,123
7965,169900544,169900585,169900620,4,35,149
7966,169900544,169900585,169900620,4,35,130
8045,169900544,169900544,169900620,4,76,191
8046,169900544,169900544,169900620,4,76,149
8047,169900544,169900544,169900620,4,76,155
8048,169900544,169900544,169900620,4,76,146
8049,169900544,169900544,169900620,4,76,123
8050,169900544,169900544,169900620,4,76,146
8051,169900544,169900545,169900620,4,75,123
8052,169900544,169900545,169900620,4,75,146
8053,169900544,169900545,169900620,4,75,145
8054,169900544,169900545,169900620,4,75,145
8055,169900544,169900545,169900620,4,75,223
8056,169900544,169900545,169900620,4,75,243
8057,169900544,169900545,169900620,4,75,230
8058,169900544,169900545,169900620,4,75,244
8059,169900545,169900545,169900620,4,75,253
8060,169900545,169900545,169900620,4,75,241
8061,169900545,169900545,169900620,4,75,145
8062,169900545,169900545,169900620,4,75,166
8063,169900546,169900547,169900585,1,38,127
8064,169900554,169900554,169900591,1,37,32
8065,169900570,169900585,169900596,4,11,58
8068,169900570,169900585,169902084,4,1499,125
8069,169900570,169900585,169902067,4,1482,146
8070,169900570,169900585,169902073,4,1488,177
8071,169900570,169900585,169902067,4,1482,110
8072,169900570,169900585,169902070,4,1485,169
8073,169900570,169900585,169902064,4,1479,162
8066,169900576,169900576,169900605,1,29,36
8067,169900577,169900585,169902319,4,1734,73
8074,169900577,169900585,169903937,4,3352,85
8075,169900577,169900585,169903979,4,3394,89
8076,169900577,169900585,169903915,4,3330,92
8077,169900577,169900585,169903920,4,3335,119
8078,169900577,169900585,169903899,4,3314,96
8079,169900577,169900585,169902319,4,1734,79
8080,169900585,169900585,169900598,2,13,70
8081,169900586,169900586,169900596,2,10,98
8082,169900587,169900587,169900594,2,7,42
8083,169900587,169900587,169900597,1,10,124
8084,169900587,169900587,169900597,1,10,122
8085,169900587,169900587,169900597,1,10,31
8086,169900587,169900587,169900597,1,10,55
8087,169900587,169900588,169900599,2,11,49
8088,169900588,169900589,169900601,2,12,61
8089,169900589,169900589,169900613,2,24,43
8090,169900590,169900590,169900601,2,11,50
8091,169900591,169900591,169900617,2,26,49
8092,169900592,169900592,169900603,2,11,24
8093,169900593,169900593,169900604,2,11,127
8094,169900596,169900596,169900709,1,113,46
8095,169900599,169900599,169900959,5,360,140
8096,169900607,169900607,169900617,1,10,36
8097,169900613,169900614,169900624,2,10,70
8098,169900614,169900614,169900623,2,9,96
8099,169900615,169900615,169900624,2,9,103
8100,169900615,169900615,169902102,4,1487,75
8101,169900615,169900615,169900625,2,10,22
8102,169900616,169900617,169900629,2,12,61
8103,169900617,169900618,169900628,2,10,64
8104,169900618,169900618,169900629,2,11,63
8105,169900620,169900620,169900633,2,13,121
8106,169900620,169900620,169900689,1,69,36
8107,169900621,169900621,169900632,2,11,37
8108,169900621,169900622,169900630,2,8,239
8109,169900639,169900639,169900647,2,8,17
8110,169900640,169900640,169900650,2,10,17
8111,169900641,169900641,169900654,2,13,23
8112,169900641,169900642,169900653,2,11,103
8113,169900641,169900642,169905876,4,5234,137
8114,169900642,169900642,169900655,2,13,23
8115,169900643,169900643,169900655,2,12,155
8116,169900644,169900644,169900652,2,8,23
8117,169900645,169900645,169900658,2,13,64
8118,169900646,169900646,169900655,2,9,69
8119,169900646,169900647,169900657,2,10,21
8120,169900658,169900659,169900681,1,22,29
8121,169900664,169900664,169900676,2,12,23
8122,169900665,169900665,169900677,2,12,23
8123,169900666,169900666,169900678,2,12,23
8124,169900666,169900667,169900678,2,11,23
8125,169900675,169900675,169901165,4,490,83
8126,169900675,169900675,169901146,4,471,167
8127,169900675,169900675,169901260,4,585,88
8128,169900675,169900675,169900689,4,14,30
8129,169900675,169900675,169901158,4,483,65
8130,169900675,169900675,169901162,4,487,84
8131,169900675,169900675,169901165,4,490,98
8132,169900675,169900675,169901165,4,490,94
8133,169900675,169900675,169901290,4,615,119
8134,169900675,169900675,169901210,4,535,157
8135,169900679,169900679,169901268,4,589,166
8136,169900679,169900679,169901269,4,590,82
8137,169900679,169900679,169901282,4,603,97
8138,169900679,169900679,169901286,4,607,132
8139,169900679,169900679,169901279,4,600,112
8140,169900679,169900679,169901277,4,598,62
8141,169900679,169900679,169901277,4,598,63
8142,169900679,169900679,169901276,4,597,64
8143,169900679,169900679,169901275,4,596,64
8144,169900679,169900679,169901268,4,589,85
8145,169900681,169900682,169900832,4,150,35
8146,169900681,169900682,169901518,4,836,86
8147,169900681,169900682,169901520,4,838,158
8148,169900681,169900682,169901529,4,847,82
8149,169900681,169900682,169901530,4,848,123
8150,169900681,169900682,169901533,4,851,63
8151,169900681,169900682,169901531,4,849,63
8152,169900681,169900682,169901535,4,853,100
8153,169900681,169900682,169901531,4,849,67
8154,169900681,169900682,169901528,4,846,65
8155,169900682,169900682,169900699,1,17,29
8156,169900697,169900697,169900706,1,9,35
8157,169900701,169900701,169900748,1,47,37
8158,169900715,169900715,169901238,4,523,69
8159,169900741,169900741,169900768,2,27,23
8160,169900764,169900764,169900816,1,52,35
8161,169900789,169900789,169900822,2,33,23
8162,169900795,169900795,169900819,100,24,194
8163,169900811,169900812,169900899,1,87,55
8164,169900813,169900814,169903004,1,2190,144
8165,169900839,169900839,169902194,100,1355,197
8166,169900840,169900840,169900878,2,38,70
8167,169900868,169900868,169905190,8,4322,492
8168,169900874,169900874,169900883,1,9,15
8169,169900874,169900874,169900883,1,9,44
8170,169900874,169900874,169900883,1,9,45
8171,169900874,169900874,169900883,1,9,17
8172,169900891,169900892,169900899,1,7,65
8173,169900891,169900892,169900898,1,6,64
8174,169900901,169900901,169901623,1,722,58
8175,169900911,169900912,169900921,1,9,15
8176,169900911,169900912,169900921,1,9,28
8177,169900911,169900912,169900921,1,9,45
8178,169900911,169900912,169900921,1,9,44
8179,169900949,169900949,169901640,1,691,374
8180,169900959,169900959,169901309,1,350,61
8181,169900969,169900969,169900980,1,11,44
8182,169900969,169900969,169900980,1,11,17
8183,169900969,169900969,169900988,1,19,63
8221,169900978,169900979,169901000,1,21,17
8223,169900986,169900987,169901496,80,509,167
8224,169900986,169901498,169902078,80,580,169
8225,169900987,169902081,169902686,80,605,169
8226,169900987,169902691,169903242,80,551,169
8227,169900987,169903270,169903979,80,709,169
8228,169900987,169907261,169907819,80,558,109
8229,169900987,169908226,169908833,80,607,170
8230,169900987,169909567,169910135,80,568,148
8231,169900987,169910346,169910897,80,551,147
8232,169900987,169910925,169911419,80,494,124
8233,169900987,169911438,169911905,80,467,115
8234,169900987,169915298,169915711,80,413,154
8235,169900991,169900991,169903521,1,2530,338
8236,169900992,169900993,169903366,1,2373,52
8237,169900992,169900993,169903377,1,2384,137
8238,169900992,169900993,169903367,1,2374,30
8239,169900992,169900993,169903374,1,2381,54
8241,169901019,169901019,169901175,1,156,22
8242,169901027,169901027,169901034,1,7,29
8243,169901040,169901040,169901049,1,9,30
8244,169901052,169901052,169905408,2,4356,47
8245,169901054,169901054,169901187,1,133,53
8246,169901058,169901058,169901242,1,184,18
8247,169901061,169901062,169901083,1,21,20
8248,169901074,169901075,169903668,1,2593,16
8249,169901079,169901081,169903663,1,2582,40
8250,169901087,169901089,169903671,1,2582,24
8251,169901097,169901098,169903677,1,2579,18
8252,169901099,169901100,169903705,1,2605,20
8253,169901099,169901100,169901284,1,184,34
8254,169901103,169901105,169903712,1,2607,20
8255,169901104,169901105,169903707,1,2602,16
8256,169901108,169901109,169903720,1,2611,20
8257,169901118,169901118,169909760,1,8642,57
8258,169901133,169901133,169901140,1,7,18
8259,169901140,169901140,169901863,1,723,52
8260,169901144,169901144,169901170,32,26,139
8261,169901147,169901148,169909790,1,8642,64
8262,169901151,169901152,169903315,24,2163,117
8263,169901152,169901152,169901174,32,22,60
8264,169901155,169901155,169903529,3,2374,87
8265,169901155,169901155,169903509,3,2354,171
8266,169901156,169901156,169903505,3,2349,88
8267,169901156,169901156,169903519,3,2363,89
8268,169901170,169901170,169903333,24,2163,112
8269,169901204,169901204,169906032,16,4828,167
8270,169901204,169901204,169906116,16,4912,109
8271,169901211,169901211,169901395,1,184,18
8272,169901213,169901213,169901215,1,2,18
8273,169901213,169901213,169901215,32,2,45
8274,169901249,169901249,169903330,1,2081,68
8275,169901256,169901256,169901479,1,223,25
8276,169901265,169901265,169901271,1,6,35
8277,169901268,169901269,169901307,8,38,156
8278,169901272,169901272,169902233,1,961,190
8279,169901277,169901279,169901320,1,41,35
8280,169901281,169901281,169902364,1,1083,52
8281,169901284,169901284,169901287,1,3,17
8282,169901307,169901307,169902161,8,854,211
8283,169901315,169901315,169902037,1,722,66
8284,169901320,169901321,169901323,32,2,45
8285,169901332,169901332,169901355,32,23,50
8286,169901335,169901335,169901365,1,30,31
8287,169901345,169901345,169901362,1,17,39
8288,169901355,169901357,169903387,40,2030,158
8289,169901389,169901389,169901418,1,29,34
8290,169901390,169901390,169901512,2,122,35
8291,169901393,169901393,169901396,25,3,51
8292,169901406,169901406,169901417,1,11,17
8293,169901420,169901420,169901467,1,47,17
8294,169901440,169901440,169901444,24,4,51
8295,169901443,169901443,169901483,32,40,139
8296,169901467,169901469,169903560,1,2091,23
8297,169901494,169901494,169901616,1,122,20
8298,169901500,169901500,169901522,32,22,80
8299,169901505,169901505,169901515,1,10,31
8300,169901543,169901543,169904257,25,2714,80
8301,169901544,169901544,169901571,32,27,147
8302,169901547,169901547,169901576,1,29,33
8303,169901552,169901552,169905081,25,3529,130
8304,169901555,169901555,169902274,1,719,19
8305,169901558,169901558,169902662,1,1104,20
8306,169901559,169901559,169901569,24,10,138
8307,169901580,169901580,169901595,32,15,147
8308,169901590,169901590,169901614,32,24,71
8309,169901594,169901594,169902439,4,845,185
8310,169901596,169901596,169901630,1,34,34
8311,169901636,169901636,169901658,32,22,147
8312,169901678,169901678,169901699,24,21,105
8313,169901678,169901679,169901695,1,16,18
8314,169901707,169901707,169901722,1,15,21
8315,169901711,169901711,169902433,24,722,108
8316,169901716,169901716,169903565,1,1849,71
8317,169901716,169901716,169903403,1,1687,21
8318,169901716,169901716,169903414,1,1698,20
8319,169901716,169901716,169903514,1,1798,70
8320,169901716,169901716,169903565,1,1849,46
8321,169901716,169901716,169903572,1,1856,45
8322,169901717,169904113,169905968,1,1855,36
8323,169901717,169903405,169905055,1,1650,25
8324,169901717,169903418,169905110,1,1692,20
8325,169901717,169903944,169905720,1,1776,58
8326,169901717,169904065,169905925,1,1860,35
8327,169901717,169904137,169905979,1,1842,24
8328,169901718,169906120,169907976,1,1856,63
8329,169901718,169906084,169907691,1,1607,76
8330,169901718,169906096,169907811,1,1715,57
8331,169901718,169906108,169907865,1,1757,22
8332,169901718,169906120,169907966,1,1846,21
8333,169901718,169906120,169907955,1,1835,64
8334,169901719,169907986,169909847,1,1861,22
8335,169901719,169907692,169909290,1,1598,23
8336,169901719,169907814,169909558,1,1744,32
8337,169901719,169907867,169909534,1,1667,20
8338,169901719,169907968,169909814,1,1846,22
8339,169901719,169907957,169909791,1,1834,20
8340,169901720,169901720,169901741,32,21,147
8341,169901746,169901746,169910390,2,8644,48
8342,169901747,169901747,169910390,2,8643,52
8343,169901747,169901748,169910390,2,8642,67
8344,169901748,169901748,169910393,2,8645,53
8345,169901768,169901769,169910411,2,8642,24
8346,169901774,169901774,169910417,2,8643,63
8347,169901776,169901776,169901796,32,20,147
8348,169901778,169901778,169903796,1,2018,80
8349,169901778,169905079,169907097,1,2018,80
8350,169901778,169907109,169909124,1,2015,36
8351,169901778,169909128,169910170,1,1042,36
8352,169901778,169910172,169912187,1,2015,38
8353,169901778,169912200,169912678,1,478,35
8354,169901778,169912683,169914699,1,2016,36
8355,169901778,169914700,169916715,1,2015,37
8356,169901778,169916716,169917788,1,1072,42
8357,169901778,169917803,169919819,1,2016,52
8358,169901778,169919886,169920606,1,720,36
8359,169901778,169920646,169922661,1,2015,38
8360,169901778,169922662,169924670,1,2008,38
8361,169901779,169924672,169926683,1,2011,39
8362,169901779,169927147,169929157,1,2010,59
8363,169901779,169929159,169931171,1,2012,88
8412,169901805,169901805,169909982,1,8177,197
8413,169901805,169901806,169908421,1,6615,188
8449,169901813,169901813,169909431,1,7618,22
8450,169901819,169901819,169902013,1,194,42
8451,169901827,169901827,169902010,1,183,49
8452,169901838,169901839,169901862,32,23,155
8453,169901845,169901846,169901963,4,117,31
8454,169901847,169901847,169902571,1,724,136
8455,169901857,169901857,169910501,1,8644,126
8456,169901880,169901881,169902604,1,723,53
8457,169901887,169901888,169903992,1,2104,28
8458,169901916,169901916,169901943,32,27,155
8459,169901926,169901926,169901932,1,6,16
8460,169901962,169901962,169901995,32,33,155
8461,169901989,169901990,169904637,1,2647,18
8462,169901992,169901993,169902031,1,38,60
8463,169901995,169901996,169904610,1,2614,21
8464,169901996,169901996,169910279,1,8283,128
8465,169902003,169902003,169906049,50,4046,139
8466,169902007,169902007,169902045,1,38,19
8467,169902012,169902012,169902081,1,69,37
8468,169902015,169902016,169904631,1,2615,20
8469,169902015,169902016,169902053,1,37,37
8470,169902032,169902032,169902757,1,725,54
8471,169902048,169902050,169904700,1,2650,132
8472,169902058,169902058,169904221,16,2163,195
8473,169902068,169902069,169902073,1,4,34
8474,169902070,169902071,169902113,32,42,153
8475,169902078,169902079,169902088,1,9,35
8476,169902082,169902083,169902445,1,362,63
8477,169902103,169902103,169902882,8,779,98
8478,169902115,169902885,169903686,8,801,100
8479,169902115,169903689,169904471,8,782,100
8480,169902115,169904474,169904565,8,91,100
8481,169902115,169910733,169910742,8,9,15
8482,169902116,169902116,169902298,1,182,18
8483,169902130,169902130,169902309,8,179,216
8484,169902143,169902143,169902145,1,2,35
8485,169902144,169902144,169902183,32,39,155
8486,169902151,169902151,169902180,1,29,36
8487,169902184,169902184,169902190,1,6,35
8488,169902185,169902186,169902280,1,94,30
8489,169902192,169902192,169902218,1,26,35
8490,169902194,169902194,169902289,8,95,179
8491,169902206,169902206,169902235,32,29,159
8492,169902224,169902224,169902235,1,11,36
8493,169902253,169902253,169903468,1,1215,349
8494,169902269,169902269,169902279,1,10,34
8495,169902274,169902275,169902661,4,386,55
8496,169902291,169902291,169902308,100,17,186
8497,169902291,169902292,169902874,8,582,183
8498,169902293,169902294,169902296,1,2,42
8499,169902293,169902294,169902296,1,2,42
8500,169902293,169902294,169902296,1,2,42
8501,169902294,169902294,169902296,1,2,42
8502,169902294,169902294,169902296,1,2,42
8503,169902294,169902294,169902296,1,2,42
8504,169902294,169902294,169902296,1,2,42
8505,169902294,169902294,169902296,1,2,42
8506,169902294,169902294,169902296,1,2,42
8507,169902294,169902294,169902296,1,2,42
8508,169902294,169902294,169902296,1,2,42
8509,169902294,169902294,169902296,1,2,42
8510,169902294,169902294,169902296,1,2,42
8511,169902299,169902300,169909690,1,7390,92
8512,169902299,169902300,169909731,1,7431,51
8513,169902302,169902305,169902308,1,3,146
8514,169902302,169902305,169902308,1,3,118
8515,169902302,169902305,169902308,1,3,63
8516,169902302,169902305,169902308,1,3,16
8517,169902302,169902305,169902308,1,3,17
8518,169902302,169902305,169902308,1,3,17
8519,169902302,169902305,169902307,1,2,17
8520,169902302,169902305,169902308,1,3,17
8521,169902302,169902305,169902308,1,3,25
8522,169902302,169902305,169902307,1,2,17
8523,169902302,169902305,169902307,1,2,15
8524,169902302,169902305,169902307,1,2,15
8525,169902302,169902305,169902308,1,3,17
8526,169902302,169902305,169902307,1,2,15
8527,169902302,169902305,169902308,1,3,17
8528,169902302,169902305,169902307,1,2,15
8529,169902302,169902305,169902307,1,2,109
8530,169902302,169902305,169902308,1,3,154
8531,169902302,169902305,169902308,1,3,96
8532,169902303,169902305,169902308,1,3,129
8533,169902303,169902305,169902307,1,2,96
8534,169902303,169902305,169902307,1,2,127
8535,169902303,169902305,169902307,1,2,127
8536,169902303,169902305,169902307,1,2,94
8537,169902303,169902305,169902308,1,3,102
8538,169902303,169902305,169902307,1,2,68
8539,169902303,169902305,169902307,1,2,112
8540,169902303,169902305,169902307,1,2,142
8541,169902303,169902305,169902307,1,2,88
8542,169902303,169902305,169902308,1,3,84
8543,169902303,169902305,169902307,1,2,76
8544,169902303,169902305,169902307,1,2,17
8545,169902303,169902305,169902308,1,3,18
8546,169902303,169902305,169902308,1,3,18
8547,169902303,169902305,169902307,1,2,20
8548,169902303,169902305,169902307,1,2,18
8549,169902303,169902305,169902307,1,2,18
8550,169902303,169902305,169902307,1,2,22
8551,169902303,169902305,169902308,1,3,41
8552,169902303,169902305,169902308,1,3,42
8553,169902304,169902305,169902577,1,272,61
8554,169902306,169902307,169902316,1,9,17
8555,169902317,169902317,169902701,4,384,31
8556,169902319,169902349,169902731,4,382,30
8557,169902326,169902326,169902335,1,9,17
8558,169902336,169902337,169904500,100,2163,197
8559,169902353,169902353,169902365,1,12,19
8560,169902372,169902372,169902384,1,12,17
8561,169902403,169902404,169902413,1,9,18
8562,169902408,169902408,169902438,4,30,46
8563,169902417,169902417,169902453,32,36,147
8564,169902420,169902430,169902439,1,9,35
8567,169902426,169902426,169902463,32,37,155
8569,169902448,169902448,169902479,1,31,36
8570,169902448,169902448,169902473,1,25,21
8572,169902467,169902467,169902567,4,100,79
8573,169902481,169902511,169902526,4,15,118
8574,169902484,169902484,169902493,1,9,18
8575,169902490,169902490,169902525,32,35,147
8576,169902490,169902490,169902513,1,23,33
8577,169902504,169902514,169902523,1,9,22
8578,169902516,169902526,169902709,1,183,22
8579,169902534,169902534,169902575,1,41,18
8580,169902542,169902550,169902576,1,26,19
8581,169902542,169902542,169902554,1,12,19
8582,169902547,169902550,169902583,1,33,30
8583,169902561,169902561,169902620,32,59,146
8585,169902565,169902589,169902598,4,9,43
8586,169902581,169902587,169903309,1,722,18
8587,169902585,169902585,169902611,1,26,21
8588,169902586,169902587,169902605,1,18,32
8589,169902590,169902671,169902674,1,3,35
8590,169902591,169902611,169902620,1,9,30
8591,169902594,169902594,169903129,1,535,24
8592,169902594,169902594,169902613,1,19,18
8593,169902594,169902594,169902600,1,6,17
8594,169902594,169902594,169902613,1,19,18
8595,169902596,169902596,169902614,136,18,208
8584,169902599,169902630,169902689,32,59,125
8596,169902621,169902621,169902636,1,15,18
8597,169902624,169902624,169902649,1,25,21
8598,169902626,169902626,169902950,1,324,17
8599,169902632,169902671,169902674,1,3,17
8600,169902634,169902635,169902664,32,29,155
8601,169902638,169902647,169902663,1,16,31
8602,169902640,169902640,169903130,1,490,127
8603,169902658,169902659,169902683,1,24,21
8604,169902659,169902671,169902688,136,17,136
8605,169902688,169902691,169902773,1,82,24
8641,169902696,169902696,169902721,1,25,38
8642,169902711,169902711,169902752,136,41,210
8643,169902725,169902725,169902744,1,19,24
8644,169902730,169902730,169902746,32,16,32
8645,169902747,169902747,169902791,32,44,49
8646,169902750,169902751,169902769,1,18,24
8647,169902752,169902753,169902798,32,45,32
8649,169902766,169902767,169902770,4,3,35
8650,169902768,169902770,169911327,1,8557,33
8651,169902768,169911333,169919889,1,8556,33
8652,169902768,169919898,169928454,1,8556,33
8653,169902768,169935841,169944397,1,8556,31
8654,169902768,169944399,169952955,1,8556,32
8655,169902773,169902774,169911330,1,8556,31
8656,169902773,169911421,169919977,1,8556,109
8657,169902773,169919982,169928539,1,8557,32
8658,169902773,169935841,169944397,1,8556,32
8659,169902773,169944448,169953003,1,8555,32
8660,169902783,169902783,169902854,1,71,30
8648,169902788,169902819,169902836,136,17,131
8661,169902796,169902796,169902832,32,36,64
8662,169902808,169902808,169902817,4,9,35
8663,169902814,169902814,169902856,32,42,125
8664,169902817,169902819,169902862,32,43,155
8665,169902822,169902822,169902878,1,56,18
8666,169902854,169902855,169902888,32,33,64
8667,169902865,169902865,169902908,32,43,125
8668,169902866,169902866,169902880,4,14,87
8669,169902867,169902868,169902901,1,33,18
8670,169902869,169902869,169902913,32,44,85
8671,169902880,169902883,169902900,136,17,135
8672,169902885,169902885,169902907,1,22,19
8674,169902890,169902890,169902898,4,8,35
8673,169902892,169902922,169905085,64,2163,159
8675,169902892,169902893,169905240,1,2347,30
8676,169902892,169902893,169905258,1,2365,30
8677,169902892,169902893,169905254,1,2361,29
8678,169902892,169902893,169905258,1,2365,30
8679,169902892,169902893,169905245,1,2352,30
8680,169902892,169902893,169905253,1,2360,32
8681,169902900,169902900,169907259,30,4359,98
8682,169902901,169902901,169902936,1,35,111
8683,169902905,169902916,169902920,1,4,18
8684,169902907,169902916,169902950,32,34,125
8685,169902921,169902922,169902966,32,44,39
8686,169902926,169902927,169902971,32,44,155
8687,169902928,169902929,169902943,4,14,182
8688,169902950,169902952,169902966,4,14,137
8689,169902958,169902958,169902990,4,32,87
8690,169902969,169902969,169903003,32,34,125
8691,169902970,169902971,169903874,1,903,177
8692,169902970,169902971,169904194,1,1223,208
8693,169902975,169902975,169903027,32,52,155
8694,169902978,169902979,169903023,32,44,39
8695,169902981,169902981,169903037,4,56,274
8696,169902988,169902988,169902991,1,3,31
8697,169903017,169903018,169903052,32,34,125
8698,169903031,169903031,169903035,1,4,31
8699,169903034,169903034,169903078,32,44,155
8700,169903035,169903036,169903050,4,14,37
8701,169903037,169903037,169903435,4,398,203
8702,169903037,169903037,169903082,32,45,32
8703,169903066,169903067,169903280,1,213,73
8704,169903083,169903084,169903119,32,35,125
8705,169903085,169903086,169903115,1,29,147
8706,169903096,169903096,169903141,32,45,155
8707,169903098,169903098,169903144,32,46,32
8708,169903134,169903134,169903170,32,36,125
8709,169903137,169903137,169911422,1,8285,28
8710,169903137,169903138,169911422,1,8284,28
8711,169903137,169903138,169911422,1,8284,29
8712,169903138,169903138,169903155,1,17,98
8713,169903153,169903153,169903183,1,30,146
8714,169903155,169903155,169904124,4,969,108
8715,169903155,169903155,169903983,4,828,74
8716,169903155,169903155,169904141,4,986,199
8717,169903155,169903155,169904147,4,992,175
8718,169903155,169903155,169904148,4,993,153
8719,169903155,169903155,169903982,4,827,65
8720,169903155,169903155,169903980,4,825,65
8721,169903155,169903155,169903979,4,824,65
8722,169903155,169903155,169903979,4,824,64
8723,169903155,169903155,169904120,4,965,93
8724,169903158,169903158,169904113,4,955,65
8725,169903158,169903158,169904124,4,966,110
8726,169903158,169903158,169904127,4,969,110
8727,169903158,169903158,169903738,4,580,64
8728,169903158,169903158,169903739,4,581,73
8729,169903158,169903158,169903738,4,580,74
8730,169903158,169903158,169903738,4,580,73
8731,169903158,169903158,169903739,4,581,64
8732,169903158,169903158,169904107,4,949,65
8733,169903158,169903158,169904128,4,970,67
8734,169903160,169903160,169904101,4,941,68
8735,169903160,169903160,169904132,4,972,63
8736,169903160,169903160,169904115,4,955,65
8737,169903160,169903160,169903644,4,484,64
8738,169903160,169903160,169903187,4,27,31
8739,169903160,169903160,169903642,4,482,66
8740,169903160,169903160,169903644,4,484,69
8741,169903160,169903160,169903644,4,484,65
8742,169903160,169903160,169904104,4,944,65
8743,169903160,169903160,169904001,4,841,64
8744,169903165,169903173,169903219,32,46,125
8745,169903167,169903220,169903268,32,48,125
8746,169903180,169903243,169903281,32,38,125
8747,169903195,169903339,169908499,35,5160,160
8749,169903245,169903284,169903332,32,48,131
8750,169903247,169903247,169903276,1,29,164
8751,169903272,169903325,169903373,32,48,119
8752,169903296,169903296,169903318,1,22,38
8753,169903318,169903319,169903329,2,10,31
8754,169903325,169903334,169903373,32,39,123
8755,169903329,169903331,169903361,2,30,147
8756,169903330,169903331,169905407,1,2076,32
8757,169903341,169903408,169903456,32,48,119
8758,169903346,169903347,169903351,1,4,20
8759,169903347,169903347,169903351,1,4,20
8760,169903347,169903347,169903351,1,4,19
8761,169903347,169903347,169903351,1,4,19
8762,169903347,169903347,169903351,1,4,20
8763,169903347,169903353,169903357,1,4,20
8764,169903347,169903353,169903357,1,4,19
8765,169903347,169903353,169903357,1,4,20
8766,169903347,169903353,169903358,1,5,20
8767,169903347,169903359,169903363,1,4,19
8768,169903347,169903359,169903363,1,4,20
8769,169903347,169903359,169903363,1,4,20
8770,169903347,169903359,169903364,1,5,20
8771,169903347,169903360,169903364,1,4,19
8772,169903347,169903360,169903364,1,4,20
8773,169903347,169903364,169903369,1,5,21
8774,169903347,169903364,169903369,1,5,20
8775,169903347,169903364,169903369,1,5,20
8776,169903347,169903365,169903369,1,4,20
8777,169903347,169903365,169903369,1,4,20
8778,169903348,169903365,169903369,1,4,19
8779,169903348,169903365,169903370,1,5,20
8780,169903348,169903366,169903370,1,4,19
8781,169903348,169903366,169903371,1,5,20
8782,169903348,169903367,169903372,1,5,20
8783,169903348,169903372,169903377,1,5,20
8784,169903348,169903372,169903377,1,5,19
8785,169903348,169903375,169903380,1,5,20
8786,169903348,169903375,169903380,1,5,22
8787,169903348,169903375,169903380,1,5,100
8788,169903348,169903375,169903380,1,5,119
8789,169903348,169903375,169903380,1,5,32
8790,169903348,169903375,169903380,1,5,19
8791,169903348,169903375,169903380,1,5,21
8792,169903348,169903375,169903380,1,5,21
8793,169903348,169903375,169903380,1,5,19
8794,169903348,169903375,169903380,1,5,20
8795,169903348,169903375,169903380,1,5,20
8796,169903348,169903375,169903380,1,5,21
8797,169903348,169903375,169903381,1,6,24
8798,169903348,169903375,169903380,1,5,21
8799,169903348,169903375,169903380,1,5,36
8800,169903348,169903375,169903380,1,5,17
8801,169903348,169903375,169903380,1,5,21
8802,169903349,169903375,169903381,1,6,24
8803,169903349,169903375,169903381,1,6,32
8804,169903349,169903375,169903381,1,6,20
8805,169903349,169903375,169903381,1,6,24
8806,169903349,169903375,169903381,1,6,19
8807,169903349,169903375,169903381,1,6,20
8808,169903349,169903375,169903381,1,6,25
8809,169903349,169903375,169903381,1,6,19
8810,169903349,169903375,169903381,1,6,18
8811,169903349,169903375,169903381,1,6,18
8812,169903349,169903375,169903381,1,6,18
8813,169903349,169903375,169903381,1,6,19
8814,169903349,169903375,169903381,1,6,18
8815,169903349,169903375,169903381,1,6,18
8816,169903349,169903375,169903381,1,6,19
8817,169903349,169903375,169903381,1,6,18
8818,169903349,169903375,169903381,1,6,18
8819,169903349,169903375,169903381,1,6,19
8820,169903349,169903375,169903381,1,6,18
8821,169903349,169903375,169903381,1,6,18
8822,169903349,169903375,169903381,1,6,30
8823,169903349,169903375,169903381,1,6,71
8824,169903349,169903375,169903382,1,7,21
8825,169903349,169903375,169903381,1,6,22
8826,169903349,169903375,169903381,1,6,20
8827,169903349,169903375,169903382,1,7,23
8828,169903349,169903375,169903382,1,7,31
8829,169903349,169903375,169903382,1,7,20
8830,169903349,169903375,169903382,1,7,21
8831,169903349,169903375,169903382,1,7,24
8832,169903349,169903375,169903382,1,7,21
8833,169903349,169903375,169903382,1,7,33
8834,169903349,169903375,169903382,1,7,25
8835,169903350,169903375,169903382,1,7,25
8836,169903350,169903375,169903382,1,7,19
8837,169903350,169903375,169903382,1,7,123
8838,169903350,169903375,169903382,1,7,18
8839,169903350,169903375,169903382,1,7,21
8840,169903350,169903375,169903382,1,7,22
8841,169903350,169903375,169903382,1,7,24
8842,169903350,169903375,169903382,1,7,24
8843,169903350,169903375,169903383,1,8,22
8844,169903350,169903375,169903383,1,8,24
8845,169903350,169903375,169903383,1,8,24
8846,169903350,169903375,169903382,1,7,20
8847,169903350,169903375,169903382,1,7,23
8848,169903350,169903375,169903382,1,7,32
8849,169903350,169903375,169903383,1,8,25
8850,169903350,169903375,169903383,1,8,20
8851,169903350,169903375,169903383,1,8,19
8852,169903350,169903375,169903382,1,7,23
8853,169903350,169903376,169903383,1,7,30
8854,169903350,169903378,169903386,1,8,21
8855,169903350,169903378,169903385,1,7,19
8856,169903350,169903378,169903385,1,7,20
8857,169903350,169903378,169903385,1,7,20
8858,169903350,169903378,169903386,1,8,20
8859,169903350,169903378,169903386,1,8,20
8860,169903350,169903378,169903386,1,8,19
8861,169903350,169903378,169903386,1,8,20
8862,169903350,169903379,169903387,1,8,40
8863,169903350,169903380,169903387,1,7,19
8864,169903350,169903383,169903391,1,8,18
8865,169903350,169903383,169903391,1,8,22
8866,169903351,169903383,169903391,1,8,99
8867,169903351,169903383,169903391,1,8,22
8868,169903351,169903383,169903391,1,8,118
8869,169903351,169903383,169903391,1,8,18
8870,169903351,169903383,169903391,1,8,20
8871,169903351,169903383,169903391,1,8,20
8872,169903351,169903383,169903391,1,8,20
8873,169903351,169903383,169903391,1,8,22
8874,169903351,169903383,169903391,1,8,19
8875,169903351,169903383,169903391,1,8,18
8876,169903351,169903383,169903391,1,8,19
8877,169903351,169903383,169903392,1,9,20
8878,169903351,169903383,169903391,1,8,19
8879,169903351,169903383,169903391,1,8,18
8880,169903351,169903383,169903391,1,8,19
8881,169903351,169903383,169903391,1,8,35
8882,169903351,169903383,169903391,1,8,15
8883,169903351,169903383,169903391,1,8,20
8884,169903351,169903383,169903391,1,8,22
8885,169903351,169903383,169903392,1,9,19
8886,169903351,169903383,169903391,1,8,19
8887,169903352,169903383,169903391,1,8,23
8888,169903352,169903383,169903392,1,9,22
8889,169903352,169903383,169903392,1,9,18
8890,169903352,169903383,169903391,1,8,18
8891,169903352,169903383,169903392,1,9,23
8892,169903352,169903383,169903392,1,9,17
8893,169903352,169903383,169903392,1,9,17
8894,169903352,169903383,169903392,1,9,17
8895,169903352,169903383,169903392,1,9,17
8896,169903352,169903383,169903392,1,9,17
8897,169903352,169903383,169903392,1,9,17
8898,169903352,169903383,169903392,1,9,17
8899,169903352,169903383,169903392,1,9,17
8900,169903352,169903383,169903392,1,9,17
8901,169903352,169903383,169903392,1,9,17
8902,169903352,169903383,169903392,1,9,17
8903,169903352,169903383,169903392,1,9,17
8904,169903352,169903383,169903392,1,9,17
8905,169903352,169903383,169903392,1,9,17
8906,169903352,169903383,169903392,1,9,68
8907,169903352,169903383,169903392,1,9,22
8908,169903352,169903384,169903392,1,8,23
8909,169903352,169903384,169903392,1,8,23
8910,169903352,169903384,169903392,1,8,18
8911,169903352,169903384,169903393,1,9,29
8912,169903352,169903384,169903393,1,9,22
8913,169903352,169903384,169903393,1,9,19
8914,169903352,169903384,169903393,1,9,19
8915,169903352,169903384,169903393,1,9,20
8916,169903352,169903384,169903393,1,9,20
8917,169903352,169903384,169903393,1,9,20
8918,169903352,169903384,169903393,1,9,22
8919,169903353,169903384,169903393,1,9,17
8920,169903353,169903384,169903393,1,9,22
8921,169903353,169903384,169903394,1,10,121
8922,169903353,169903384,169903394,1,10,23
8923,169903353,169903384,169903393,1,9,22
8924,169903353,169903385,169903394,1,9,22
8925,169903353,169903385,169903394,1,9,19
8926,169903353,169903385,169903394,1,9,23
8927,169903353,169903385,169903395,1,10,17
8928,169903353,169903385,169903395,1,10,21
8929,169903353,169903385,169903395,1,10,21
8930,169903353,169903385,169903395,1,10,23
8931,169903353,169903385,169903394,1,9,24
8932,169903353,169903385,169903394,1,9,23
8933,169903353,169903385,169903395,1,10,19
8934,169903353,169903389,169903398,1,9,70
8935,169903353,169903388,169903398,1,10,21
8936,169903353,169903388,169903397,1,9,20
8937,169903353,169903388,169903397,1,9,20
8938,169903353,169903388,169903397,1,9,20
8939,169903353,169903388,169903397,1,9,20
8940,169903353,169903388,169903398,1,10,20
8941,169903353,169903388,169903398,1,10,19
8942,169903353,169903389,169903398,1,9,64
8943,169903353,169903388,169903398,1,10,19
8944,169903353,169903389,169903398,1,9,46
8945,169903353,169903389,169903399,1,10,47
8946,169903353,169903389,169903399,1,10,48
8947,169903353,169903389,169903399,1,10,48
8948,169903353,169903389,169903399,1,10,46
8949,169903353,169903389,169903399,1,10,48
8950,169903354,169903389,169903399,1,10,46
8951,169903354,169903389,169903399,1,10,49
8952,169903354,169903389,169903399,1,10,48
8953,169903354,169903389,169903399,1,10,47
8954,169903354,169903389,169903399,1,10,47
8955,169903354,169903389,169903399,1,10,47
8956,169903354,169903389,169903399,1,10,48
8957,169903354,169903389,169903399,1,10,47
8958,169903354,169903389,169903399,1,10,19
8959,169903354,169903389,169903399,1,10,64
8960,169903354,169903389,169903399,1,10,59
8961,169903354,169903389,169903399,1,10,46
8962,169903354,169903389,169903399,1,10,110
8963,169903354,169903389,169903399,1,10,75
8964,169903354,169903389,169903400,1,11,46
8965,169903354,169903389,169903400,1,11,46
8966,169903354,169903389,169903400,1,11,46
8967,169903354,169903389,169903399,1,10,47
8968,169903354,169903389,169903400,1,11,47
8969,169903354,169903389,169903400,1,11,50
8970,169903354,169903389,169903400,1,11,46
8971,169903354,169903389,169903400,1,11,55
8972,169903354,169903389,169903400,1,11,46
8973,169903354,169903389,169903400,1,11,47
8974,169903354,169903389,169903400,1,11,47
8975,169903354,169903389,169903400,1,11,108
8976,169903354,169903389,169903400,1,11,22
8977,169903354,169903389,169903400,1,11,120
8978,169903354,169903389,169903400,1,11,132
8979,169903354,169903389,169903400,1,11,100
8980,169903355,169903389,169903400,1,11,51
8981,169903355,169903389,169903400,1,11,48
8982,169903355,169903389,169903401,1,12,46
8983,169903355,169903389,169903400,1,11,48
8984,169903355,169903394,169903405,1,11,18
8985,169903355,169903394,169903405,1,11,18
8986,169903355,169903394,169903406,1,12,22
8987,169903355,169903394,169903406,1,12,99
8988,169903355,169903394,169903406,1,12,22
8989,169903355,169903394,169903406,1,12,118
8990,169903355,169903394,169903406,1,12,18
8991,169903355,169903394,169903406,1,12,20
8992,169903355,169903394,169903406,1,12,20
8993,169903355,169903394,169903406,1,12,18
8994,169903355,169903394,169903406,1,12,19
8995,169903355,169903394,169903406,1,12,20
8996,169903355,169903394,169903406,1,12,20
8997,169903355,169903394,169903406,1,12,18
8998,169903355,169903394,169903406,1,12,19
8999,169903355,169903394,169903406,1,12,20
9000,169903355,169903394,169903406,1,12,23
9001,169903355,169903394,169903406,1,12,22
9002,169903355,169903394,169903406,1,12,20
9003,169903355,169903394,169903406,1,12,35
9004,169903355,169903394,169903406,1,12,16
9005,169903355,169903394,169903406,1,12,20
9006,169903355,169903394,169903406,1,12,22
9007,169903355,169903394,169903406,1,12,19
9008,169903355,169903394,169903406,1,12,19
9009,169903355,169903394,169903406,1,12,23
9010,169903356,169903394,169903406,1,12,22
9011,169903356,169903394,169903406,1,12,18
9012,169903356,169903394,169903406,1,12,19
9013,169903356,169903394,169903406,1,12,23
9014,169903356,169903394,169903406,1,12,24
9015,169903356,169903394,169903406,1,12,23
9016,169903356,169903394,169903407,1,13,17
9017,169903356,169903394,169903407,1,13,17
9018,169903356,169903394,169903407,1,13,17
9019,169903356,169903394,169903407,1,13,17
9020,169903356,169903394,169903407,1,13,17
9021,169903356,169903394,169903407,1,13,17
9022,169903356,169903394,169903407,1,13,17
9023,169903356,169903394,169903407,1,13,17
9024,169903356,169903394,169903407,1,13,17
9025,169903356,169903394,169903407,1,13,17
9026,169903356,169903394,169903407,1,13,17
9027,169903356,169903394,169903407,1,13,17
9028,169903356,169903394,169903407,1,13,17
9029,169903356,169903394,169903407,1,13,17
9030,169903356,169903394,169903407,1,13,68
9031,169903356,169903396,169903408,1,12,17
9032,169903356,169903396,169903408,1,12,17
9033,169903356,169903396,169903408,1,12,22
9034,169903356,169903396,169903408,1,12,20
9035,169903357,169903396,169903408,1,12,22
9036,169903357,169903396,169903408,1,12,29
9037,169903357,169903396,169903408,1,12,19
9038,169903357,169903396,169903408,1,12,19
9039,169903357,169903396,169903408,1,12,20
9040,169903357,169903396,169903408,1,12,20
9041,169903357,169903396,169903408,1,12,19
9042,169903357,169903396,169903408,1,12,22
9043,169903357,169903396,169903409,1,13,121
9044,169903357,169903396,169903409,1,13,23
9045,169903357,169903396,169903409,1,13,22
9046,169903357,169903396,169903409,1,13,23
9047,169903357,169903396,169903409,1,13,23
9048,169903357,169903397,169903409,1,12,19
9049,169903357,169903397,169903409,1,12,24
9050,169903357,169903397,169903410,1,13,17
9051,169903357,169903397,169903410,1,13,23
9052,169903357,169903397,169903410,1,13,21
9053,169903357,169903397,169903410,1,13,21
9054,169903357,169903401,169903415,1,14,21
9055,169903357,169903401,169903414,1,13,20
9056,169903357,169903401,169903414,1,13,20
9057,169903357,169903401,169903414,1,13,20
9058,169903357,169903401,169903414,1,13,20
9059,169903357,169903401,169903414,1,13,20
9060,169903357,169903401,169903414,1,13,19
9061,169903357,169903401,169903414,1,13,19
9062,169903357,169903401,169903414,1,13,19
9063,169903357,169903401,169903415,1,14,43
9064,169903358,169903401,169903414,1,13,37
9065,169903358,169903401,169903414,1,13,37
9066,169903358,169903401,169903415,1,14,31
9067,169903358,169903401,169903415,1,14,19
9068,169903358,169903401,169903416,1,15,20
9069,169903358,169903401,169903416,1,15,83
9070,169903358,169903401,169903415,1,14,36
9071,169903358,169903401,169903416,1,15,19
9072,169903358,169903401,169903416,1,15,19
9073,169903358,169903401,169903416,1,15,19
9074,169903358,169903401,169903416,1,15,20
9075,169903358,169903401,169903416,1,15,20
9076,169903358,169903401,169903416,1,15,21
9077,169903358,169903401,169903416,1,15,20
9078,169903358,169903401,169903416,1,15,19
9079,169903358,169903401,169903416,1,15,20
9080,169903358,169903401,169903416,1,15,21
9081,169903358,169903401,169903416,1,15,19
9082,169903358,169903401,169903416,1,15,21
9083,169903358,169903401,169903416,1,15,21
9084,169903358,169903401,169903417,1,16,20
9085,169903358,169903401,169903417,1,16,23
9086,169903358,169903401,169903416,1,15,28
9087,169903385,169903385,169903567,1,182,31
9088,169903391,169903411,169906627,40,3216,149
9089,169903403,169903418,169905580,24,2162,113
9090,169903420,169903420,169903543,1,123,157
9091,169903423,169903423,169905586,24,2163,54
9093,169903435,169903437,169903452,4,15,183
9128,169903472,169903472,169903531,4,59,228
9129,169903491,169903491,169909401,4,5910,197
9130,169903491,169903492,169910712,4,7220,190
9131,169903492,169903492,169908743,4,5251,146
9132,169903492,169903492,169908743,4,5251,130
9133,169903492,169903492,169908732,4,5240,130
9134,169903492,169903492,169908735,4,5243,130
9135,169903492,169903492,169909422,4,5930,196
9136,169903492,169903507,169910832,4,7325,227
9137,169903492,169903512,169909538,4,6026,228
9138,169903492,169903521,169908766,4,5245,129
9139,169903492,169903533,169908780,4,5247,228
9140,169903492,169903533,169908777,4,5244,127
9141,169903492,169903573,169908820,4,5247,152
9142,169903492,169903646,169908881,4,5235,150
9143,169903492,169903646,169908887,4,5241,153
9144,169903492,169903646,169908890,4,5244,155
9145,169903492,169903646,169908898,4,5252,153
9146,169903492,169903672,169908919,4,5247,152
9147,169903492,169903715,169908953,4,5238,128
9148,169903492,169903740,169908977,4,5237,154
9149,169903492,169903740,169908982,4,5242,161
9150,169903492,169903740,169908986,4,5246,161
9151,169903492,169903741,169908978,4,5237,158
9152,169903492,169903741,169908977,4,5236,153
9153,169903492,169903829,169909139,4,5310,156
9154,169903492,169903901,169909137,4,5236,166
9155,169903492,169903917,169910522,4,6605,176
9156,169903492,169903944,169909191,4,5247,134
9157,169903492,169903992,169909321,4,5329,155
9158,169903492,169904005,169909243,4,5238,150
9159,169903492,169904117,169909363,4,5246,161
9160,169903492,169904122,169910599,4,6477,179
9161,169903492,169904125,169912223,4,8098,196
9162,169903492,169904125,169911482,4,7357,186
9163,169903492,169904129,169912372,4,8243,198
9164,169903492,169904130,169909366,4,5236,154
9165,169903492,169904134,169909384,4,5250,153
9166,169903492,169904144,169910929,4,6785,285
9167,169903493,169904149,169911758,4,7609,262
9168,169903493,169904150,169911511,4,7361,240
9169,169903493,169904223,169911624,4,7401,177
9170,169903493,169904223,169911961,4,7738,177
9171,169903493,169904223,169912040,4,7817,185
9172,169903493,169904258,169909912,4,5654,174
9173,169903493,169904259,169909504,4,5245,131
9174,169903493,169904259,169909515,4,5256,129
9175,169903493,169904259,169909502,4,5243,130
9176,169903493,169904259,169911570,4,7311,176
9177,169903493,169904259,169909497,4,5238,138
9178,169903493,169904259,169910414,4,6155,185
9179,169903493,169904514,169911560,4,7046,218
9180,169903493,169904514,169912786,4,8272,240
9181,169903493,169904514,169912904,4,8390,244
9182,169903493,169904514,169910684,4,6170,227
9183,169903493,169904514,169912784,4,8270,230
9184,169903493,169904514,169910308,4,5794,163
9185,169903493,169904514,169909758,4,5244,129
9186,169903493,169904514,169909753,4,5239,128
9187,169903493,169904514,169909769,4,5255,130
9188,169903493,169904514,169909762,4,5248,129
9189,169903493,169904514,169912690,4,8176,217
9190,169903493,169904514,169909769,4,5255,129
9191,169903493,169905084,169910319,4,5235,130
9192,169903493,169905084,169910351,4,5267,128
9193,169903493,169905084,169911069,4,5985,170
9194,169903493,169905084,169910322,4,5238,128
9195,169903493,169905084,169910327,4,5243,127
9196,169903493,169905084,169911160,4,6076,166
9197,169903493,169905095,169910347,4,5252,129
9198,169903493,169905095,169910345,4,5250,144
9199,169903493,169905095,169910337,4,5242,162
9200,169903493,169905096,169911040,4,5944,182
9201,169903493,169905096,169911813,4,6717,146
9202,169903493,169905096,169910342,4,5246,127
9203,169903494,169905096,169910340,4,5244,127
9204,169903494,169905096,169911051,4,5955,198
9205,169903494,169905096,169911774,4,6678,227
9206,169903494,169905096,169911124,4,6028,223
9207,169903494,169905096,169910347,4,5251,136
9208,169903494,169905096,169910340,4,5244,154
9209,169903494,169905096,169910336,4,5240,143
9210,169903494,169905096,169911099,4,6003,168
9211,169903494,169905096,169911504,4,6408,170
9212,169903494,169905096,169910344,4,5248,129
9214,169903494,169905203,169910453,4,5250,125
9215,169903494,169905205,169910446,4,5241,127
9216,169903494,169905260,169910515,4,5255,131
9217,169903494,169905273,169910513,4,5240,131
9218,169903494,169905636,169910882,4,5246,132
9219,169903494,169905636,169910885,4,5249,130
9220,169903494,169905636,169910874,4,5238,131
9221,169903494,169905648,169910900,4,5252,132
9222,169903494,169905879,169911117,4,5238,135
9223,169903494,169905963,169913672,4,7709,177
9224,169903494,169906036,169913546,4,7510,173
9225,169903494,169906036,169914457,4,8421,178
9226,169903494,169906036,169911281,4,5245,133
9227,169903494,169906048,169911290,4,5242,130
9228,169903494,169906060,169911295,4,5235,130
9229,169903504,169904318,169911692,1,7374,179
9230,169903504,169904514,169911537,1,7023,185
9231,169903504,169904514,169912658,1,8144,185
9232,169903533,169903533,169903811,1,278,46
9233,169903549,169903549,169903827,1,278,65
9234,169903549,169903549,169904019,1,470,112
9235,169903560,169904065,169906143,1,2078,39
9236,169903663,169904523,169907121,1,2598,21
9237,169903665,169905636,169914281,32,8645,82
9238,169903667,169905455,169912916,1,7461,52
9239,169903668,169904535,169907140,1,2605,19
9240,169903671,169904620,169907219,1,2599,18
9241,169903677,169904620,169907210,1,2590,21
9242,169903689,169905600,169905630,32,30,85
9243,169903705,169904644,169907252,1,2608,18
9244,169903707,169904705,169907328,1,2623,132
9245,169903712,169904729,169907312,1,2583,18
9246,169903720,169904741,169907337,1,2596,56
9247,169903786,169906060,169908051,1,1991,58
9248,169903848,169903848,169903877,2,29,57
9249,169903885,169903885,169904604,1,719,55
9254,169903918,169904115,169909564,128,5449,140
9255,169903986,169906145,169910628,1,4483,18
9256,169903992,169905079,169907158,1,2079,34
9257,169904059,169904059,169904409,1,350,42
9258,169904078,169904078,169904089,1,11,18
9259,169904218,169908058,169910049,1,1991,32
9260,169904218,169906072,169908061,1,1989,32
9261,169904218,169906060,169908054,1,1994,77
9262,169904218,169906060,169908064,1,2004,78
9263,169904218,169906060,169908063,1,2003,66
9264,169904218,169906060,169908044,1,1984,35
9265,169904218,169910137,169912128,1,1991,47
9266,169904218,169908071,169910064,1,1993,30
9267,169904218,169908058,169910051,1,1993,32
9268,169904218,169908071,169910072,1,2001,37
9269,169904218,169908071,169910069,1,1998,34
9270,169904218,169908046,169910034,1,1988,35
9271,169904218,169912139,169914132,1,1993,61
9272,169904218,169910120,169912114,1,1994,63
9273,169904218,169910120,169912119,1,1999,63
9274,169904218,169910124,169912119,1,1995,66
9275,169904218,169910124,169912119,1,1995,66
9276,169904218,169910116,169912105,1,1989,68
9277,169904218,169914145,169916135,1,1990,66
9278,169904218,169912127,169914126,1,1999,36
9279,169904218,169912139,169914138,1,1999,77
9280,169904218,169912139,169914131,1,1992,73
9281,169904218,169912139,169914137,1,1998,40
9282,169904219,169912106,169914093,1,1987,35
9283,169904219,169916136,169918122,1,1986,73
9284,169904219,169914133,169916132,1,1999,43
9285,169904219,169914157,169916162,1,2005,36
9286,169904219,169914133,169916127,1,1994,29
9287,169904219,169914157,169916152,1,1995,70
9288,169904219,169914097,169916082,1,1985,35
9289,169904219,169918128,169920113,1,1985,35
9290,169904219,169916134,169918132,1,1998,42
9291,169904219,169916164,169918166,1,2002,76
9292,169904219,169916129,169918124,1,1995,34
9293,169904219,169916154,169918149,1,1995,36
9294,169904219,169916083,169918069,1,1986,32
9295,169904219,169920115,169922096,1,1981,35
9296,169904219,169918140,169920138,1,1998,42
9297,169904219,169918176,169920175,1,1999,38
9298,169904219,169918128,169920117,1,1989,40
9299,169904219,169918152,169920149,1,1997,36
9300,169904219,169918080,169920066,1,1986,30
9301,169904219,169922338,169924319,1,1981,100
9302,169904219,169920151,169922153,1,2002,39
9303,169904219,169920223,169922221,1,1998,36
9304,169904219,169920127,169922119,1,1992,34
9305,169904219,169920163,169922160,1,1997,36
9306,169904220,169920079,169922062,1,1983,32
9307,169904220,169924320,169926302,1,1982,83
9308,169904220,169922256,169924255,1,1999,108
9309,169904220,169922280,169924285,1,2005,35
9310,169904220,169922232,169924221,1,1989,30
9311,169904220,169922256,169924250,1,1994,107
9312,169904220,169922123,169924109,1,1986,32
9313,169904220,169926304,169928286,1,1982,83
9314,169904220,169924256,169926261,1,2005,38
9315,169904220,169924286,169926287,1,2001,114
9316,169904220,169924223,169926214,1,1991,38
9317,169904220,169924251,169926245,1,1994,31
9318,169904220,169924111,169926091,1,1980,31
9399,169904238,169905467,169905497,1,30,55
9400,169904238,169905503,169905529,1,26,56
9402,169904238,169905539,169905565,1,26,49
9406,169904238,169905600,169905626,1,26,47
9445,169904238,169906060,169906092,1,32,53
9448,169904238,169906096,169906123,1,27,77
9452,169904238,169906132,169906154,1,22,76
9319,169904325,169906060,169906132,4,72,130
9320,169904325,169906218,169906246,4,28,191
9321,169904325,169906254,169906281,4,27,191
9322,169904325,169906291,169906318,4,27,172
9323,169904325,169906327,169906353,4,26,129
9324,169904326,169906363,169906389,4,26,129
9325,169904326,169906399,169906425,4,26,129
9326,169904326,169906435,169906461,4,26,129
9327,169904326,169906471,169906497,4,26,129
9328,169904326,169906507,169906533,4,26,129
9329,169904326,169906543,169906569,4,26,129
9330,169904326,169906579,169906605,4,26,129
9331,169904326,169906615,169906641,4,26,129
9332,169904326,169906652,169906678,4,26,138
9333,169904326,169906688,169906713,4,25,138
9334,169904326,169906724,169906749,4,25,138
9335,169904326,169906760,169906786,4,26,138
9336,169904326,169906796,169906822,4,26,138
9337,169904326,169906832,169906858,4,26,138
9338,169904326,169906868,169906894,4,26,138
9339,169904326,169906904,169906930,4,26,147
9340,169904326,169906941,169906966,4,25,138
9341,169904326,169906977,169907002,4,25,138
9342,169904326,169907013,169907038,4,25,138
9343,169904326,169907049,169907075,4,26,138
9344,169904326,169907085,169907110,4,25,141
9345,169904326,169907121,169907147,4,26,138
9346,169904326,169907157,169907183,4,26,138
9347,169904326,169907193,169907219,4,26,138
9348,169904326,169907229,169907255,4,26,138
9349,169904326,169907261,169907287,4,26,138
9350,169904326,169907289,169907315,4,26,138
9351,169904326,169907317,169907343,4,26,138
9352,169904326,169907345,169907371,4,26,138
9353,169904326,169907373,169907401,4,28,138
9354,169904326,169907403,169907429,4,26,138
9355,169904326,169907431,169907457,4,26,138
9356,169904326,169907459,169907485,4,26,138
9357,169904326,169907487,169907513,4,26,138
9358,169904326,169907515,169907541,4,26,138
9359,169904326,169907543,169907569,4,26,138
9360,169904326,169907571,169907597,4,26,138
9361,169904326,169907600,169907625,4,25,138
9362,169904327,169907627,169907653,4,26,138
9363,169904327,169907656,169907682,4,26,138
9364,169904327,169907684,169907710,4,26,147
9365,169904327,169907712,169907737,4,25,138
9366,169904327,169907740,169907769,4,29,138
9367,169904327,169907771,169907797,4,26,153
9368,169904327,169907799,169907825,4,26,153
9369,169904327,169907827,169907853,4,26,138
9370,169904327,169907855,169907881,4,26,138
9371,169904327,169907883,169907909,4,26,138
9372,169904327,169907914,169907940,4,26,138
9373,169904327,169907950,169907976,4,26,138
9374,169904327,169907986,169908012,4,26,138
9375,169904327,169908022,169908048,4,26,138
9376,169904327,169908058,169908084,4,26,138
9377,169904327,169908095,169908121,4,26,138
9378,169904327,169908131,169908157,4,26,138
9401,169904361,169905527,169905554,1,27,50
9403,169904361,169905564,169905589,1,25,58
9407,169904361,169905600,169905628,1,28,46
9446,169904361,169906060,169906092,1,32,51
9449,169904361,169906096,169906121,1,25,60
9453,169904361,169906132,169906156,1,24,60
9408,169904365,169905600,169905628,1,28,46
9447,169904365,169906060,169906092,1,32,48
9450,169904365,169906096,169906121,1,25,62
9454,169904365,169906132,169906157,1,25,52
9379,169904401,169906060,169908224,32,2164,273
9380,169904610,169906132,169908732,1,2600,21
9381,169904631,169906158,169908759,1,2601,23
9382,169904637,169906145,169908754,1,2609,20
9383,169904645,169904645,169904669,4,24,98
9384,169904686,169905091,169907809,1,2718,44
9385,169904700,169906145,169908758,1,2613,19
9386,169904737,169912800,169913341,1,541,72
9387,169904737,169912800,169914344,1,1544,79
9388,169904752,169906120,169906137,4,17,67
9389,169904862,169905612,169905638,2,26,108
9390,169904863,169905612,169905638,2,26,108
9391,169904863,169905612,169905638,2,26,110
9392,169904863,169905600,169905630,2,30,109
9393,169904973,169904973,169904987,2,14,32
9213,169905205,169906291,169911541,4,5250,129
9396,169905407,169906108,169908185,1,2077,32
9415,169905655,169906303,169906556,24,253,75
9418,169905675,169906567,169906936,24,369,82
9422,169905719,169906194,169912466,3,6272,130
9443,169906043,169906043,169906144,1,101,34
9444,169906045,169906120,169906129,3,9,65
9451,169906096,169906096,169906144,1,48,35
9455,169906143,169906145,169908216,1,2071,24
9456,169906148,169906148,169906156,1,8,34
9457,169906151,169906151,169906187,1,36,35
9458,169906154,169906154,169906227,1,73,34
9459,169906154,169906158,169906202,1,44,39
9460,169906155,169906158,169906227,1,69,46
9461,169906192,169906192,169906202,1,10,17
9462,169906195,169906203,169906227,1,24,33
9463,169906198,169906203,169906227,1,24,34
9464,169906244,169906244,169906253,1,9,31
9465,169906247,169906247,169906283,1,36,35
9466,169906250,169906250,169906294,1,44,40
9467,169906250,169906254,169906314,1,60,34
9468,169906251,169906254,169906315,1,61,46
9469,169906257,169906266,169907710,1,1444,127
9531,169906257,169907711,169909159,1,1448,161
9605,169906257,169909160,169910609,1,1449,145
9864,169906257,169910611,169912058,1,1447,122
10106,169906257,169912059,169913507,1,1448,127
10487,169906257,169913509,169914958,1,1449,126
10813,169906257,169914959,169916408,1,1449,133
10930,169906257,169916408,169917857,1,1449,159
11071,169906257,169917858,169919308,1,1450,128
11320,169906257,169919308,169920757,1,1449,119
11633,169906257,169920760,169922208,1,1448,126
12285,169906257,169922209,169922431,1,222,123
9470,169906258,169906266,169907710,1,1444,110
9532,169906258,169907711,169909159,1,1448,121
9606,169906258,169909160,169910609,1,1449,125
9865,169906258,169910611,169912058,1,1447,121
10107,169906258,169912059,169913507,1,1448,129
10488,169906258,169913509,169914958,1,1449,121
10814,169906258,169914959,169916408,1,1449,121
10931,169906258,169916408,169917857,1,1449,161
11072,169906258,169917858,169919308,1,1450,126
11321,169906258,169919308,169920757,1,1449,114
11634,169906258,169920760,169922209,1,1449,125
12286,169906258,169922209,169922432,1,223,123
9471,169906259,169906266,169907713,1,1447,115
9533,169906259,169907716,169909161,1,1445,126
9607,169906259,169909162,169910609,1,1447,120
9866,169906259,169910611,169912058,1,1447,121
10108,169906259,169912059,169913507,1,1448,130
10489,169906259,169913509,169914958,1,1449,122
10815,169906259,169914959,169916408,1,1449,122
10932,169906259,169916408,169917857,1,1449,121
11073,169906259,169917859,169919308,1,1449,127
11322,169906259,169919308,169920757,1,1449,122
11635,169906259,169920760,169922208,1,1448,124
12287,169906259,169922209,169922363,1,154,121
9472,169906316,169906316,169906347,1,31,45
9473,169906318,169906318,169906347,1,29,45
9474,169906349,169906349,169906358,1,9,47
9475,169906353,169906355,169906360,1,5,31
9476,169906355,169906355,169906385,1,30,39
9477,169906357,169906357,169906385,1,28,47
9478,169906360,169906361,169906370,1,9,31
9479,169906363,169906363,169906385,1,22,20
9480,169906366,169906371,169906385,1,14,34
9481,169906389,169906391,169906400,1,9,32
9482,169906392,169906392,169906430,1,38,35
9483,169906395,169906395,169906507,1,112,34
9484,169906481,169906483,169906507,1,24,25
9485,169906482,169906483,169906507,1,24,31
9486,169906497,169906498,169906507,1,9,31
9487,169906520,169906520,169906529,1,9,31
9488,169906556,169906640,169908802,24,2162,66
9489,169906559,169906559,169906568,1,9,32
9490,169906581,169906581,169906590,1,9,32
9491,169906616,169906616,169906625,1,9,32
9492,169906629,169906629,169906638,1,9,32
9493,169906689,169906689,169906694,1,5,32
9494,169906698,169906700,169914980,1,8280,273
9495,169906698,169906700,169913784,1,7084,182
9496,169906698,169906700,169914360,1,7660,182
9497,169906698,169906700,169914166,1,7466,183
9498,169906719,169906719,169906728,1,9,32
9499,169906722,169906722,169906729,1,7,31
9500,169906724,169906725,169906763,1,38,47
9501,169906725,169906728,169906877,1,149,66
9502,169906742,169906744,169906750,1,6,32
9503,169906746,169906746,169906753,1,7,31
9504,169906760,169906761,169906778,1,17,34
9505,169906763,169906765,169906791,1,26,35
9506,169906782,169906782,169907418,1,636,32
9509,169906903,169906904,169906912,1,8,17
9510,169906909,169906909,169906921,1,12,31
9511,169906935,169907821,169909985,24,2164,80
9512,169906945,169906946,169906996,1,50,34
9513,169906947,169906953,169907020,1,67,25
9514,169907044,169907044,169907198,1,154,40
9515,169907121,169907121,169909706,1,2585,18
9516,169907140,169907145,169909724,1,2579,19
9517,169907158,169907169,169909352,1,2183,85
9518,169907210,169907217,169909811,1,2594,21
9519,169907216,169907217,169907246,4,29,150
9520,169907219,169907229,169909815,1,2586,24
9521,169907220,169907229,169907233,1,4,17
9522,169907252,169907253,169909852,1,2599,18
9523,169907312,169907313,169909903,1,2590,21
9524,169907328,169907329,169909925,1,2596,18
9525,169907329,169907329,169907354,4,25,128
9526,169907337,169907338,169909952,1,2614,56
9527,169907364,169907364,169907388,4,24,109
9528,169907404,169907404,169907429,4,25,157
9529,169907584,169907584,169907609,4,25,124
9530,169907655,169907655,169907661,4,6,33
9534,169907775,169907775,169907802,4,27,108
9535,169907785,169907785,169907968,1,183,83
9536,169907819,169907819,169907843,4,24,123
9537,169907873,169907874,169907901,4,27,111
9538,169908062,169908816,169914801,40,5985,72
9539,169908092,169908092,169908118,4,26,99
9540,169908097,169908502,169915295,45,6793,163
9541,169908123,169908123,169908149,4,26,110
9542,169908144,169908834,169912905,40,4071,172
9543,169908185,169908191,169910273,1,2082,58
9544,169908216,169908226,169910312,1,2086,23
9545,169908222,169908222,169908279,4,57,90
9548,169908278,169908278,169908539,1,261,36
9549,169908435,169908435,169908439,4,4,29
9550,169908443,169908443,169915819,4,7376,189
9551,169908446,169908455,169908728,1,273,34
9552,169908449,169908449,169908680,1,231,33
9553,169908461,169908461,169908471,4,10,43
9554,169908523,169915821,169924464,4,8643,197
9555,169908523,169924477,169931693,4,7216,191
9556,169908523,169935841,169943050,4,7209,182
9557,169908523,169943051,169950291,4,7240,189
9558,169908523,169950297,169957499,4,7202,181
9559,169908523,169958894,169966141,4,7247,185
9560,169908523,169966142,169973384,4,7242,192
9561,169908523,169973386,169980615,4,7229,186
9562,169908523,169980626,169980693,4,67,168
9563,169908523,169980710,169987974,4,7264,190
9564,169908523,169987976,169995242,4,7266,177
9565,169908523,169995243,170002525,4,7282,179
9566,169908523,170002527,170009972,4,7445,297
9567,169908523,170010134,170012044,4,1910,196
9568,169908523,170012055,170019290,4,7235,281
9569,169908523,170019292,170024112,4,4820,192
9570,169908529,169908529,169908540,4,11,37
9571,169908549,169908549,169909270,1,721,38
9572,169908568,169908568,169909006,4,438,103
9573,169908673,169908744,169909292,1,548,34
9574,169908732,169908744,169913984,4,5240,131
9575,169908732,169908733,169911345,1,2612,34
9576,169908735,169908780,169914024,4,5244,132
9577,169908743,169908780,169914019,4,5239,136
9578,169908743,169908792,169914040,4,5248,148
9579,169908754,169908756,169911388,1,2632,20
9580,169908758,169908760,169911353,1,2593,58
9581,169908759,169908760,169911368,1,2608,98
9582,169908766,169908828,169914077,4,5249,153
9583,169908777,169908834,169914079,4,5245,131
9584,169908780,169908835,169914077,4,5242,129
9585,169908820,169908835,169916090,4,7255,227
9586,169908870,169908876,169908881,1,5,20
9587,169908874,169908876,169908880,1,4,21
9588,169908881,169908888,169914126,4,5238,151
9589,169908887,169908900,169916339,4,7439,231
9590,169908890,169908900,169916184,4,7284,227
9591,169908898,169910911,169913075,24,2164,148
9592,169908898,169908900,169914131,4,5231,154
9593,169908915,169908915,169908923,4,8,48
9594,169908919,169908924,169914176,4,5252,153
9595,169908923,169908925,169912498,4,3573,196
9596,169908953,169908960,169914205,4,5245,129
9597,169908977,169908984,169914230,4,5246,152
9598,169908977,169908984,169914219,4,5235,159
9599,169908978,169908996,169914241,4,5245,162
9600,169908982,169908996,169914239,4,5243,161
9601,169908985,169908996,169914240,4,5244,152
9602,169909010,169909020,169909830,4,810,130
9603,169909137,169909140,169914377,4,5237,155
9604,169909139,169909152,169914395,4,5243,146
9608,169909168,169909176,169917818,1,8642,17
9609,169909168,169909176,169917818,1,8642,19
9610,169909191,169909248,169914495,4,5247,152
9611,169909243,169909296,169914543,4,5247,136
9612,169909300,169909566,169910923,100,1357,128
9613,169909321,169909344,169914598,4,5254,159
9614,169909352,169909356,169911454,1,2098,27
9615,169909363,169909416,169915364,4,5948,197
9616,169909366,169909428,169915369,4,5941,181
9617,169909384,169909776,169915029,4,5253,129
9618,169909401,169909776,169915021,4,5245,136
9619,169909422,169909824,169915071,4,5247,143
9620,169909444,169909444,169909736,1,292,28
9621,169909458,169909458,169909704,1,246,26
9622,169909471,169909476,169910771,2,1295,23
9623,169909485,169909488,169918130,1,8642,21
9624,169909497,169909836,169915074,4,5238,128
9625,169909502,169910012,169915267,4,5255,162
9626,169909504,169909993,169915241,4,5248,132
9627,169909515,169910012,169915995,4,5983,168
9628,169909517,169909524,169909722,3,198,113
9629,169909538,169910137,169915378,4,5241,155
9630,169909546,169909763,169914723,16,4960,135
9631,169909547,169910012,169915123,16,5111,109
9632,169909663,169909663,169910387,1,724,18
9633,169909705,169909705,169909718,2,13,47
9634,169909705,169909705,169910423,1,718,26
9635,169909706,169909708,169912314,1,2606,18
9636,169909724,169909764,169912348,1,2584,132
9637,169909729,169909729,169914554,1,4825,301
9638,169909753,169910137,169915378,4,5241,154
9639,169909758,169910137,169915376,4,5239,149
9640,169909762,169910137,169917809,4,7672,174
9641,169909769,169910137,169915382,4,5245,153
9642,169909769,169910137,169915384,4,5247,126
9643,169909784,169909788,169914307,1,4519,382
9644,169909811,169909812,169912394,1,2582,64
9645,169909815,169909824,169912403,1,2579,20
9646,169909838,169910210,169912373,4,2163,102
9647,169909852,169909860,169912435,1,2575,18
9648,169909863,169909863,169909877,2,14,24
9649,169909864,169909878,169909889,2,11,24
9650,169909865,169909890,169909899,2,9,24
9651,169909866,169909901,169909914,2,13,24
9652,169909866,169909913,169909926,2,13,114
9653,169909867,169909913,169909925,2,12,152
9654,169909868,169909916,169909929,2,13,24
9655,169909869,169909927,169909938,2,11,65
9656,169909869,169909927,169909938,2,11,27
9657,169909870,169909931,169909944,2,13,24
9658,169909903,169909909,169912491,1,2582,21
9659,169909912,169910137,169915378,4,5241,153
9660,169909925,169909933,169912543,1,2610,18
9661,169909944,169909944,169909955,2,11,21
9662,169909945,169909945,169909954,2,9,59
9663,169909946,169909946,169909957,2,11,24
9664,169909946,169909955,169909965,2,10,60
9665,169909947,169909956,169909967,2,11,27
9666,169909948,169909958,169909971,2,13,65
9667,169909949,169909968,169909978,2,10,24
9668,169909950,169909968,169909979,2,11,60
9669,169909950,169909973,169909986,2,13,64
9670,169909951,169909981,169909990,2,9,27
9671,169909952,169909969,169912551,1,2582,20
9672,169909993,169909993,169910001,2,8,54
9673,169909994,169909998,169910009,2,11,19
9674,169909995,169909998,169910011,2,13,24
9675,169909995,169909998,169910010,2,12,19
9676,169909996,169909998,169910010,2,12,21
9677,169909997,169909998,169910010,2,12,20
9678,169909998,169909998,169910007,2,9,18
9679,169909998,169909998,169910011,2,13,24
9680,169909999,169909999,169910010,2,11,18
9681,169910000,169910000,169910011,2,11,24
9682,169910013,169910013,169910023,2,10,23
9683,169910014,169910024,169910034,2,10,23
9684,169910015,169910035,169910045,2,10,24
9685,169910016,169910035,169910046,2,11,35
9686,169910044,169910047,169910068,2,21,64
9687,169910045,169910048,169910069,2,21,68
9688,169910046,169910053,169910075,2,22,65
9689,169910047,169910066,169910087,2,21,64
9690,169910048,169910070,169910090,2,20,64
9691,169910049,169910070,169910093,2,23,68
9692,169910050,169910075,169910096,2,21,63
9693,169910051,169910077,169910098,2,21,65
9694,169910052,169910089,169910109,2,20,64
9695,169910052,169910092,169910113,2,21,64
9696,169910053,169910094,169910114,2,20,68
9697,169910054,169910097,169910118,2,21,63
9698,169910055,169910100,169910120,2,20,65
9699,169910056,169910111,169910131,2,20,64
9700,169910057,169910116,169910136,2,20,64
9701,169910064,169910064,169910073,2,9,17
9702,169910088,169910925,169911576,24,651,128
9703,169910102,169910102,169910122,2,20,130
9705,169910137,169910139,169910170,32,31,120
9704,169910139,169910172,169910202,32,30,120
9706,169910140,169910140,169910161,2,21,133
9707,169910141,169910141,169910161,2,20,88
9708,169910141,169910142,169910162,2,20,101
9709,169910142,169910142,169910163,2,21,66
9710,169910143,169910143,169910165,2,22,66
9711,169910144,169910144,169910165,2,21,89
9712,169910145,169910145,169910166,2,21,87
9713,169910146,169910146,169910167,2,21,88
9714,169910147,169910147,169910270,2,123,126
9715,169910147,169910147,169910168,2,21,88
9716,169910148,169910148,169910169,2,21,88
9717,169910149,169910149,169910170,2,21,66
9718,169910150,169910163,169910185,2,22,134
9719,169910151,169910163,169910184,2,21,88
9720,169910152,169910165,169910185,2,20,101
9721,169910152,169910169,169910189,2,20,90
9722,169910156,169910157,169910879,2,722,35
9723,169910191,169910191,169910212,2,21,134
9724,169910191,169910192,169910214,2,22,88
9725,169910192,169910193,169910213,2,20,101
9726,169910193,169910193,169910214,2,21,66
9727,169910217,169910217,169910378,1,161,52
9728,169910273,169910275,169912372,1,2097,58
9729,169910308,169910318,169916140,4,5822,160
9730,169910319,169910330,169915576,4,5246,165
9731,169910322,169910330,169915572,4,5242,152
9732,169910327,169910347,169915598,4,5251,145
9733,169910336,169910349,169915598,4,5249,137
9734,169910337,169910337,169910370,2,33,30
9735,169910337,169910349,169915598,4,5249,128
9736,169910340,169910353,169915624,4,5271,129
9737,169910340,169910400,169915641,4,5241,138
9738,169910342,169910405,169915643,4,5238,131
9739,169910344,169910416,169917741,4,7325,185
9740,169910345,169910430,169915677,4,5247,129
9741,169910347,169910495,169916495,4,6000,171
9742,169910347,169910495,169915738,4,5243,129
9743,169910351,169910531,169915774,4,5243,132
9744,169910368,169910368,169910380,1,12,29
9745,169910368,169910369,169910572,1,203,113
9746,169910395,169910395,169910417,1,22,22
9747,169910396,169910397,169910418,2,21,30
9748,169910414,169910535,169916661,4,6126,166
9749,169910415,169910415,169910544,1,129,23
9750,169910431,169910439,169910452,2,13,33
9751,169910432,169910439,169910449,2,10,25
9752,169910433,169910439,169910448,2,9,87
9753,169910434,169910439,169910484,2,45,28
9754,169910434,169910439,169910453,2,14,69
9755,169910435,169910888,169910942,20,54,127
9756,169910435,169910439,169910450,2,11,26
9757,169910436,169910439,169910450,2,11,42
9758,169910437,169910440,169910451,2,11,24
9759,169910438,169910440,169910449,2,9,26
9761,169910439,169910440,169910450,2,10,26
9767,169910441,169910441,169910466,2,25,30
9788,169910446,169910554,169916313,4,5759,217
9809,169910452,169910453,169910462,2,9,24
9812,169910453,169910455,169910463,2,8,110
9813,169910453,169910704,169916728,4,6024,181
9814,169910454,169910455,169910464,2,9,111
9815,169910455,169910455,169910578,1,123,109
9816,169910455,169910464,169910474,2,10,24
9817,169910456,169910465,169910475,2,10,69
9818,169910458,169910466,169910476,2,10,22
9819,169910459,169910477,169910493,2,16,22
9820,169910460,169910477,169910493,2,16,24
9821,169910461,169910478,169910492,2,14,69
9822,169910462,169910486,169910494,2,8,23
9823,169910467,169910468,169910485,2,17,43
9824,169910474,169910475,169910831,1,356,26
9825,169910485,169910486,169910494,2,8,30
9826,169910498,169910502,169910510,2,8,121
9827,169910499,169910511,169910523,2,12,114
9828,169910500,169910515,169910529,2,14,114
9829,169910501,169910515,169910529,2,14,106
9830,169910502,169910517,169910530,2,13,115
9831,169910503,169910517,169910529,2,12,115
9832,169910504,169910524,169910533,2,9,112
9833,169910505,169910524,169910536,2,12,112
9834,169910506,169910524,169910553,2,29,114
9835,169910507,169910531,169910564,2,33,23
9836,169910513,169910513,169910520,2,7,30
9837,169910513,169910789,169916030,4,5241,128
9838,169910515,169910863,169916867,4,6004,228
9839,169910522,169910899,169916139,4,5240,130
9840,169910527,169910527,169910535,2,8,30
9841,169910538,169910538,169910589,1,51,114
9842,169910545,169910545,169910582,1,37,35
9843,169910560,169910560,169910568,2,8,43
9844,169910567,169910567,169910578,2,11,23
9845,169910568,169910579,169910590,2,11,23
9846,169910569,169910592,169910607,2,15,23
9847,169910570,169910601,169910611,2,10,71
9848,169910571,169910601,169910640,2,39,49
9849,169910572,169910609,169910619,2,10,23
9850,169910572,169910613,169910621,2,8,77
9851,169910573,169910621,169910632,2,11,23
9852,169910574,169910623,169910635,2,12,72
9853,169910575,169910634,169910644,2,10,23
9854,169910575,169910575,169910583,2,8,43
9855,169910576,169910637,169910646,2,9,49
9856,169910576,169910642,169910653,2,11,77
9857,169910577,169910647,169910659,2,12,49
9858,169910578,169910647,169910659,2,12,49
9859,169910590,169910590,169910679,1,89,122
9860,169910593,169910593,169910680,1,87,114
9861,169910593,169910593,169910680,1,87,74
9862,169910596,169910596,169910746,1,150,48
9863,169910599,169910899,169916145,4,5246,128
9867,169910612,169910613,169910621,2,8,18
9868,169910619,169910619,169910706,1,87,35
9869,169910662,169910662,169910671,2,9,72
9870,169910663,169910663,169910672,2,9,49
9871,169910663,169910663,169910673,2,10,23
9872,169910664,169910673,169910685,2,12,49
9873,169910665,169910674,169910687,2,13,77
9874,169910666,169910675,169910688,2,13,49
9875,169910666,169910686,169910702,2,16,210
9876,169910667,169910686,169910701,2,15,173
9877,169910668,169910687,169910702,2,15,49
9878,169910669,169910689,169910701,2,12,77
9879,169910673,169910673,169910680,2,7,18
9880,169910684,169910899,169916150,4,5251,126
9881,169910686,169910686,169910829,1,143,87
9882,169910687,169910688,169910829,1,141,66
9883,169910688,169910689,169910829,1,140,62
9884,169910705,169910705,169910714,2,9,98
9885,169910705,169910705,169910718,2,13,125
9886,169910706,169910706,169910718,2,12,23
9887,169910707,169910716,169910728,2,12,98
9888,169910708,169910716,169910728,2,12,109
9889,169910708,169910716,169910728,2,12,169
9890,169910709,169910721,169910729,2,8,125
9891,169910710,169910721,169910733,2,12,23
9892,169910711,169910730,169910740,2,10,98
9893,169910711,169910730,169910740,2,10,86
9894,169910712,169910899,169916160,4,5261,127
9895,169910728,169910729,169910736,2,7,18
9896,169910741,169910741,169910774,2,33,125
9897,169910742,169910742,169910753,2,11,98
9898,169910742,169910742,169910753,2,11,20
9899,169910743,169910743,169910754,2,11,86
9900,169910744,169910744,169910756,2,12,23
9901,169910745,169910755,169910764,2,9,98
9902,169910745,169910756,169910764,2,8,26
9903,169910746,169910756,169910768,2,12,86
9904,169910747,169910758,169910772,2,14,23
9905,169910748,169910766,169910778,2,12,98
9906,169910748,169910766,169910778,2,12,26
9907,169910749,169910770,169910779,2,9,86
9908,169910750,169910773,169910784,2,11,23
9909,169910751,169910774,169910784,2,10,23
9910,169910753,169910753,169910755,8,2,15
9911,169910755,169910756,169919400,1,8644,146
9912,169910763,169910763,169910777,1,14,43
9913,169910778,169910779,169910786,2,7,46
9914,169910781,169910782,169910797,1,15,18
9915,169910786,169910787,169910796,2,9,92
9916,169910787,169910787,169910796,2,9,119
9917,169910788,169910788,169910797,2,9,20
9918,169910789,169910789,169910798,2,9,86
9919,169910789,169910798,169910809,2,11,98
9920,169910790,169910798,169910811,2,13,125
9921,169910791,169910799,169910810,2,11,26
9922,169910792,169910801,169910813,2,12,86
9923,169910792,169910812,169910824,2,12,98
9924,169910793,169910793,169910800,2,7,43
9925,169910793,169910812,169910820,2,8,26
9926,169910800,169910801,169910806,2,5,23
9927,169910801,169910803,169911167,1,364,47
9928,169910813,169910814,169910844,2,30,122
9929,169910823,169910823,169910832,2,9,119
9930,169910824,169910824,169910859,2,35,26
9931,169910824,169910825,169910837,2,12,86
9932,169910825,169910826,169910838,2,12,98
9933,169910826,169910834,169910846,2,12,125
9934,169910827,169910834,169910846,2,12,207
9935,169910828,169910834,169910842,2,8,110
9936,169910828,169910839,169910851,2,12,86
9937,169910829,169910839,169910850,2,11,98
9938,169910830,169910845,169910855,2,10,24
9939,169910832,169910899,169916139,4,5240,152
9940,169910833,169910834,169910892,1,58,73
9941,169910852,169910852,169911119,2,267,142
9942,169910856,169910856,169910866,2,10,86
9943,169910857,169910857,169910868,2,11,98
9944,169910858,169910858,169910869,2,11,113
9945,169910858,169910858,169910869,2,11,23
9946,169910874,169910899,169916136,4,5237,142
9947,169910881,169910899,169916728,4,5829,228
9948,169910885,169910899,169916139,4,5240,128
9949,169910900,169910911,169916155,4,5244,137
9950,169910905,169910905,169910989,1,84,74
9951,169910921,169910921,169910923,8,2,15
9952,169910929,169910931,169917047,4,6116,281
9953,169910949,169910949,169911671,1,722,31
9954,169910989,169910990,169911075,1,85,74
9955,169910990,169910990,169910992,8,2,15
9956,169911004,169911004,169918785,1,7781,181
9957,169911006,169911006,169917898,1,6892,181
9958,169911040,169911040,169917292,4,6252,214
9959,169911045,169911421,169911436,100,15,115
9960,169911047,169911047,169911770,1,723,18
9961,169911047,169911047,169911049,8,2,15
9962,169911051,169911056,169916297,4,5241,154
9963,169911069,169911080,169917071,4,5991,170
9964,169911098,169911100,169911223,1,123,16
9965,169911099,169911104,169916355,4,5251,166
9966,169911110,169911110,169911123,2,13,25
9967,169911111,169911111,169911121,2,10,19
9968,169911112,169911112,169911120,2,8,23
9969,169911113,169911113,169911126,2,13,86
9970,169911113,169911114,169911126,2,12,28
9971,169911114,169911114,169911145,2,31,25
9972,169911115,169911115,169911126,2,11,24
9973,169911116,169911116,169911127,2,11,56
9974,169911116,169911116,169911129,2,13,75
9975,169911117,169911117,169911127,2,10,43
9976,169911117,169911128,169916369,4,5241,136
9977,169911118,169911118,169911122,1,4,35
9978,169911124,169911152,169916401,4,5249,152
9979,169911131,169911131,169911139,2,8,25
9980,169911131,169911131,169911140,2,9,22
9981,169911132,169911133,169911143,2,10,23
9982,169911133,169911133,169911143,2,10,81
9983,169911134,169911134,169911145,2,11,29
9984,169911134,169911135,169911145,2,10,25
9985,169911135,169911135,169911146,2,11,56
9986,169911136,169911136,169911148,2,12,62
9987,169911137,169911137,169911147,2,10,49
9988,169911137,169911137,169911147,2,10,48
9989,169911151,169911151,169911159,2,8,19
9990,169911151,169911152,169911206,1,54,20
9991,169911152,169911152,169911163,2,11,25
9992,169911152,169911153,169911166,2,13,50
9993,169911153,169911153,169911165,2,12,29
9994,169911154,169911154,169911166,2,12,86
9995,169911155,169911155,169911191,2,36,29
9996,169911156,169911156,169911164,2,8,25
9997,169911156,169911157,169911168,2,11,23
9998,169911157,169911157,169911167,2,10,50
9999,169911158,169911158,169911168,2,10,57
10000,169911160,169911176,169917125,4,5949,165
10002,169911172,169911172,169911182,2,10,27
10003,169911172,169911172,169911183,2,11,25
10004,169911173,169911173,169911185,2,12,44
10005,169911174,169911174,169911185,2,11,23
10006,169911200,169911201,169911206,2,5,31
10007,169911243,169911243,169911293,1,50,74
10008,169911248,169911248,169911289,1,41,101
10009,169911255,169911255,169911280,2,25,38
10010,169911268,169911268,169911358,8,90,57
10011,169911281,169911285,169916530,4,5245,130
10012,169911290,169911430,169916673,4,5243,137
10013,169911295,169911430,169916671,4,5241,128
10014,169911296,169911296,169911325,1,29,102
10015,169911317,169911317,169911329,2,12,31
10016,169911323,169911324,169911344,2,20,67
10017,169911324,169911324,169911345,2,21,69
10018,169911325,169911325,169911346,2,21,65
10019,169911326,169911326,169911347,2,21,90
10020,169911327,169911327,169911348,2,21,69
10021,169911328,169911328,169911349,2,21,126
10022,169911329,169911330,169911352,2,22,67
10023,169911330,169911330,169911351,2,21,65
10024,169911331,169911331,169911351,2,20,64
10025,169911332,169911332,169911352,2,20,65
10026,169911332,169911333,169911354,2,21,65
10027,169911333,169911334,169911354,2,20,64
10028,169911334,169911334,169911355,2,21,64
10029,169911335,169911335,169911356,2,21,63
10030,169911336,169911336,169911357,2,21,64
10031,169911337,169911337,169911363,1,26,152
10032,169911339,169911339,169911377,2,38,36
10033,169911345,169911345,169913959,1,2614,20
10034,169911353,169911358,169913973,1,2615,58
10035,169911354,169911358,169911363,1,5,19
10036,169911358,169911359,169911380,2,21,66
10037,169911359,169911359,169911380,2,21,70
10038,169911360,169911360,169911381,2,21,65
10039,169911361,169911361,169911382,2,21,90
10040,169911362,169911362,169911383,2,21,69
10041,169911363,169911364,169911384,2,20,126
10042,169911364,169911364,169911385,2,21,68
10043,169911365,169911365,169911385,2,20,65
10044,169911366,169911366,169911387,2,21,64
10045,169911366,169911367,169911396,1,29,152
10046,169911367,169911367,169911388,2,21,65
10047,169911368,169911368,169911388,2,20,65
10048,169911368,169911394,169914024,1,2630,25
10049,169911368,169911369,169911389,2,20,64
10050,169911369,169911370,169911390,2,20,64
10051,169911370,169911370,169911391,2,21,63
10052,169911371,169911371,169911392,2,21,64
10053,169911386,169911386,169913430,8,2044,92
10054,169911388,169911394,169914002,1,2608,20
10055,169911393,169911394,169911414,2,20,65
10056,169911395,169911406,169911426,2,20,66
10057,169911395,169913433,169915134,8,1701,92
10058,169911395,169915137,169916839,8,1702,92
10059,169911395,169916842,169918564,8,1722,92
10060,169911395,169918567,169920293,8,1726,91
10061,169911396,169911406,169911426,2,20,70
10062,169911397,169911406,169911426,2,20,65
10063,169911420,169911421,169911637,1,216,21
10064,169911423,169911423,169911427,1,4,46
10065,169911433,169911433,169911474,1,41,20
10066,169911438,169911438,169912157,1,719,54
10067,169911453,169911453,169911464,1,11,18
10068,169911454,169911456,169913547,1,2091,31
10069,169911479,169911479,169911611,1,132,485
10070,169911482,169911482,169916719,4,5237,128
10071,169911504,169911505,169919694,4,8189,186
10072,169911511,169911513,169917650,4,6137,240
10073,169911520,169911907,169914071,100,2164,124
10074,169911541,169911550,169916790,4,5240,128
10075,169911554,169911554,169911593,1,39,85
10076,169911558,169911562,169911669,1,107,20
10077,169911560,169911562,169916804,4,5242,131
10078,169911570,169911574,169916815,4,5241,131
10079,169911612,169911612,169911794,1,182,87
10080,169911614,169911615,169911676,1,61,94
10081,169911624,169911634,169919455,4,7821,179
10082,169911717,169911717,169911755,1,38,22
10083,169911731,169911742,169911746,1,4,18
10084,169911758,169911766,169917012,4,5246,128
10085,169911774,169911779,169917970,4,6191,226
10086,169911797,169911797,169912160,1,363,24
10087,169911800,169911800,169911983,1,183,61
10088,169911813,169911827,169918120,4,6293,148
10089,169911817,169911827,169911831,1,4,17
10090,169911819,169911819,169912181,1,362,41
10091,169911893,169911893,169912256,1,363,29
10092,169911899,169911899,169912262,1,363,37
10093,169911948,169911948,169912012,1,64,102
10094,169911950,169911950,169912012,1,62,110
10095,169911961,169911971,169917217,4,5246,130
10096,169911997,169912007,169912010,1,3,15
10097,169912022,169912031,169912037,1,6,18
10098,169912029,169912029,169912183,1,154,98
10099,169912040,169912043,169918044,4,6001,172
10100,169912043,169912043,169918003,3,5960,188
10101,169912043,169912043,169918192,3,6149,110
10102,169912044,169912044,169918329,3,6285,90
10103,169912046,169912048,169912206,1,158,103
10104,169912048,169912048,169918355,3,6307,260
10105,169912058,169912067,169912161,1,94,19
10109,169912072,169912072,169912207,1,135,111
10110,169912115,169912115,169912207,1,92,100
10111,169912121,169912121,169912135,2,14,24
10112,169912122,169912122,169912133,2,11,58
10113,169912123,169912123,169912131,2,8,121
10114,169912123,169912124,169912164,2,40,23
10115,169912124,169912125,169912137,2,12,30
10116,169912125,169912125,169912135,2,10,44
10117,169912126,169912126,169912137,2,11,77
10118,169912126,169912127,169912136,2,9,25
10119,169912127,169912127,169912138,2,11,73
10120,169912128,169912128,169912139,2,11,60
10121,169912139,169912139,169912141,1,2,28
10122,169912141,169912142,169912151,2,9,24
10123,169912142,169912142,169912151,2,9,121
10124,169912143,169912143,169912153,2,10,77
10125,169912144,169912144,169912154,2,10,25
10126,169912144,169912145,169912155,2,10,73
10127,169912145,169912145,169912155,2,10,60
10128,169912146,169912146,169912156,2,10,68
10129,169912147,169912147,169912187,2,40,75
10130,169912147,169912148,169912159,2,11,83
10131,169912148,169912148,169912156,2,8,19
10132,169912149,169912149,169912257,1,108,46
10133,169912159,169912159,169912167,2,8,30
10134,169912159,169912159,169912171,2,12,121
10135,169912160,169912160,169912173,2,13,77
10136,169912161,169912162,169912174,2,12,23
10137,169912162,169912162,169912173,2,11,71
10138,169912162,169912164,169912166,1,2,19
10139,169912162,169912162,169912174,2,12,60
10140,169912163,169912163,169912171,2,8,68
10141,169912164,169912164,169912176,2,12,83
10142,169912165,169912165,169912175,2,10,19
10143,169912165,169912165,169912176,2,11,23
10144,169912169,169912169,169912208,1,39,123
10145,169912179,169912179,169912188,2,9,24
10146,169912180,169912180,169912191,2,11,127
10147,169912181,169912181,169912191,2,10,23
10148,169912181,169912181,169912208,2,27,77
10149,169912182,169912182,169912195,2,13,25
10150,169912183,169912183,169912193,2,10,73
10151,169912184,169912184,169912192,2,8,60
10152,169912184,169912184,169912196,2,12,74
10153,169912185,169912185,169912197,2,12,88
10154,169912186,169912186,169912196,2,10,20
10155,169912186,169912208,169912248,1,40,97
10156,169912187,169912187,169912197,2,10,20
10157,169912187,169912187,169912198,2,11,21
10158,169912188,169912188,169912197,2,9,20
10159,169912189,169912189,169912200,2,11,75
10160,169912195,169912200,169912202,1,2,18
10161,169912202,169912203,169912212,2,9,24
10162,169912203,169912203,169912212,2,9,121
10163,169912204,169912204,169912226,2,22,23
10164,169912205,169912205,169912215,2,10,25
10165,169912205,169912205,169912217,2,12,74
10166,169912206,169912206,169912216,2,10,66
10167,169912207,169912208,169912219,2,11,74
10168,169912208,169912208,169912220,2,12,75
10169,169912208,169912208,169912219,2,11,89
10170,169912209,169912209,169912217,2,8,25
10171,169912220,169912220,169912228,2,8,24
10172,169912220,169912221,169912231,2,10,127
10173,169912221,169912221,169912233,2,12,77
10174,169912222,169912222,169912234,2,12,25
10175,169912223,169912223,169912235,2,12,73
10176,169912223,169912224,169919510,4,7286,178
10177,169912223,169912223,169912235,2,12,66
10178,169912224,169912224,169912233,2,9,89
10179,169912225,169912225,169912238,2,13,175
10180,169912225,169912226,169912235,2,9,178
10181,169912226,169912227,169912254,2,27,25
10182,169912248,169912248,169912326,1,78,63
10183,169912258,169912258,169912296,1,38,39
10184,169912258,169912258,169912268,2,10,24
10185,169912259,169912259,169912268,2,9,126
10186,169912259,169912259,169912270,2,11,18
10187,169912260,169912260,169912270,2,10,71
10188,169912261,169912261,169912273,2,12,25
10189,169912262,169912262,169912272,2,10,68
10190,169912262,169912262,169912273,2,11,66
10191,169912263,169912263,169912275,2,12,92
10192,169912264,169912264,169912276,2,12,94
10193,169912265,169912265,169912291,2,26,89
10194,169912265,169912265,169912277,2,12,24
10195,169912266,169912266,169912276,2,10,25
10196,169912267,169912268,169912280,2,12,21
10197,169912268,169912268,169912278,2,10,20
10198,169912281,169912281,169912291,2,10,24
10199,169912282,169912282,169912291,2,9,121
10200,169912283,169912283,169912308,2,25,23
10201,169912283,169912283,169912293,2,10,77
10202,169912284,169912285,169912295,2,10,20
10203,169912285,169912285,169912298,2,13,68
10204,169912286,169912286,169912296,2,10,60
10205,169912287,169912287,169912303,2,16,92
10206,169912288,169912288,169912304,2,16,94
10207,169912288,169912288,169912296,2,8,24
10208,169912293,169912293,169913015,1,722,29
10209,169912293,169912293,169912655,1,362,29
10210,169912296,169912297,169912299,1,2,19
10211,169912297,169912297,169912661,1,364,25
10212,169912299,169912300,169912308,2,8,24
10213,169912300,169912300,169912664,1,364,39
10214,169912300,169912300,169912311,2,11,127
10215,169912301,169912301,169912313,2,12,77
10216,169912302,169912302,169912314,2,12,25
10217,169912303,169912303,169912315,2,12,73
10218,169912304,169912304,169912316,2,12,66
10219,169912304,169912304,169912312,2,8,89
10220,169912305,169912305,169912317,2,12,92
10221,169912306,169912306,169912316,2,10,94
10222,169912307,169912307,169912315,2,8,19
10223,169912314,169912316,169914901,1,2585,20
10224,169912317,169912318,169912328,2,10,30
10225,169912318,169912318,169912328,2,10,127
10226,169912319,169912319,169912329,2,10,23
10227,169912320,169912320,169912330,2,10,77
10228,169912321,169912333,169914497,24,2164,172
10229,169912325,169912325,169912389,1,64,37
10230,169912333,169914294,169922336,256,8042,166
10231,169912347,169912347,169912387,1,40,64
10232,169912348,169912381,169914956,1,2575,25
10233,169912372,169913321,169918564,4,5243,128
10234,169912393,169912393,169912420,1,27,93
10235,169912394,169912405,169915001,1,2596,64
10236,169912403,169912442,169915053,1,2611,18
10237,169912435,169912683,169915288,1,2605,19
10238,169912458,169912913,169912918,1,5,50
10239,169912491,169912913,169915508,1,2595,21
10240,169912543,169912913,169915490,1,2577,20
10241,169912551,169912913,169915486,1,2573,49
10242,169912582,169912913,169921557,1,8644,50
10243,169912582,169912913,169921557,1,8644,50
10244,169912615,169912623,169913572,4,949,171
10245,169912633,169912633,169913173,1,540,18
10246,169912645,169912647,169912658,2,11,24
10247,169912645,169912647,169912657,2,10,130
10248,169912646,169912647,169912655,2,8,17
10249,169912647,169912671,169912682,2,11,24
10250,169912648,169912659,169912671,2,12,129
10251,169912648,169912659,169912668,2,9,18
10252,169912649,169912659,169912668,2,9,71
10253,169912650,169912659,169912668,2,9,20
10254,169912651,169912659,169912670,2,11,22
10255,169912651,169912659,169912669,2,10,121
10256,169912671,169912695,169912705,2,10,19
10257,169912672,169912683,169912692,2,9,18
10258,169912672,169912683,169912693,2,10,71
10259,169912673,169912683,169912692,2,9,20
10260,169912674,169912683,169912693,2,10,129
10261,169912675,169912683,169912694,2,11,22
10262,169912675,169912683,169912693,2,10,127
10263,169912676,169912683,169912694,2,11,23
10264,169912677,169912683,169912694,2,11,54
10265,169912678,169912683,169912691,2,8,45
10266,169912690,169913565,169920513,4,6948,171
10267,169912694,169912695,169912704,2,9,23
10268,169912695,169912707,169912738,2,31,25
10269,169912696,169912707,169912719,2,12,23
10270,169912697,169912707,169912718,2,11,77
10271,169912697,169912707,169912719,2,12,25
10272,169912698,169912707,169912719,2,12,129
10273,169912699,169912707,169912715,2,8,109
10274,169912700,169912707,169912719,2,12,22
10275,169912700,169912707,169912717,2,10,127
10276,169912701,169912707,169912717,2,10,23
10277,169912718,169912731,169912742,2,11,23
10278,169912719,169912731,169912742,2,11,77
10279,169912719,169912731,169912743,2,12,25
10280,169912720,169912731,169912742,2,11,129
10281,169912725,169912725,169912781,1,56,91
10282,169912784,169913577,169918825,4,5248,132
10283,169912786,169914133,169919382,4,5249,131
10284,169912791,169912791,169913513,1,722,36
10285,169912868,169912868,169912926,1,58,107
10286,169912869,169912876,169912897,2,21,64
10287,169912870,169912876,169912897,2,21,63
10288,169912871,169912876,169912897,2,21,117
10289,169912872,169912876,169912897,2,21,66
10290,169912873,169912876,169912897,2,21,169
10291,169912874,169912876,169912897,2,21,62
10292,169912875,169912876,169912897,2,21,167
10293,169912876,169912876,169912897,2,21,63
10294,169912877,169912889,169912909,2,20,94
10295,169912877,169912889,169912909,2,20,91
10296,169912878,169912889,169912910,2,21,160
10297,169912879,169912889,169912910,2,21,169
10298,169912880,169912889,169912910,2,21,169
10299,169912881,169912889,169912910,2,21,156
10300,169912882,169912889,169912910,2,21,154
10301,169912904,169914145,169920163,4,6018,165
10302,169912905,169912905,169912961,1,56,97
10303,169912913,169912925,169912945,2,20,63
10304,169912914,169912925,169912945,2,20,116
10305,169912915,169912925,169912945,2,20,65
10306,169912916,169912925,169912945,2,20,62
10307,169912917,169912925,169912946,2,21,186
10308,169912918,169912925,169912946,2,21,168
10309,169912919,169912925,169912945,2,20,167
10310,169912920,169912925,169912945,2,20,63
10311,169912921,169912925,169912945,2,20,94
10312,169912922,169912925,169912945,2,20,90
10313,169912923,169912925,169912945,2,20,65
10314,169912924,169912925,169912945,2,20,66
10315,169912924,169912937,169912957,2,20,67
10316,169912925,169912937,169912957,2,20,169
10317,169912926,169912937,169912957,2,20,92
10318,169912951,169912951,169913042,1,91,82
10319,169912952,169912952,169913041,1,89,117
10320,169912953,169912953,169913041,1,88,170
10321,169912954,169912962,169913041,1,79,66
10322,169912958,169912961,169912981,2,20,63
10323,169912959,169912961,169912981,2,20,117
10324,169912960,169912961,169912981,2,20,66
10325,169912961,169912973,169912993,2,20,62
10326,169913032,169913033,169913216,1,183,23
10327,169913054,169913054,169913102,1,48,92
10328,169913055,169913055,169913102,1,47,57
10329,169913055,169913056,169913103,1,47,63
10330,169913071,169913071,169913103,1,32,38
10331,169913086,169913086,169913105,1,19,16
10332,169913106,169913106,169913170,1,64,92
10333,169913107,169913107,169913170,1,63,81
10334,169913108,169913108,169913215,1,107,97
10335,169913109,169913109,169913217,1,108,107
10336,169913131,169915146,169917308,24,2162,52
10337,169913148,169913148,169913192,1,44,16
10338,169913183,169913183,169913295,1,112,153
10339,169913184,169913184,169913299,1,115,175
10340,169913203,169913203,169913903,1,700,18
10341,169913207,169913207,169913216,1,9,17
10342,169913231,169913231,169913234,1,3,18
10343,169913248,169913248,169913279,1,31,153
10344,169913268,169913268,169913364,1,96,92
10345,169913272,169913273,169913285,2,12,24
10346,169913273,169913273,169913283,2,10,27
10347,169913273,169913273,169913364,1,91,490
10348,169913274,169913297,169913305,2,8,22
10349,169913274,169913285,169913297,2,12,77
10350,169913275,169913285,169913297,2,12,28
10351,169913276,169913285,169913294,2,9,25
10352,169913276,169913285,169913296,2,11,26
10353,169913277,169913285,169913313,2,28,25
10354,169913278,169913285,169913296,2,11,22
10355,169913279,169913285,169913295,2,10,24
10356,169913284,169913284,169913310,1,26,114
10357,169913299,169913309,169913319,2,10,28
10358,169913299,169913309,169913318,2,9,30
10359,169913300,169913309,169913319,2,10,77
10360,169913301,169913309,169913330,2,21,28
10361,169913302,169913309,169913322,2,13,25
10362,169913302,169913309,169913321,2,12,26
10363,169913303,169913309,169913320,2,11,22
10364,169913304,169913309,169913321,2,12,24
10365,169913305,169913309,169913321,2,12,23
10366,169913305,169913309,169913317,2,8,140
10367,169913319,169913321,169913329,2,8,28
10368,169913320,169913333,169913344,2,11,28
10369,169913320,169913321,169913333,2,12,29
10370,169913321,169913357,169913369,2,12,28
10371,169913322,169913333,169913345,2,12,77
10372,169913323,169913333,169913344,2,11,28
10373,169913323,169913333,169913341,2,8,25
10374,169913324,169913333,169913345,2,12,26
10375,169913325,169913333,169913343,2,10,22
10376,169913326,169913333,169913343,2,10,24
10377,169913345,169913357,169913367,2,10,30
10378,169913346,169913357,169913369,2,12,77
10379,169913347,169913357,169913368,2,11,28
10380,169913347,169921440,169921884,1,444,125
10381,169913347,169921443,169923107,1,1664,158
10382,169913348,169913357,169913368,2,11,25
10383,169913348,169921650,169923487,1,1837,77
10384,169913348,169921653,169923421,1,1768,108
10385,169913349,169913357,169913369,2,12,26
10386,169913349,169921653,169923581,1,1928,108
10387,169913349,169921653,169923588,1,1935,109
10388,169913349,169913357,169913367,2,10,22
10389,169913350,169921653,169923545,1,1892,108
10390,169913350,169921653,169923445,1,1792,213
10391,169913351,169921659,169923461,1,1802,200
10392,169913351,169913357,169913369,2,12,23
10393,169913352,169921660,169923563,1,1903,77
10394,169913352,169921661,169923594,1,1933,137
10395,169913352,169913357,169913369,2,12,146
10396,169913353,169913357,169913367,2,10,128
10397,169913353,169921664,169923511,1,1847,161
10398,169913353,169921667,169923474,1,1807,76
10399,169913353,169913357,169913366,2,9,54
10400,169913354,169921668,169923525,1,1857,75
10401,169913354,169921668,169923233,1,1565,75
10402,169913354,169921668,169923516,1,1848,86
10403,169913354,169913382,169913393,2,11,27
10404,169913355,169913382,169913393,2,11,30
10405,169913355,169921670,169923499,1,1829,92
10406,169913355,169921673,169923535,1,1862,212
10407,169913355,169913382,169913393,2,11,77
10408,169913356,169921673,169923492,1,1819,212
10409,169913356,169921675,169923568,1,1893,216
10410,169913356,169921675,169923498,1,1823,211
10411,169913357,169921675,169923444,1,1769,76
10412,169913357,169921681,169923377,1,1696,77
10413,169913358,169921681,169923279,1,1598,81
10414,169913358,169921681,169923261,1,1580,77
10415,169913359,169921681,169923452,1,1771,75
10416,169913359,169921685,169923529,1,1844,76
10417,169913360,169921685,169923624,1,1939,74
10418,169913361,169921685,169923441,1,1756,107
10419,169913362,169921685,169923546,1,1861,80
10420,169913362,169921685,169923412,1,1727,137
10421,169913362,169921685,169923528,1,1843,76
10422,169913363,169921685,169923507,1,1822,76
10423,169913363,169921685,169923585,1,1900,136
10424,169913364,169921685,169923622,1,1937,77
10425,169913364,169921685,169923615,1,1930,136
10426,169913365,169921685,169923575,1,1890,78
10427,169913365,169921687,169923426,1,1739,76
10428,169913366,169921687,169923560,1,1873,75
10429,169913366,169921687,169923541,1,1854,76
10430,169913366,169921687,169923318,1,1631,75
10431,169913367,169921687,169923503,1,1816,75
10432,169913367,169921687,169923641,1,1954,76
10433,169913368,169921688,169923550,1,1862,219
10434,169913368,169921688,169923538,1,1850,214
10435,169913368,169921688,169923546,1,1858,215
10436,169913369,169921689,169923525,1,1836,218
10437,169913369,169921690,169923468,1,1778,238
10438,169913370,169921710,169923616,1,1906,136
10439,169913371,169921710,169923610,1,1900,220
10440,169913372,169921710,169923555,1,1845,75
10441,169913372,169921710,169923461,1,1751,176
10442,169913394,169913406,169913416,2,10,27
10443,169913395,169913406,169913415,2,9,30
10444,169913396,169913406,169913428,2,22,77
10445,169913397,169913406,169913416,2,10,28
10446,169913397,169913406,169913417,2,11,26
10447,169913398,169913406,169913417,2,11,26
10448,169913399,169913406,169913416,2,10,22
10449,169913400,169913406,169913418,2,12,23
10450,169913400,169913406,169913419,2,13,23
10451,169913401,169913406,169913414,2,8,146
10452,169913418,169913431,169913439,2,8,22
10453,169913419,169913431,169913441,2,10,24
10454,169913420,169913431,169913444,2,13,77
10455,169913420,169913431,169913442,2,11,22
10456,169913421,169913431,169913443,2,12,20
10457,169913422,169913431,169913442,2,11,20
10458,169913422,169913431,169913440,2,9,17
10459,169913423,169913431,169913443,2,12,24
10460,169913424,169913431,169913441,2,10,17
10461,169913425,169913431,169913441,2,10,141
10462,169913445,169913455,169913465,2,10,22
10463,169913445,169913455,169913465,2,10,24
10464,169913446,169913455,169913466,2,11,71
10465,169913446,169913446,169913455,1,9,31
10466,169913447,169913455,169913481,2,26,28
10467,169913448,169913455,169913467,2,12,20
10468,169913449,169913455,169913464,2,9,20
10469,169913449,169913455,169913463,2,8,17
10470,169913450,169913455,169913468,2,13,24
10471,169913451,169913455,169913495,2,40,23
10472,169913452,169913455,169913481,2,26,146
10473,169913453,169913455,169913465,2,10,128
10474,169913453,169913455,169913464,2,9,48
10475,169913454,169913467,169913477,2,10,28
10476,169913455,169913479,169913489,2,10,28
10477,169913491,169913503,169913515,2,12,27
10478,169913491,169913503,169913515,2,12,30
10479,169913492,169913503,169913517,2,14,77
10480,169913493,169913503,169913516,2,13,28
10481,169913494,169913503,169913517,2,14,26
10482,169913494,169913503,169913517,2,14,26
10483,169913495,169913503,169913537,2,34,22
10484,169913496,169913503,169913519,2,16,23
10485,169913497,169913503,169913519,2,16,23
10486,169913497,169913503,169913515,2,12,146
10490,169913517,169913528,169913538,2,10,26
10491,169913518,169913528,169913539,2,11,25
10492,169913519,169913528,169913540,2,12,29
10493,169913520,169913528,169913541,2,13,75
10494,169913520,169913528,169913540,2,12,27
10495,169913521,169913528,169913540,2,12,24
10496,169913522,169913528,169913537,2,9,18
10497,169913523,169913528,169913541,2,13,22
10498,169913523,169913528,169913539,2,11,39
10499,169913524,169913528,169913539,2,11,140
10500,169913541,169913541,169913550,2,9,26
10501,169913541,169913553,169913564,2,11,28
10502,169913542,169913553,169913585,2,32,26
10503,169913543,169913553,169913563,2,10,25
10504,169913546,169914181,169919424,4,5243,130
10505,169913667,169913782,169913809,4,27,20
10506,169913668,169913891,169913915,4,24,23
10507,169913668,169913928,169913950,4,22,24
10508,169913668,169913964,169913986,4,22,24
10509,169913668,169914000,169914023,4,23,24
10510,169913668,169914000,169914023,4,23,20
10511,169913668,169914084,169914111,4,27,66
10512,169913668,169914121,169914143,4,22,24
10513,169913668,169914181,169914207,4,26,27
10514,169913668,169914217,169914240,4,23,27
10515,169913668,169914241,169914265,4,24,24
10516,169913668,169914241,169914265,4,24,22
10517,169913668,169914241,169914265,4,24,21
10518,169913668,169914253,169914277,4,24,21
10519,169913668,169914278,169914301,4,23,23
10520,169913668,169914278,169914300,4,22,21
10521,169913668,169914278,169914300,4,22,21
10522,169913668,169914314,169914337,4,23,24
10523,169913668,169914290,169914312,4,22,21
10524,169913668,169914302,169914326,4,24,23
10525,169913668,169914314,169914337,4,23,22
10526,169913668,169914314,169914337,4,23,22
10527,169913668,169914350,169914373,4,23,24
10528,169913668,169914326,169914349,4,23,21
10529,169913668,169914338,169914361,4,23,23
10530,169913668,169914350,169914373,4,23,22
10531,169913668,169914350,169914373,4,23,22
10532,169913668,169914387,169914409,4,22,24
10533,169913668,169914362,169914385,4,23,22
10534,169913668,169914375,169914397,4,22,23
10535,169913668,169914387,169914409,4,22,22
10536,169913668,169914387,169914409,4,22,22
10537,169913669,169914423,169914446,4,23,26
10538,169913669,169914399,169914421,4,22,21
10539,169913669,169914411,169914433,4,22,24
10540,169913669,169914423,169914446,4,23,22
10541,169913669,169914423,169914445,4,22,21
10542,169913669,169914447,169914470,4,23,24
10543,169913669,169914435,169914458,4,23,22
10544,169913669,169914459,169914482,4,23,24
10545,169913672,169914229,169919465,4,5236,161
10546,169913784,169914459,169914482,4,23,22
10547,169913786,169913794,169913805,2,11,20
10548,169913787,169913794,169913804,2,10,71
10549,169913788,169913794,169913802,2,8,22
10550,169913789,169913794,169913806,2,12,17
10551,169913790,169913794,169913805,2,11,18
10552,169913790,169913794,169913805,2,11,18
10553,169913791,169913794,169913804,2,10,18
10554,169913792,169913794,169913803,2,9,17
10555,169913793,169913794,169913805,2,11,38
10556,169913794,169913794,169913803,2,9,140
10557,169913804,169913818,169913828,2,10,20
10558,169913805,169913806,169913816,2,10,77
10559,169913806,169913806,169913817,2,11,28
10560,169913807,169913830,169913840,2,10,26
10561,169913808,169913818,169913829,2,11,20
10562,169913808,169913818,169913829,2,11,19
10563,169913809,169913830,169913841,2,11,77
10564,169913810,169913818,169913831,2,13,17
10565,169913811,169913818,169913830,2,12,18
10566,169913812,169913818,169913826,2,8,18
10567,169913829,169913843,169913851,2,8,24
10568,169913830,169913855,169913871,2,16,26
10569,169913831,169913843,169913855,2,12,20
10570,169913831,169913843,169913854,2,11,19
10571,169913832,169913843,169913854,2,11,22
10572,169913833,169913843,169913854,2,11,17
10573,169913834,169913843,169913851,2,8,18
10574,169913835,169913843,169913855,2,12,18
10575,169913836,169913843,169913852,2,9,18
10576,169913836,169913843,169913853,2,10,17
10577,169913841,169913843,169914271,1,428,20
10578,169913857,169913867,169913879,2,12,71
10579,169913857,169913867,169913879,2,12,20
10580,169913858,169913867,169913879,2,12,19
10581,169913859,169913867,169913879,2,12,22
10582,169913898,169914459,169914482,4,23,22
10583,169913934,169914495,169914517,4,22,23
10584,169913971,169914471,169914494,4,23,21
10585,169913973,169914000,169916629,1,2629,21
10586,169913984,169914253,169919496,4,5243,133
10587,169914002,169914012,169916633,1,2621,20
10588,169914007,169914483,169914506,4,23,24
10589,169914007,169914495,169914517,4,22,22
10590,169914008,169914012,169914033,2,21,117
10591,169914009,169914012,169914033,2,21,68
10592,169914010,169914012,169914033,2,21,62
10593,169914011,169914012,169914033,2,21,64
10594,169914012,169914024,169914047,2,23,68
10595,169914013,169914036,169914057,2,21,66
10596,169914015,169914024,169914045,2,21,63
10597,169914016,169914024,169914047,2,23,66
10598,169914017,169914036,169914057,2,21,64
10599,169914018,169914036,169914057,2,21,117
10600,169914019,169914036,169914057,2,21,66
10601,169914019,169914241,169919479,4,5238,129
10602,169914020,169914036,169914057,2,21,65
10603,169914021,169914024,169914047,2,23,88
10604,169914022,169914024,169914045,2,21,84
10605,169914023,169914024,169914046,2,22,186
10606,169914024,169914084,169916711,1,2627,19
10607,169914024,169914399,169919643,4,5244,157
10608,169914040,169914471,169920538,4,6067,174
10609,169914049,169914060,169914081,2,21,68
10610,169914050,169914060,169914081,2,21,66
10611,169914051,169914060,169914081,2,21,66
10612,169914052,169914060,169914081,2,21,66
10613,169914053,169914060,169914081,2,21,65
10614,169914054,169914060,169914081,2,21,67
10615,169914055,169914060,169914082,2,22,88
10616,169914056,169914060,169914081,2,21,117
10617,169914057,169914060,169914081,2,21,68
10618,169914058,169914060,169914081,2,21,63
10619,169914059,169914060,169914081,2,21,64
10620,169914060,169914072,169914093,2,21,63
10621,169914061,169914084,169914105,2,21,68
10622,169914063,169914072,169914093,2,21,68
10623,169914064,169914072,169914093,2,21,67
10624,169914077,169914519,169919768,4,5249,125
10625,169914077,169914519,169919770,4,5251,125
10626,169914079,169914519,169919765,4,5246,125
10627,169914086,169914495,169914518,4,23,21
10628,169914093,169914094,169914818,1,724,21
10629,169914096,169914097,169914117,2,20,66
10630,169914097,169914109,169914129,2,20,68
10631,169914098,169914109,169914129,2,20,65
10632,169914099,169914109,169914129,2,20,67
10633,169914122,169914531,169914554,4,23,24
10634,169914126,169914519,169919771,4,5252,126
10635,169914126,169914127,169914631,1,504,31
10636,169914131,169914519,169919755,4,5236,127
10637,169914176,169914519,169919763,4,5244,151
10638,169914187,169914507,169914529,4,22,21
10639,169914205,169914519,169919765,4,5246,126
10640,169914219,169914555,169919797,4,5242,135
10641,169914224,169914519,169914542,4,23,23
10642,169914230,169914603,169920758,4,6155,207
10643,169914239,169914627,169919863,4,5236,133
10644,169914240,169914736,169919970,4,5234,154
10645,169914241,169914736,169919974,4,5238,131
10646,169914246,169914531,169914554,4,23,22
10647,169914246,169914531,169914554,4,23,22
10648,169914246,169914567,169914590,4,23,26
10649,169914261,169914543,169914566,4,23,22
10650,169914283,169914283,169914294,1,11,19
10651,169914283,169914555,169914578,4,23,24
10652,169914283,169914567,169914590,4,23,22
10653,169914283,169914567,169914590,4,23,22
10654,169914287,169914287,169914300,2,13,18
10655,169914291,169914603,169914626,4,23,23
10656,169914297,169914314,169917954,1,3640,19
10657,169914297,169914302,169917955,1,3653,18
10658,169914297,169914302,169917955,1,3653,18
10659,169914297,169914314,169917954,1,3640,297
10660,169914297,169914350,169917954,1,3604,23
10661,169914297,169914362,169917954,1,3592,152
10662,169914302,169914302,169914310,2,8,18
10663,169914307,169914579,169914602,4,23,22
10664,169914322,169914591,169914614,4,23,23
10665,169914322,169914603,169914626,4,23,21
10666,169914322,169914603,169914626,4,23,21
10667,169914327,169914327,169914334,2,7,18
10668,169914330,169914640,169914662,4,22,23
10669,169914345,169914615,169914638,4,23,21
10670,169914353,169914627,169914650,4,23,23
10671,169914353,169914640,169914662,4,22,21
10672,169914354,169914640,169914662,4,22,21
10673,169914359,169914359,169914363,2,4,18
10674,169914369,169914676,169914698,4,22,23
10675,169914376,169916136,169916314,1,178,62
10676,169914376,169914377,169914571,1,194,54
10677,169914376,169914377,169914575,1,198,73
10678,169914376,169914377,169914483,1,106,38
10679,169914376,169914377,169914575,1,198,70
10698,169914376,169914485,169914683,1,198,73
10715,169914376,169914574,169914771,1,197,75
10716,169914376,169914576,169914774,1,198,74
10717,169914376,169914576,169914774,1,198,73
10734,169914376,169914684,169914872,1,188,76
10748,169914376,169914772,169914968,1,196,67
10752,169914376,169914775,169914956,1,181,74
10753,169914376,169914775,169914963,1,188,71
10779,169914376,169914873,169915057,1,184,71
10812,169914376,169914957,169915148,1,191,74
10816,169914376,169914964,169915154,1,190,72
10817,169914376,169914970,169915168,1,198,74
10831,169914376,169915058,169915253,1,195,73
10834,169914376,169915148,169915338,1,190,75
10835,169914376,169915156,169915343,1,187,75
10836,169914376,169915170,169915362,1,192,75
10838,169914376,169915254,169915454,1,200,74
10847,169914376,169915339,169915526,1,187,71
10848,169914376,169915345,169915545,1,200,72
10849,169914376,169915364,169915558,1,194,72
10875,169914376,169915456,169915659,1,203,76
10879,169914376,169915528,169915721,1,193,74
10880,169914376,169915547,169915739,1,192,75
10881,169914376,169915560,169915756,1,196,72
10891,169914376,169915660,169915852,1,192,75
10893,169914376,169915722,169915912,1,190,73
10895,169914376,169915740,169915943,1,203,73
10900,169914376,169915756,169915957,1,201,75
10903,169914376,169915853,169916053,1,200,74
10904,169914376,169915913,169916108,1,195,75
10905,169914376,169915945,169916135,1,190,70
10906,169914376,169915958,169916140,1,182,110
10909,169914376,169916055,169916239,1,184,71
10911,169914376,169916109,169916295,1,186,73
10680,169914377,169914808,169920051,4,5243,129
10681,169914377,169914652,169914674,4,22,21
10682,169914392,169914664,169914686,4,22,24
10683,169914392,169914676,169914698,4,22,22
10684,169914392,169914676,169914698,4,22,21
10685,169914395,169914808,169920047,4,5239,143
10686,169914400,169914712,169914734,4,22,23
10687,169914415,169914688,169914710,4,22,21
10688,169914431,169914700,169914722,4,22,23
10689,169914431,169914712,169914734,4,22,22
10690,169914431,169914712,169914734,4,22,21
10691,169914439,169914748,169914771,4,23,23
10692,169914454,169914748,169914771,4,23,21
10693,169914457,169914808,169920048,4,5240,130
10694,169914462,169914748,169914771,4,23,21
10695,169914462,169914724,169914747,4,23,21
10696,169914462,169914736,169914764,4,28,23
10697,169914477,169914736,169914764,4,28,22
10699,169914486,169914736,169914764,4,28,23
10700,169914495,169914808,169920044,4,5236,131
10701,169914501,169914760,169914783,4,23,21
10702,169914501,169914784,169914807,4,23,23
10703,169914501,169914784,169914807,4,23,21
10704,169914509,169914784,169914807,4,23,21
10705,169914524,169914772,169914795,4,23,24
10706,169914532,169914772,169914795,4,23,22
10707,169914532,169914772,169914795,4,23,23
10708,169914532,169914820,169914843,4,23,23
10709,169914543,169914808,169920048,4,5240,131
10710,169914547,169914820,169914843,4,23,21
10711,169914563,169914820,169914843,4,23,21
10712,169914571,169914796,169914819,4,23,22
10713,169914571,169914808,169914832,4,24,23
10714,169914571,169914808,169914832,4,24,23
10718,169914586,169914808,169914831,4,23,23
10719,169914594,169914808,169914831,4,23,22
10720,169914598,169914808,169920053,4,5245,127
10721,169914609,169914808,169914831,4,23,23
10722,169914609,169914808,169914832,4,24,22
10723,169914609,169914808,169914832,4,24,26
10724,169914618,169914856,169914879,4,23,23
10725,169914633,169914844,169914867,4,23,24
10726,169914641,169914844,169914867,4,23,22
10727,169914641,169914892,169914915,4,23,23
10728,169914641,169914832,169914855,4,23,24
10729,169914656,169914856,169914879,4,23,21
10730,169914671,169914844,169914867,4,23,23
10731,169914679,169914844,169914867,4,23,23
10732,169914680,169914844,169914867,4,23,22
10733,169914680,169914844,169914867,4,23,25
10735,169914695,169914844,169914867,4,23,21
10736,169914703,169914856,169914879,4,23,21
10737,169914718,169914880,169914903,4,23,24
10738,169914718,169914880,169914903,4,23,22
10739,169914718,169914917,169914940,4,23,22
10740,169914726,169914868,169914891,4,23,23
10741,169914742,169914892,169914915,4,23,22
10742,169914742,169914880,169914903,4,23,23
10743,169914742,169914880,169914903,4,23,23
10744,169914750,169914880,169914903,4,23,22
10745,169914750,169914880,169914903,4,23,25
10746,169914750,169914880,169914903,4,23,21
10747,169914765,169914892,169914915,4,23,21
10749,169914773,169914929,169914951,4,22,23
10750,169914773,169914917,169914939,4,22,23
10751,169914773,169914917,169914939,4,22,22
10754,169914788,169914953,169914976,4,23,22
10755,169914788,169914905,169914927,4,22,23
10756,169914788,169914929,169914951,4,22,21
10757,169914804,169914917,169914939,4,22,23
10758,169914812,169914917,169914939,4,22,23
10759,169914812,169914917,169914939,4,22,25
10760,169914812,169914917,169914939,4,22,21
10761,169914812,169914929,169914951,4,22,21
10762,169914812,169914965,169914988,4,23,23
10763,169914812,169914953,169914976,4,23,23
10764,169914812,169914953,169914975,4,22,22
10765,169914827,169914989,169915012,4,23,22
10766,169914827,169914941,169914964,4,23,23
10767,169914827,169914965,169914988,4,23,22
10768,169914835,169914953,169914976,4,23,23
10769,169914851,169914953,169914976,4,23,23
10770,169914851,169914953,169914975,4,22,25
10771,169914851,169914953,169914976,4,23,21
10772,169914851,169914965,169914988,4,23,24
10773,169914851,169915001,169915024,4,23,23
10774,169914851,169914989,169915012,4,23,24
10775,169914851,169914989,169915012,4,23,22
10776,169914859,169915037,169915060,4,23,23
10777,169914859,169914977,169915000,4,23,23
10778,169914859,169915001,169915024,4,23,21
10780,169914874,169914989,169915012,4,23,23
10781,169914882,169914989,169915012,4,23,23
10782,169914882,169914989,169915012,4,23,25
10783,169914882,169914989,169915013,4,24,20
10784,169914882,169915001,169915024,4,23,21
10785,169914883,169915037,169915061,4,24,24
10786,169914883,169915073,169915096,4,23,23
10787,169914883,169915025,169915048,4,23,24
10788,169914898,169915025,169915048,4,23,22
10789,169914898,169915013,169915036,4,23,24
10790,169914898,169915025,169915048,4,23,23
10791,169914901,169914917,169917521,1,2604,19
10792,169914906,169915025,169915048,4,23,23
10793,169914921,169915025,169915049,4,24,109
10794,169914921,169915025,169915048,4,23,25
10795,169914921,169915025,169915048,4,23,111
10796,169914921,169915037,169915060,4,23,22
10797,169914921,169915037,169915060,4,23,21
10798,169914921,169915073,169915096,4,23,24
10799,169914921,169915109,169915132,4,23,24
10800,169914930,169915061,169915084,4,23,24
10801,169914930,169915061,169915084,4,23,22
10802,169914931,169915049,169915072,4,23,23
10803,169914946,169915073,169915096,4,23,21
10804,169914954,169915061,169915084,4,23,23
10805,169914954,169915061,169915084,4,23,23
10806,169914954,169915061,169915084,4,23,23
10807,169914954,169915061,169915085,4,24,21
10808,169914954,169915073,169915096,4,23,21
10809,169914954,169915134,169915157,4,23,24
10810,169914955,169915097,169915120,4,23,23
10811,169914956,169914965,169917552,1,2587,18
10818,169914970,169915097,169915120,4,23,22
10819,169914970,169915109,169915132,4,23,22
10820,169914970,169915085,169915108,4,23,23
10821,169914979,169915085,169915109,4,24,21
10822,169914994,169915097,169915120,4,23,23
10823,169914994,169915097,169915120,4,23,23
10824,169914994,169915097,169915120,4,23,23
10825,169914994,169915097,169915121,4,24,21
10826,169914994,169915109,169915132,4,23,21
10827,169915001,169915013,169917616,1,2603,64
10828,169915021,169915025,169920268,4,5243,129
10829,169915029,169915061,169921056,4,5995,220
10830,169915053,169915061,169917653,1,2592,18
10832,169915071,169915073,169920321,4,5248,144
10833,169915074,169915109,169920360,4,5251,133
10837,169915241,169915242,169920480,4,5238,129
10839,169915267,169915278,169920535,4,5257,129
10840,169915288,169915290,169917896,1,2606,23
10841,169915298,169915298,169920467,1,5169,58
10842,169915298,169915298,169920467,1,5169,21
10843,169915298,169915298,169920467,1,5169,46
10844,169915298,169915298,169920466,1,5168,21
10846,169915298,169915336,169920502,1,5166,82
10851,169915298,169915367,169920531,1,5164,181
10852,169915298,169915367,169920537,1,5170,113
10853,169915298,169915367,169920533,1,5166,112
10855,169915298,169915371,169920533,1,5162,109
10856,169915298,169915371,169920549,1,5178,164
10857,169915298,169915371,169920537,1,5166,137
10858,169915298,169915371,169920547,1,5176,135
10860,169915298,169915378,169920549,1,5171,23
10861,169915298,169915378,169920546,1,5168,22
10862,169915298,169915378,169920546,1,5168,41
10863,169915298,169915378,169915383,1,5,18
10870,169915298,169915385,169915390,1,5,18
10871,169915298,169915385,169915390,1,5,134
10872,169915298,169915385,169915390,1,5,133
10873,169915298,169915385,169915390,1,5,137
10874,169915298,169915385,169915390,1,5,135
10845,169915311,169915311,169916001,1,690,98
10850,169915364,169915387,169920628,4,5241,154
10854,169915369,169915387,169920632,4,5245,151
10859,169915376,169915392,169920639,4,5247,154
10864,169915378,169915392,169920632,4,5240,153
10865,169915378,169915406,169920649,4,5243,128
10866,169915378,169915575,169920812,4,5237,151
10867,169915382,169915488,169915493,1,5,18
10868,169915382,169915579,169920818,4,5239,154
10869,169915384,169915600,169920852,4,5252,137
10876,169915486,169915491,169918075,1,2584,20
10877,169915490,169915494,169918083,1,2589,19
10878,169915508,169915510,169918092,1,2582,21
10882,169915572,169915600,169920856,4,5256,138
10883,169915576,169915600,169920843,4,5243,146
10884,169915598,169915626,169920898,4,5272,129
10885,169915598,169915644,169920887,4,5243,138
10886,169915598,169915645,169920887,4,5242,133
10887,169915624,169915679,169920926,4,5247,130
10888,169915641,169915714,169922118,4,6404,219
10889,169915643,169915714,169921750,4,6036,235
10890,169915645,169915645,169915820,1,175,72
10892,169915677,169915714,169921734,4,6020,167
10894,169915738,169915740,169920981,4,5241,132
10896,169915740,169915740,169923448,1,7708,181
10897,169915740,169915740,169923505,1,7765,182
10898,169915740,169915740,169922460,1,6720,179
10899,169915740,169915740,169923935,1,8195,180
10901,169915774,169915776,169921025,4,5249,131
10902,169915852,169915853,169915857,1,4,19
10907,169915995,169915997,169921237,4,5240,131
10908,169916030,169916031,169921277,4,5246,133
10910,169916090,169916092,169921344,4,5252,131
10912,169916136,169916137,169923971,4,7834,228
10913,169916139,169916142,169921393,4,5251,132
10914,169916139,169916142,169921767,4,5625,162
10915,169916139,169916142,169921381,4,5239,155
10916,169916140,169916142,169921385,4,5243,143
10917,169916145,169916147,169921395,4,5248,128
10918,169916150,169916154,169921395,4,5241,128
10919,169916155,169916155,169921396,4,5241,134
10920,169916160,169916161,169921404,4,5243,127
10921,169916184,169916185,169921422,4,5237,128
10922,169916220,169916221,169916311,1,90,17
10923,169916297,169916299,169921539,4,5240,154
10924,169916311,169916311,169916490,1,179,18
10925,169916313,169916315,169924285,4,7970,241
10926,169916339,169916341,169921585,4,5244,128
10927,169916355,169916357,169922329,4,5972,232
10928,169916369,169916371,169921606,4,5235,135
10929,169916401,169916403,169921651,4,5248,151
10933,169916495,169916496,169921734,4,5238,133
10934,169916530,169916532,169921786,4,5254,130
10935,169916625,169916625,169916804,1,179,34
10936,169916629,169916630,169919234,1,2604,18
10937,169916633,169916635,169919250,1,2615,18
10938,169916661,169916663,169921901,4,5238,132
10939,169916671,169916672,169921923,4,5251,169
10940,169916673,169916673,169922767,4,6094,165
10941,169916711,169916713,169919343,1,2630,19
10942,169916719,169916721,169921960,4,5239,130
10943,169916728,169916730,169922775,4,6045,184
10944,169916728,169916730,169921973,4,5243,137
10945,169916734,169916734,169916743,2,9,20
10946,169916753,169916753,169916876,2,123,37
10947,169916790,169916791,169922778,4,5987,183
10948,169916804,169916806,169922041,4,5235,129
10949,169916815,169916817,169922993,4,6176,228
10950,169916832,169916832,169916954,2,122,130
10951,169916867,169916869,169922943,4,6074,233
10952,169916980,169916980,169916995,2,15,210
10953,169917004,169917004,169917015,2,11,30
10954,169917012,169917013,169922254,4,5241,128
10955,169917015,169917017,169917034,2,17,210
10956,169917047,169917047,169922769,4,5722,172
10957,169917057,169917057,169917073,2,16,83
10958,169917071,169917073,169923120,4,6047,279
10959,169917079,169917079,169917089,2,10,151
10960,169917096,169917096,169918077,10,981,53
10961,169917123,169917123,169918096,10,973,52
10962,169917125,169917127,169923133,4,6006,228
10963,169917140,169917140,169917273,1,133,48
10964,169917159,169917159,169917175,2,16,189
10965,169917185,169917185,169921888,16,4703,113
10966,169917186,169917186,169921875,16,4689,114
10967,169917208,169917208,169918203,10,995,112
10968,169917217,169917219,169922462,4,5243,127
10969,169917223,169917223,169917234,2,11,49
10970,169917249,169917249,169917258,2,9,98
10971,169917271,169917271,169917291,2,20,192
10972,169917289,169917289,169917310,2,21,84
10973,169917292,169917294,169923385,4,6091,215
10974,169917307,169917308,169917337,2,29,186
10975,169917336,169917337,169917457,2,120,176
10976,169917346,169917346,169917800,1,454,25
10977,169917356,169917356,169917457,2,101,169
10978,169917364,169917364,169919528,24,2164,52
10979,169917413,169917457,169917504,2,47,171
10980,169917422,169917422,169917480,1,58,30
10981,169917422,169917422,169917560,1,138,89
10982,169917422,169917422,169917547,1,125,123
10983,169917422,169917422,169917532,1,110,67
10984,169917432,169917432,169918460,1,1028,42
10985,169917432,169917432,169918463,1,1031,41
10986,169917432,169917695,169918730,1,1035,140
10987,169917432,169917695,169918731,1,1036,142
10988,169917432,169917707,169918744,1,1037,162
10989,169917482,169917482,169917605,2,123,151
10990,169917497,169917505,169917532,1,27,17
10991,169917513,169917972,169917991,2,19,210
10992,169917521,169917523,169920113,1,2590,19
10993,169917522,169917707,169917709,1,2,137
10994,169917522,169917839,169917842,1,3,18
10995,169917522,169917803,169917806,1,3,25
10996,169917522,169917839,169917842,1,3,130
10997,169917522,169917839,169917842,1,3,17
10998,169917522,169917839,169917842,1,3,22
10999,169917522,169917839,169917842,1,3,19
11000,169917522,169917839,169917842,1,3,27
11001,169917522,169917839,169917842,1,3,56
11002,169917522,169917839,169917842,1,3,30
11003,169917522,169917839,169917842,1,3,35
11004,169917531,169917531,169917894,1,363,282
11005,169917537,169917537,169918213,1,676,307
11006,169917552,169917554,169920153,1,2599,18
11007,169917559,169917631,169917643,2,12,69
11008,169917559,169917645,169917655,2,10,69
11009,169917560,169917653,169917661,2,8,212
11010,169917561,169917663,169917755,1,92,92
11012,169917561,169917561,169917658,1,97,103
11013,169917561,169917561,169917662,1,101,45
11014,169917561,169917561,169917657,1,96,45
11015,169917561,169917561,169917663,1,102,65
11027,169917561,169917658,169917760,1,102,76
11028,169917561,169917659,169917754,1,95,76
11011,169917561,169917653,169917665,2,12,223
11016,169917562,169917656,169917669,2,13,69
11017,169917562,169917663,169917674,2,11,124
11018,169917563,169917668,169917677,2,9,137
11019,169917564,169917670,169917681,2,11,69
11020,169917565,169917677,169917687,2,10,124
11021,169917565,169917680,169917704,2,24,137
11022,169917581,169918331,169926939,32,8608,83
11023,169917583,169917584,169917685,1,101,36
11024,169917616,169917683,169920292,1,2609,23
11025,169917650,169917912,169923962,4,6050,239
11026,169917653,169917683,169920268,1,2585,69
11029,169917678,169917679,169917697,2,18,40
11030,169917680,169917681,169917736,1,55,37
11031,169917707,169917743,169917754,2,11,124
11032,169917708,169917743,169917753,2,10,136
11033,169917708,169917756,169917765,2,9,134
11034,169917709,169917756,169917765,2,9,38
11035,169917710,169917767,169917781,2,14,38
11036,169917711,169917768,169917779,2,11,136
11037,169917712,169917783,169917793,2,10,38
11038,169917712,169917783,169917794,2,11,136
11039,169917713,169917790,169917801,2,11,82
11040,169917714,169917796,169917804,2,8,136
11041,169917741,169917912,169924104,4,6192,184
11042,169917767,169917767,169917960,1,193,121
11043,169917792,169917796,169918157,1,361,20
11044,169917805,169917805,169917813,2,8,76
11045,169917806,169917807,169917818,2,11,136
11046,169917807,169917810,169917823,2,13,158
11047,169917807,169917811,169917822,2,11,112
11048,169917808,169917815,169917828,2,13,82
11049,169917809,169918080,169923342,4,5262,128
11050,169917809,169917819,169917833,2,14,27
11051,169917810,169917820,169917829,2,9,131
11052,169917810,169917823,169917837,2,14,35
11053,169917811,169917811,169917819,2,8,79
11054,169917811,169917824,169917833,2,9,62
11055,169917812,169917830,169917841,2,11,82
11056,169917826,169917826,169917833,2,7,79
11057,169917842,169917843,169917851,2,8,82
11058,169917843,169917843,169917854,2,11,56
11059,169917843,169917843,169917855,2,12,27
11060,169917844,169917844,169917854,2,10,30
11061,169917845,169917846,169917857,2,11,130
11062,169917846,169917853,169917862,2,9,82
11063,169917847,169917856,169917864,2,8,53
11064,169917847,169917856,169917869,2,13,26
11065,169917848,169917857,169917870,2,13,28
11066,169917849,169917860,169917869,2,9,135
11067,169917850,169917865,169917875,2,10,82
11068,169917850,169917866,169917876,2,10,53
11069,169917851,169917871,169917881,2,10,23
11070,169917852,169917871,169917882,2,11,135
11074,169917859,169917859,169918581,2,722,348
11075,169917885,169917885,169917894,2,9,76
11076,169917885,169917886,169917900,2,14,28
11077,169917886,169917886,169917896,2,10,47
11078,169917887,169917887,169917896,2,9,24
11079,169917888,169917891,169917902,2,11,26
11080,169917888,169917898,169917908,2,10,82
11081,169917889,169917898,169917909,2,11,53
11082,169917890,169917898,169917909,2,11,136
11083,169917891,169917898,169917909,2,11,27
11084,169917892,169917903,169917911,2,8,28
11085,169917896,169917912,169920515,1,2603,21
11086,169917915,169917915,169917922,2,7,28
11087,169917915,169917915,169917926,2,11,29
11088,169917916,169917925,169917936,2,11,24
11089,169917917,169917928,169917939,2,11,29
11090,169917918,169917938,169917950,2,12,28
11091,169917918,169918008,169926651,1,8643,72
11092,169917918,169917941,169917952,2,11,29
11093,169917919,169917952,169917960,2,8,28
11094,169917920,169917953,169917966,2,13,29
11095,169917921,169917956,169917968,2,12,24
11096,169917922,169917956,169917967,2,11,20
11097,169917945,169921710,169930354,1,8644,204
11098,169917947,169917947,169918008,1,61,340
11099,169917957,169917960,169921605,1,3645,30
11100,169917957,169917960,169921605,1,3645,35
11101,169917957,169918020,169921605,1,3585,32
11102,169917957,169918008,169921605,1,3597,30
11103,169917957,169918008,169921605,1,3597,65
11104,169917957,169918008,169921605,1,3597,111
11105,169917968,169917968,169917979,2,11,24
11106,169917968,169917968,169917978,2,10,29
11107,169917969,169917969,169917980,2,11,24
11108,169917970,169918080,169923337,4,5257,128
11109,169917970,169917971,169917993,2,22,24
11110,169917971,169917972,169917983,2,11,188
11111,169917972,169917980,169917989,2,9,24
11112,169917972,169917982,169917990,2,8,24
11113,169917973,169917982,169917995,2,13,26
11114,169917974,169917985,169917997,2,12,103
11115,169917975,169917991,169918000,2,9,29
11116,169917976,169917992,169918003,2,11,28
11117,169917976,169917992,169918003,2,11,176
11118,169917977,169917997,169918008,2,11,24
11119,169917978,169917997,169918007,2,10,26
11120,169918008,169918008,169918018,2,10,24
11121,169918008,169918009,169918018,2,9,35
11122,169918009,169918010,169918019,2,9,98
11123,169918010,169918010,169918019,2,9,51
11124,169918011,169918011,169918021,2,10,23
11125,169918012,169918020,169918034,2,14,35
11126,169918012,169918020,169918035,2,15,28
11127,169918013,169918021,169918036,2,15,57
11128,169918014,169918021,169918036,2,15,85
11129,169918015,169918023,169918033,2,10,23
11130,169918034,169918035,169926678,1,8643,44
11131,169918035,169918037,169918044,2,7,36
11132,169918036,169918037,169918047,2,10,28
11133,169918037,169918037,169918049,2,12,57
11134,169918037,169918037,169918049,2,12,83
11135,169918038,169918038,169926681,1,8643,106
11136,169918038,169918046,169918058,2,12,24
11137,169918039,169918050,169918061,2,11,28
11138,169918040,169918050,169918059,2,9,83
11139,169918040,169918051,169918068,2,17,24
11140,169918041,169918046,169926690,1,8644,28
11141,169918041,169918060,169918074,2,14,24
11142,169918042,169918062,169918074,2,12,78
11143,169918043,169918046,169926690,1,8644,75
11144,169918043,169918043,169918121,1,78,91
11145,169918044,169918104,169923352,4,5248,128
11146,169918046,169918046,169926690,1,8644,33
11147,169918048,169918048,169926690,1,8642,39
11148,169918075,169918075,169918085,2,10,20
11149,169918075,169918080,169920657,1,2577,20
11150,169918075,169918076,169918087,2,11,83
11151,169918076,169918076,169918086,2,10,22
11152,169918077,169918077,169918088,2,11,24
11153,169918083,169918092,169920686,1,2594,24
11154,169918092,169918092,169920679,1,2587,24
11155,169918120,169918128,169924048,4,5920,150
11156,169918181,169918181,169918320,1,139,95
11157,169918195,169918195,169918559,1,364,18
11158,169918212,169918213,169918222,1,9,44
11159,169918213,169918213,169918413,1,200,203
11160,169918236,169918236,169918395,1,159,42
11161,169918286,169918331,169920212,1,1881,27
11162,169918286,169918357,169920212,1,1855,218
11163,169918286,169918357,169920212,1,1855,179
11164,169918286,169918357,169920212,1,1855,145
11165,169918387,169918387,169918566,1,179,18
11166,169918414,169918414,169919136,1,722,344
11167,169918451,169918465,169918479,2,14,42
11168,169918452,169918481,169918491,2,10,24
11169,169918452,169918493,169918501,2,8,24
11170,169918453,169918503,169918515,2,12,24
11171,169918454,169918517,169918529,2,12,24
11172,169918455,169918531,169918541,2,10,24
11173,169918456,169918543,169918553,2,10,24
11174,169918456,169918555,169918567,2,12,24
11175,169918457,169918561,169918572,2,11,18
11176,169918458,169918567,169918578,2,11,25
11177,169918468,169918468,169918632,1,164,32
11178,169918513,169918513,169918521,1,8,17
11179,169918546,169918567,169918579,1,12,43
11180,169918546,169918567,169918579,1,12,19
11181,169918546,169918569,169918579,1,10,23
11182,169918546,169918569,169918579,1,10,24
