jobid,submit,start,end,nnodes,duration,max_memory
0,1705622534,1705622535,1705624260,1,1725,35
1,1705622562,1705622954,1705679019,4,56065,117
2,1705622881,1705622881,1705630120,1,7239,24
3,1705622881,1705622881,1705630120,1,7239,86
4,1705622905,1705622913,1705623368,1,455,133
5,1705623002,1705623003,1705624823,1,1820,42
6,1705623402,1705623402,1705624229,1,827,35
7,1705623426,1705623427,1705624091,1,664,56
8,1705623544,1705623556,1705681995,1,58439,130
9,1705623646,1705623658,1705624270,1,612,121
10,1705624236,1705624237,1705624498,1,261,59
11,1705624335,1705624335,1705681997,1,57662,131
12,1705624345,1705624350,1705624455,1,105,16
13,1705624522,1705624523,1705625041,1,518,58
14,1705624570,1705624575,1705625052,1,477,133
15,1705624580,1705624580,1705635030,1,10450,31
16,1705624943,1705624995,1705626732,1,1737,78
17,1705625081,1705625115,1705681993,1,56878,54
18,1705625282,1705625309,1705625697,6,388,44
19,1705625686,1705625761,1705630760,1,4999,20
20,1705625918,1705625923,1705630919,1,4996,28
21,1705626100,1705626100,1705626271,1,171,18
22,1705626200,1705626218,1705631247,1,5029,56
23,1705626248,1705626249,1705633483,1,7234,25
24,1705626314,1705626330,1705631337,1,5007,20
25,1705626314,1705626330,1705631337,1,5007,21
26,1705626349,1705626351,1705708229,1,81878,39
27,1705626518,1705626519,1705626740,1,221,19
28,1705626691,1705626692,1705626938,1,246,23
29,1705626892,1705626893,1705678294,16,51401,39
30,1705627709,1705627709,1705627969,1,260,23
31,1705628278,1705628279,1705629571,4,1292,24
32,1705628278,1705628279,1705629381,4,1102,27
33,1705628278,1705628279,1705629341,4,1062,23
34,1705628278,1705628279,1705629423,4,1144,25
35,1705628278,1705628279,1705629704,4,1425,25
36,1705629553,1705629554,1705633776,1,4222,57
37,1705629769,1705629843,1705639777,4,9934,25
38,1705629769,1705629770,1705639882,4,10112,26
39,1705629769,1705629770,1705639541,4,9771,25
40,1705629769,1705629770,1705671488,4,41718,27
41,1705629769,1705629812,1705640370,4,10558,25
42,1705630120,1705630121,1705637356,1,7235,25
43,1705630120,1705630121,1705637356,1,7235,25
44,1705630760,1705630774,1705635781,1,5007,21
45,1705630919,1705630930,1705635923,1,4993,20
46,1705630977,1705630978,1705632812,1,1834,16
47,1705631247,1705631247,1705636266,1,5019,58
48,1705631337,1705631353,1705636362,1,5009,20
49,1705631337,1705631353,1705636362,1,5009,57
50,1705633483,1705633484,1705640715,1,7231,30
51,1705635781,1705635797,1705640803,1,5006,21
52,1705635923,1705635940,1705640946,1,5006,58
53,1705636266,1705636266,1705641283,1,5017,20
54,1705636362,1705636378,1705641393,1,5015,21
55,1705636362,1705636378,1705641393,1,5015,20
56,1705636461,1705636461,1705637199,1,738,23
57,1705637014,1705637020,1705639118,1,2098,17
58,1705637293,1705637294,1705637414,1,120,29
59,1705637301,1705637301,1705637414,1,113,30
60,1705637356,1705637360,1705644601,1,7241,48
61,1705637356,1705637360,1705644601,1,7241,25
62,1705637679,1705637680,1705637740,1,60,30
63,1705637684,1705637684,1705637743,1,59,30
64,1705638147,1705638148,1705638344,1,196,41
65,1705638153,1705638154,1705638346,1,192,41
66,1705638706,1705638706,1705642671,1,3965,25
67,1705639072,1705639073,1705639120,1,47,17
68,1705640491,1705640492,1705647683,1,7191,23
69,1705640715,1705640716,1705647969,1,7253,27
70,1705640803,1705640820,1705645803,1,4983,21
71,1705640946,1705640962,1705645973,1,5011,21
72,1705641283,1705641288,1705646335,1,5047,24
73,1705641393,1705641409,1705646416,1,5007,21
74,1705641393,1705641409,1705646431,1,5022,20
75,1705641836,1705642002,1705656444,8,14442,58
76,1705641840,1705642799,1705657224,8,14425,38
77,1705641849,1705642810,1705642873,8,63,26
78,1705644601,1705644601,1705651847,1,7246,46
79,1705644601,1705644601,1705651847,1,7246,25
80,1705644818,1705644818,1705659267,8,14449,62
81,1705644821,1705645949,1705648797,8,2848,79
82,1705645803,1705645949,1705650935,1,4986,21
83,1705645973,1705645984,1705650990,1,5006,75
84,1705646335,1705646341,1705651357,1,5016,20
85,1705646416,1705646429,1705651425,1,4996,20
86,1705646431,1705646451,1705651469,1,5018,38
87,1705647217,1705649372,1705649496,64,124,57
88,1705647710,1705647711,1705653366,1,5655,22
89,1705647969,1705648049,1705655283,1,7234,39
90,1705648429,1705648430,1705648463,1,33,26
91,1705648493,1705648493,1705648530,1,37,26
92,1705648855,1705648904,1705708497,1,59593,23
93,1705648861,1705648904,1705735336,1,86432,24
94,1705648868,1705648904,1705726063,1,77159,25
95,1705648872,1705648904,1705735336,1,86432,25
96,1705648877,1705648904,1705734864,1,85960,26
97,1705648880,1705649029,1705735455,1,86426,27
98,1705648885,1705649029,1705727160,1,78131,26
99,1705648889,1705649029,1705735455,1,86426,26
100,1705648931,1705648931,1705656174,1,7243,140
101,1705649008,1705649029,1705677820,1,28791,470
102,1705649731,1705650072,1705736507,1,86435,179
103,1705649731,1705649962,1705734446,1,84484,178
104,1705649731,1705649962,1705736387,1,86425,180
105,1705649731,1705649962,1705723303,1,73341,179
106,1705649731,1705649962,1705736386,1,86424,182
107,1705649731,1705650039,1705723449,1,73410,180
108,1705650142,1705651814,1705654896,32,3082,55
109,1705650750,1705650853,1705737286,1,86433,193
110,1705650935,1705650974,1705655988,1,5014,21
111,1705650960,1705650961,1705651218,1,257,19
112,1705650990,1705651096,1705656126,1,5030,22
113,1705651357,1705651467,1705656485,1,5018,20
114,1705651425,1705651467,1705656500,1,5033,21
115,1705651469,1705651589,1705656628,1,5039,38
116,1705651847,1705651848,1705659097,1,7249,32
117,1705651847,1705651848,1705659097,1,7249,26
118,1705651862,1705651863,1705652197,1,334,19
119,1705652227,1705652227,1705652561,1,334,19
120,1705652656,1705652656,1705652999,1,343,19
121,1705653128,1705655850,1705689396,32,33546,40
122,1705653385,1705653385,1705663505,1,10120,22
123,1705653449,1705655024,1705655061,16,37,19
124,1705653449,1705655024,1705655065,16,41,31
125,1705653450,1705655146,1705655191,16,45,19
126,1705653451,1705655146,1705655211,16,65,31
127,1705653684,1705653799,1705661037,1,7238,19
128,1705653684,1705653799,1705661037,1,7238,18
129,1705653697,1705655446,1705655521,64,75,89
130,1705653697,1705655539,1705655637,64,98,89
131,1705653698,1705655655,1705655833,64,178,34
132,1705654126,1705654126,1705654197,1,71,30
133,1705654444,1705655393,1705677910,2,22517,123
134,1705654552,1705654552,1705661790,1,7238,30
135,1705654895,1705655767,1705656844,1,1077,30
326,1705654895,1705655766,1705656852,1,1086,26
327,1705654895,1705655766,1705656849,1,1083,26
328,1705654895,1705655766,1705656853,1,1087,26
329,1705654895,1705655766,1705656826,1,1060,26
136,1705655072,1705655720,1705670145,8,14425,76
137,1705655125,1705655146,1705655210,1,64,15
138,1705655126,1705655146,1705655210,1,64,17
139,1705655126,1705655146,1705655210,1,64,18
140,1705655126,1705655146,1705655209,1,63,16
141,1705655127,1705655146,1705655209,1,63,16
142,1705655127,1705655146,1705655209,1,63,16
143,1705655127,1705655269,1705655306,1,37,16
144,1705655127,1705655269,1705655305,1,36,18
145,1705655128,1705655269,1705655307,1,38,18
146,1705655128,1705655269,1705655321,1,52,16
147,1705655128,1705655269,1705655321,1,52,16
148,1705655129,1705655269,1705655321,1,52,16
149,1705655129,1705655269,1705655305,1,36,17
150,1705655129,1705655269,1705655306,1,37,17
151,1705655130,1705655269,1705655305,1,36,16
152,1705655130,1705655269,1705655320,1,51,31
153,1705655130,1705655269,1705655320,1,51,18
154,1705655130,1705655269,1705655321,1,52,17
155,1705655217,1705655218,1705655312,1,94,30
156,1705655282,1705655643,1705662885,1,7242,24
157,1705655338,1705655339,1705655502,1,163,47
158,1705655381,1705666614,1705674872,256,8258,489
159,1705655383,1705674894,1705683006,256,8112,489
160,1705655384,1705683028,1705691325,256,8297,482
161,1705655386,1705691343,1705699334,256,7991,480
162,1705655387,1705693764,1705701743,256,7979,176
163,1705655518,1705807212,1705827052,32,19840,101
164,1705655518,1705811980,1705826332,32,14352,78
165,1705655520,1705812067,1705831947,32,19880,102
166,1705655520,1705812067,1705826512,32,14445,163
167,1705655520,1705812556,1705832380,32,19824,103
168,1705655521,1705813995,1705828410,32,14415,97
169,1705655521,1705816663,1705836522,32,19859,101
170,1705655521,1705817469,1705831812,32,14343,116
171,1705655522,1705818621,1705838458,32,19837,145
172,1705655522,1705818735,1705833393,32,14658,143
173,1705655522,1705819498,1705839447,32,19949,80
174,1705655522,1705820110,1705834445,32,14335,144
175,1705655523,1705820445,1705840245,32,19800,142
176,1705655523,1705821103,1705835477,32,14374,98
177,1705655523,1705821226,1705841084,32,19858,100
178,1705655524,1705823149,1705837532,32,14383,344
179,1705655524,1705826353,1705846236,32,19883,91
180,1705655524,1705826531,1705841006,32,14475,163
181,1705655525,1705827072,1705846977,32,19905,100
182,1705655525,1705828421,1705842878,32,14457,98
183,1705655525,1705831831,1705853472,32,21641,92
184,1705655525,1705831965,1705846258,32,14293,115
185,1705655526,1705832402,1705852324,32,19922,90
186,1705655526,1705833408,1705847819,32,14411,92
187,1705655526,1705834450,1705854320,32,19870,91
188,1705655527,1705835486,1705849812,32,14326,92
189,1705655527,1705836546,1705856516,32,19970,99
190,1705655527,1705837554,1705852031,32,14477,344
191,1705655527,1705838478,1705858324,32,19846,94
192,1705655528,1705839464,1705853817,32,14353,80
193,1705655528,1705840264,1705860093,32,19829,92
194,1705655528,1705841024,1705855416,32,14392,163
195,1705655587,1705655643,1705664424,1,8781,58
196,1705655587,1705655643,1705664696,1,9053,58
197,1705655587,1705655766,1705664109,1,8343,70
198,1705655588,1705655766,1705664952,1,9186,71
199,1705655588,1705655766,1705665202,1,9436,93
200,1705655588,1705655766,1705664054,1,8288,66
201,1705655588,1705655766,1705663287,1,7521,67
202,1705655589,1705655766,1705663489,1,7723,71
203,1705655589,1705655766,1705663756,1,7990,68
204,1705655589,1705655766,1705664290,1,8524,72
205,1705655590,1705655766,1705664008,1,8242,62
206,1705655590,1705655766,1705659543,1,3777,72
207,1705655590,1705655766,1705659799,1,4033,71
208,1705655591,1705655766,1705665702,1,9936,78
209,1705655591,1705655850,1705666003,1,10153,63
210,1705655591,1705655850,1705662370,1,6520,56
211,1705655591,1705655850,1705664729,1,8879,57
212,1705655592,1705655850,1705664496,1,8646,61
213,1705655592,1705655850,1705663414,1,7564,61
214,1705655592,1705655850,1705663414,1,7564,74
215,1705655593,1705655850,1705663437,1,7587,57
216,1705655593,1705655850,1705664452,1,8602,60
217,1705655593,1705655850,1705664457,1,8607,62
218,1705655594,1705655850,1705664138,1,8288,64
219,1705655594,1705655850,1705667672,1,11822,85
220,1705655594,1705655850,1705664999,1,9149,80
221,1705655594,1705655850,1705665640,1,9790,71
222,1705655595,1705655850,1705664374,1,8524,58
223,1705655595,1705655850,1705665330,1,9480,58
224,1705655595,1705655850,1705665665,1,9815,70
225,1705655596,1705655850,1705669772,1,13922,70
226,1705655596,1705655850,1705669850,1,14000,66
227,1705655596,1705655850,1705667296,1,11446,70
228,1705655597,1705655850,1705669753,1,13903,70
229,1705655597,1705655850,1705670021,1,14171,85
230,1705655597,1705655850,1705665302,1,9452,70
231,1705655598,1705655850,1705664099,1,8249,79
232,1705655598,1705655850,1705664629,1,8779,90
233,1705655598,1705655850,1705662660,1,6810,70
234,1705655598,1705655850,1705661723,1,5873,70
235,1705655599,1705655850,1705666967,1,11117,70
236,1705655599,1705655850,1705667754,1,11904,70
237,1705655599,1705655850,1705667208,1,11358,70
238,1705655600,1705655850,1705668836,1,12986,70
239,1705655600,1705655850,1705666772,1,10922,92
240,1705655600,1705655850,1705666776,1,10926,70
241,1705655600,1705655850,1705666341,1,10491,70
242,1705655601,1705655850,1705664736,1,8886,93
243,1705655601,1705655850,1705663453,1,7603,71
244,1705655601,1705655850,1705663408,1,7558,92
245,1705655602,1705655850,1705663632,1,7782,87
246,1705655602,1705655850,1705666226,1,10376,70
247,1705655602,1705655850,1705665985,1,10135,71
248,1705655603,1705655851,1705665807,1,9956,56
249,1705655603,1705655851,1705666182,1,10331,70
250,1705655603,1705655851,1705666746,1,10895,86
251,1705655604,1705656634,1705667610,1,10976,69
252,1705655604,1705656634,1705667089,1,10455,70
253,1705655604,1705656634,1705666925,1,10291,70
254,1705655604,1705657372,1705667273,1,9901,90
255,1705655605,1705657372,1705668086,1,10714,88
256,1705655605,1705657372,1705665891,1,8519,84
257,1705655605,1705657372,1705666536,1,9164,111
258,1705655606,1705657372,1705668072,1,10700,88
259,1705655606,1705657372,1705667856,1,10484,89
260,1705655609,1705655643,1705659264,1,3621,21
261,1705655628,1705657372,1705665281,1,7909,90
262,1705655628,1705657372,1705664819,1,7447,90
263,1705655628,1705657496,1705668268,1,10772,88
264,1705655629,1705657745,1705669972,1,12227,112
265,1705655629,1705658609,1705672245,1,13636,58
266,1705655629,1705659103,1705667944,1,8841,59
267,1705655630,1705659103,1705668746,1,9643,64
268,1705655630,1705659103,1705666661,1,7558,59
269,1705655630,1705659103,1705666933,1,7830,59
270,1705655630,1705659103,1705667180,1,8077,59
271,1705655631,1705659103,1705667455,1,8352,59
272,1705655631,1705659103,1705664973,1,5870,59
273,1705655631,1705659103,1705665618,1,6515,59
274,1705655632,1705659103,1705667775,1,8672,58
275,1705655632,1705659103,1705670388,1,11285,58
276,1705655632,1705659103,1705665558,1,6455,57
277,1705655633,1705659103,1705664931,1,5828,66
278,1705655633,1705659351,1705668025,1,8674,56
279,1705655633,1705659228,1705666958,1,7730,58
280,1705655633,1705659846,1705668730,1,8884,58
281,1705655634,1705659846,1705668890,1,9044,58
282,1705655634,1705661463,1705668911,1,7448,58
283,1705655634,1705661463,1705669919,1,8456,58
284,1705655635,1705673919,1705682545,1,8626,58
285,1705655635,1705674186,1705685049,1,10863,79
286,1705655635,1705674186,1705684613,1,10427,89
287,1705655636,1705674959,1705685450,1,10491,68
288,1705655636,1705674959,1705685229,1,10270,61
289,1705655636,1705676006,1705685003,1,8997,137
290,1705655636,1705676006,1705684846,1,8840,57
291,1705655637,1705676006,1705689689,1,13683,57
292,1705655637,1705676006,1705689964,1,13958,58
293,1705655637,1705676006,1705688760,1,12754,58
294,1705655638,1705676274,1705690225,1,13951,59
295,1705655638,1705676939,1705691237,1,14298,113
296,1705655638,1705677071,1705691179,1,14108,62
297,1705655639,1705677466,1705691571,1,14105,73
298,1705655639,1705678532,1705692593,1,14061,63
299,1705655639,1705678532,1705690406,1,11874,57
300,1705655639,1705678532,1705691432,1,12900,64
301,1705655640,1705678532,1705688493,1,9961,85
302,1705655640,1705678793,1705691720,1,12927,58
303,1705655640,1705682974,1705692746,1,9772,58
304,1705655641,1705682974,1705692202,1,9228,62
305,1705655641,1705682974,1705693042,1,10068,63
306,1705655641,1705683103,1705694742,1,11639,70
307,1705655642,1705683103,1705695028,1,11925,97
308,1705655644,1705683234,1705692482,1,9248,63
309,1705655644,1705683234,1705690995,1,7761,58
310,1705655645,1705683364,1705691456,1,8092,56
311,1705655646,1705683759,1705691489,1,7730,93
312,1705655646,1705684150,1705692722,1,8572,57
313,1705655646,1705684677,1705694679,1,10002,68
314,1705655647,1705684808,1705694649,1,9841,70
315,1705655647,1705684938,1705696385,1,11447,99
316,1705655647,1705684938,1705696317,1,11379,89
317,1705655647,1705685345,1705695183,1,9838,73
318,1705655648,1705685345,1705694775,1,9430,57
319,1705655648,1705685345,1705694914,1,9569,57
320,1705655648,1705685345,1705695021,1,9676,57
321,1705655649,1705685345,1705694366,1,9021,57
322,1705655649,1705685345,1705694162,1,8817,57
323,1705655649,1705685476,1705695216,1,9740,68
324,1705655650,1705685862,1705695455,1,9593,69
325,1705655650,1705685862,1705697226,1,11364,65
330,1705655988,1705656004,1705660998,1,4994,21
331,1705656126,1705656142,1705661138,1,4996,22
332,1705656206,1705656210,1705663111,1,6901,168
333,1705656318,1705656321,1705660557,1,4236,40
334,1705656327,1705656339,1705656952,1,613,120
335,1705656354,1705656363,1705656871,1,508,53
336,1705656485,1705656506,1705661520,1,5014,20
337,1705656500,1705656516,1705661507,1,4991,20
338,1705656584,1705656584,1705656628,2,44,17
339,1705656628,1705656641,1705661671,1,5030,23
340,1705656908,1705656909,1705659947,2,3038,27
341,1705657283,1705657290,1705657873,1,583,120
342,1705657491,1705657496,1705657739,2,243,23
343,1705657498,1705657501,1705657746,2,245,22
344,1705657506,1705657509,1705657783,2,274,26
345,1705657514,1705657517,1705657777,2,260,24
346,1705657521,1705657525,1705657777,2,252,24
347,1705657689,1705657703,1705657855,1,152,19
348,1705657892,1705657894,1705658657,5,763,28
349,1705657900,1705657906,1705708214,1,50308,49
350,1705657900,1705657906,1705658162,2,256,22
351,1705657907,1705657908,1705658156,2,248,23
352,1705657915,1705657916,1705658159,2,243,23
353,1705657922,1705657923,1705658474,2,551,24
354,1705657930,1705657931,1705658228,2,297,24
355,1705658062,1705684939,1705685056,1,117,85
356,1705658062,1705685074,1705685152,1,78,85
357,1705658062,1705685074,1705685174,1,100,86
358,1705658062,1705685074,1705685172,1,98,63
359,1705658063,1705685214,1705685296,1,82,16
360,1705658063,1705685214,1705685297,1,83,86
361,1705658063,1705685214,1705685313,1,99,57
362,1705658064,1705685346,1705685447,1,101,30
363,1705658064,1705685346,1705685430,1,84,65
364,1705658064,1705685346,1705685427,1,81,38
365,1705658065,1705685477,1705685561,1,84,30
366,1705658065,1705685477,1705685561,1,84,16
367,1705658065,1705685477,1705685561,1,84,29
368,1705658065,1705685477,1705685575,1,98,17
369,1705658066,1705685606,1705685688,1,82,24
370,1705658066,1705685606,1705685688,1,82,16
371,1705658066,1705685606,1705685688,1,82,17
372,1705658067,1705685735,1705685816,1,81,24
373,1705658067,1705685607,1705685689,1,82,17
374,1705658067,1705685735,1705685817,1,82,17
375,1705658068,1705685735,1705685832,1,97,65
376,1705658068,1705685735,1705685833,1,98,17
377,1705658068,1705685735,1705685814,1,79,18
378,1705658068,1705685735,1705685833,1,98,18
379,1705658069,1705685735,1705685813,1,78,17
380,1705658069,1705685735,1705685833,1,98,67
381,1705658069,1705685735,1705685832,1,97,17
382,1705658070,1705685735,1705685832,1,97,65
383,1705658070,1705685863,1705685946,1,83,24
384,1705658070,1705685863,1705685943,1,80,17
385,1705658071,1705685863,1705685943,1,80,36
386,1705658071,1705685863,1705685942,1,79,17
387,1705658071,1705685863,1705685943,1,80,18
388,1705658072,1705685992,1705686073,1,81,24
389,1705658072,1705685863,1705685942,1,79,18
390,1705658072,1705685863,1705685942,1,79,17
391,1705658072,1705685863,1705685942,1,79,66
392,1705658073,1705685863,1705685941,1,78,41
393,1705658073,1705685992,1705686073,1,81,17
394,1705658073,1705685992,1705686073,1,81,17
395,1705658074,1705685992,1705686073,1,81,18
396,1705658074,1705685992,1705686074,1,82,18
397,1705658074,1705685992,1705686074,1,82,17
398,1705658075,1705685992,1705686095,1,103,17
399,1705658075,1705685992,1705686073,1,81,19
400,1705658075,1705685992,1705686094,1,102,18
401,1705658075,1705685992,1705686095,1,103,18
402,1705658076,1705686121,1705686207,1,86,24
403,1705658076,1705686121,1705686209,1,88,16
404,1705658076,1705686121,1705686210,1,89,17
405,1705658077,1705686121,1705686207,1,86,17
406,1705658077,1705686121,1705686219,1,98,33
407,1705658077,1705686121,1705686207,1,86,17
408,1705658078,1705686249,1705686391,1,142,19
409,1705658078,1705686121,1705686207,1,86,16
410,1705658078,1705686121,1705686206,1,85,17
411,1705658078,1705686121,1705686217,1,96,18
412,1705658079,1705686121,1705686209,1,88,19
413,1705658079,1705686121,1705686216,1,95,18
414,1705658079,1705686249,1705686391,1,142,25
415,1705658080,1705686249,1705686393,1,144,18
416,1705658080,1705686249,1705686391,1,142,18
417,1705658080,1705686249,1705686391,1,142,19
418,1705658081,1705686249,1705686391,1,142,32
419,1705658081,1705686249,1705686391,1,142,18
420,1705658108,1705658109,1705675888,8,17779,95
421,1705658145,1705658146,1705658289,1,143,19
422,1705658282,1705658282,1705658313,1,31,18
423,1705658309,1705658310,1705658611,2,301,23
424,1705658316,1705658321,1705658688,2,367,23
425,1705658324,1705658325,1705658695,2,370,24
426,1705658331,1705658333,1705658674,2,341,22
427,1705658338,1705658339,1705658680,2,341,24
428,1705658721,1705658722,1705659058,2,336,22
429,1705658734,1705658735,1705659042,2,307,23
430,1705658745,1705658745,1705659062,2,317,23
431,1705658756,1705658757,1705658887,1,130,36
432,1705658756,1705658757,1705658948,2,191,24
433,1705658767,1705658768,1705658970,2,202,24
434,1705658810,1705658826,1705660030,1,1204,132
435,1705658842,1705658856,1705662483,1,3627,27
436,1705658903,1705658904,1705659052,1,148,18
437,1705659024,1705659024,1705659137,1,113,20
438,1705659065,1705659070,1705745493,1,86423,29
439,1705659097,1705659098,1705663189,1,4091,25
440,1705659097,1705659098,1705663189,1,4091,26
441,1705659154,1705659155,1705659458,2,303,24
442,1705659165,1705659166,1705659345,2,179,69
443,1705659168,1705699359,1705709971,256,10612,480
444,1705659170,1705701765,1705712300,256,10535,176
445,1705659171,1705709993,1705720615,256,10622,479
446,1705659173,1705712323,1705722889,256,10566,176
447,1705659174,1705720657,1705731252,256,10595,476
448,1705659176,1705659178,1705659463,2,285,22
449,1705659187,1705659188,1705659463,2,275,22
450,1705659198,1705659198,1705659460,2,262,23
451,1705659203,1705722912,1705733464,256,10552,381
452,1705659205,1705731291,1705741899,256,10608,476
453,1705659207,1705733489,1705743966,256,10477,382
454,1705659209,1705741918,1705752545,256,10627,473
455,1705659210,1705743991,1705754534,256,10543,382
456,1705659214,1705693937,1705694980,1,1043,26
2127,1705659214,1705693813,1705694905,1,1092,25
2128,1705659214,1705693813,1705694906,1,1093,25
2129,1705659214,1705693813,1705694905,1,1092,26
2133,1705659214,1705693937,1705694987,1,1050,47
457,1705659230,1705659231,1705659378,1,147,17
458,1705659340,1705659341,1705659485,1,144,17
459,1705659504,1705659504,1705659775,2,271,107
460,1705659579,1705659580,1705659835,2,255,23
461,1705659586,1705659587,1705659833,2,246,22
462,1705659594,1705659595,1705659770,2,175,22
463,1705659601,1705659607,1705659784,2,177,24
464,1705659613,1705659615,1705659853,2,238,69
465,1705659739,1705659792,1705659927,1,135,26
466,1705659745,1705659745,1705659832,1,87,16
467,1705659940,1705659964,1705660345,2,381,27
468,1705659943,1705659943,1705660046,1,103,26
469,1705659992,1705659993,1705660080,1,87,16
470,1705659997,1705659998,1705660241,2,243,23
471,1705660009,1705660009,1705660257,2,248,22
472,1705660019,1705660021,1705660256,2,235,22
473,1705660027,1705660036,1705660260,2,224,24
474,1705660035,1705660036,1705660250,2,214,69
475,1705660080,1705660086,1705746516,2,86430,91
476,1705660205,1705660214,1705660288,1,74,67
477,1705660275,1705660276,1705660436,1,160,27
478,1705660330,1705660355,1705661913,2,1558,39
479,1705660414,1705660420,1705660600,2,180,23
480,1705660421,1705660428,1705660643,2,215,22
481,1705660428,1705660429,1705660633,2,204,22
482,1705660436,1705660444,1705660654,2,210,44
483,1705660443,1705660444,1705660647,2,203,44
484,1705660581,1705660582,1705660639,1,57,68
485,1705660795,1705660795,1705660970,1,175,25
486,1705660808,1705660810,1705671647,1,10837,36
487,1705660824,1705660824,1705661026,2,202,22
488,1705660832,1705660838,1705661018,2,180,22
489,1705660834,1705660838,1705660917,2,79,31
490,1705660841,1705660841,1705661027,2,186,22
491,1705660841,1705660842,1705690452,1,29610,133
492,1705660848,1705660849,1705661071,2,222,44
493,1705660856,1705660857,1705661042,2,185,40
494,1705660875,1705660934,1705661931,2,997,31
495,1705660894,1705660896,1705660968,5,72,64
496,1705660987,1705660988,1705661078,2,90,25
497,1705660998,1705661091,1705666104,1,5013,22
498,1705661044,1705661094,1705664738,4,3644,54
499,1705661057,1705661059,1705661274,2,215,23
500,1705661138,1705661215,1705666243,1,5028,21
501,1705661142,1705661143,1705688161,1,27018,36
502,1705661148,1705661149,1705661315,1,166,18
503,1705661267,1705661268,1705688311,1,27043,54
504,1705661306,1705661307,1705661862,5,555,57
505,1705661314,1705661325,1705662630,1,1305,122
506,1705661347,1705661348,1705665395,1,4047,32
507,1705661394,1705661464,1705665069,1,3605,491
508,1705661507,1705661711,1705666763,1,5052,22
509,1705661520,1705661587,1705666643,1,5056,20
510,1705661522,1705661525,1705661780,2,255,104
511,1705661671,1705661711,1705666763,1,5052,21
512,1705661836,1705661962,1705669180,1,7218,19
513,1705661836,1705661962,1705669180,1,7218,17
514,1705661850,1705661850,1705661935,1,85,18
515,1705662088,1705662091,1705662358,1,267,17
516,1705662192,1705662192,1705663434,2,1242,30
517,1705662276,1705662277,1705667711,1,5434,43
518,1705662430,1705662459,1705662500,2,41,18
519,1705662430,1705662459,1705662537,8,78,18
520,1705662430,1705662459,1705662537,8,78,21
521,1705662431,1705662459,1705662537,8,78,19
522,1705662431,1705662459,1705662602,4,143,29
523,1705662431,1705664821,1705668463,4,3642,32
524,1705662431,1705662459,1705662537,8,78,56
525,1705662432,1705662459,1705662537,8,78,19
526,1705662510,1705662580,1705663087,2,507,62
527,1705662522,1705662580,1705663090,2,510,62
528,1705662533,1705662580,1705663101,2,521,62
529,1705662545,1705662580,1705663104,2,524,62
530,1705662556,1705662580,1705663108,2,528,62
531,1705662585,1705662586,1705663024,5,438,21
532,1705662674,1705662831,1705666481,2,3650,33
533,1705662675,1705662831,1705666481,2,3650,30
534,1705662675,1705662708,1705666330,2,3622,34
535,1705662675,1705662708,1705666330,2,3622,55
536,1705662675,1705662708,1705666330,2,3622,33
537,1705662676,1705662708,1705666330,2,3622,33
538,1705662676,1705662708,1705666330,2,3622,34
539,1705662865,1705662882,1705664086,1,1204,131
540,1705662865,1705662953,1705664797,1,1844,28
541,1705662884,1705662952,1705670182,1,7230,25
542,1705663116,1705663173,1705670413,1,7240,190
543,1705663176,1705663200,1705663720,2,520,62
544,1705663176,1705663186,1705663280,1,94,17
545,1705663186,1705663200,1705663747,2,547,62
546,1705663197,1705663324,1705663847,2,523,63
547,1705663208,1705663324,1705663834,2,510,61
548,1705663219,1705663324,1705663844,2,520,63
549,1705663265,1705663265,1705674068,1,10803,32
550,1705663283,1705663324,1705670574,1,7250,22
551,1705663363,1705663449,1705670696,1,7247,27
552,1705663447,1705783117,1705783657,6,540,86
553,1705663474,1705663477,1705666734,1,3257,59
554,1705663522,1705663522,1705665315,1,1793,21
555,1705663646,1705663647,1705674499,1,10852,25
556,1705663652,1705663653,1705664019,1,366,18
557,1705663952,1705663953,1705666875,8,2922,69
558,1705664108,1705664108,1705667006,8,2898,32
559,1705664138,1705664194,1705664742,2,548,62
560,1705664149,1705664194,1705664746,2,552,62
561,1705664160,1705664194,1705664743,2,549,67
562,1705664170,1705664194,1705664741,2,547,86
563,1705664172,1705664175,1705664483,1,308,68
564,1705664181,1705664194,1705664742,2,548,78
565,1705664417,1705664442,1705664752,5,310,22
566,1705664734,1705664758,1705665206,1,448,34
567,1705664735,1705664820,1705674626,1,9806,23
568,1705664799,1705664818,1705665327,2,509,62
569,1705664810,1705664818,1705665339,2,521,63
570,1705664821,1705664942,1705665459,2,517,63
571,1705664832,1705664942,1705665461,2,519,62
572,1705664842,1705664942,1705665452,2,510,62
573,1705664900,1705699174,1705785003,60,85829,63
574,1705665312,1705665314,1705669607,1,4293,491
575,1705665337,1705665344,1705667135,1,1791,31
576,1705665464,1705665567,1705666077,2,510,62
577,1705665474,1705665567,1705666083,2,516,62
578,1705665484,1705665692,1705666209,2,517,62
579,1705665494,1705665567,1705666075,2,508,62
580,1705665495,1705665567,1705666245,5,678,41
581,1705665504,1705665567,1705666074,2,507,62
582,1705665510,1705665512,1705665660,1,148,18
583,1705665700,1705665818,1705674164,1,8346,22
584,1705665770,1705665772,1705665817,1,45,17
585,1705665872,1705665872,1705679539,1,13667,85
586,1705665954,1705666067,1705669692,1,3625,28
587,1705666104,1705666191,1705671243,1,5052,22
588,1705666117,1705666118,1705666156,1,38,17
589,1705666128,1705666190,1705666692,2,502,62
590,1705666144,1705666190,1705666715,2,525,63
591,1705666159,1705666190,1705666696,2,506,73
592,1705666175,1705666190,1705666713,2,523,62
593,1705666191,1705666314,1705666834,2,520,62
594,1705666243,1705666315,1705671344,1,5029,21
595,1705666283,1705666314,1705666923,5,609,21
596,1705666298,1705666299,1705666513,1,214,20
597,1705666643,1705666690,1705671711,1,5021,20
598,1705666762,1705666815,1705671828,1,5013,22
599,1705666762,1705666815,1705671851,1,5036,21
600,1705666793,1705666794,1705666820,1,26,22
601,1705666846,1705669455,1705669624,1,169,22
602,1705666927,1705666939,1705687198,1,20259,31
603,1705666934,1705666939,1705687201,1,20262,33
604,1705667030,1705667030,1705667184,1,154,18
605,1705667119,1705667191,1705667695,2,504,73
606,1705667133,1705667191,1705667705,2,514,62
607,1705667147,1705667191,1705667694,2,503,63
608,1705667162,1705667191,1705667708,2,517,62
609,1705667175,1705667191,1705667707,2,516,64
610,1705667194,1705667194,1705674385,1,7191,23
611,1705667225,1705668832,1705689106,1,20274,31
612,1705667228,1705668832,1705689116,1,20284,33
613,1705667231,1705668832,1705689091,1,20259,32
614,1705667239,1705668957,1705689168,1,20211,58
615,1705667240,1705668957,1705689189,1,20232,32
616,1705667279,1705667316,1705667732,5,416,34
617,1705667290,1705667290,1705667386,1,96,18
618,1705667323,1705667323,1705674568,1,7245,58
619,1705667333,1705667333,1705667453,1,120,30
620,1705667636,1705667636,1705667746,1,110,18
621,1705667710,1705667826,1705668284,5,458,37
622,1705667799,1705667827,1705668342,2,515,73
623,1705667810,1705667827,1705668334,2,507,62
624,1705667821,1705667827,1705668332,2,505,63
625,1705667830,1705667952,1705668502,2,550,62
626,1705667840,1705668079,1705668618,2,539,63
627,1705667950,1705667954,1705668043,1,89,18
628,1705668100,1705668153,1705675384,1,7231,356
629,1705668301,1705668302,1705668351,1,49,30
630,1705668513,1705668519,1705668679,1,160,20
631,1705668513,1705668519,1705668677,1,158,30
632,1705668514,1705668519,1705668677,1,158,30
633,1705668514,1705668519,1705668677,1,158,17
634,1705668514,1705668693,1705668767,1,74,17
635,1705668515,1705668693,1705668790,1,97,30
636,1705668515,1705668694,1705668767,1,73,30
637,1705668515,1705668694,1705668767,1,73,30
638,1705668516,1705668778,1705668854,1,76,20
639,1705668516,1705668796,1705668869,1,73,40
640,1705668517,1705668874,1705668948,1,74,21
641,1705668517,1705668874,1705668948,1,74,21
642,1705668517,1705668874,1705668948,1,74,31
643,1705668518,1705668876,1705668949,1,73,30
644,1705668518,1705668966,1705669047,1,81,54
645,1705668518,1705668958,1705669041,1,83,54
646,1705668519,1705669018,1705669097,1,79,21
647,1705668519,1705669018,1705669098,1,80,21
648,1705668519,1705669058,1705669130,1,72,54
649,1705668519,1705669064,1705669144,1,80,30
650,1705668520,1705669104,1705669177,1,73,54
651,1705668520,1705669114,1705669187,1,73,21
652,1705668520,1705669136,1705669209,1,73,18
653,1705668521,1705669153,1705669228,1,75,18
654,1705668521,1705669207,1705669281,1,74,18
655,1705668521,1705669207,1705669306,1,99,17
656,1705668522,1705669226,1705669299,1,73,18
657,1705668522,1705669261,1705669353,1,92,17
658,1705668522,1705669298,1705669371,1,73,18
659,1705668522,1705669304,1705669377,1,73,30
660,1705668523,1705669315,1705669389,1,74,17
661,1705668523,1705669361,1705669440,1,79,17
662,1705668523,1705669388,1705669469,1,81,18
663,1705668524,1705669388,1705669466,1,78,63
664,1705668524,1705669398,1705669477,1,79,30
665,1705668524,1705669452,1705669532,1,80,18
666,1705668525,1705669474,1705669553,1,79,25
667,1705668525,1705669474,1705669547,1,73,57
668,1705668525,1705669482,1705669557,1,75,18
669,1705668525,1705669541,1705669620,1,79,18
670,1705668526,1705669563,1705669644,1,81,57
671,1705668526,1705669563,1705669644,1,81,30
672,1705668526,1705669563,1705669645,1,82,45
673,1705668527,1705669630,1705669712,1,82,60
674,1705668527,1705669654,1705669729,1,75,18
675,1705668527,1705668587,1705672221,4,3634,33
676,1705668527,1705669654,1705669738,1,84,18
677,1705668527,1705668587,1705672221,4,3634,33
678,1705668528,1705668587,1705672221,4,3634,34
679,1705668528,1705669660,1705669734,1,74,17
680,1705668528,1705668587,1705672221,4,3634,33
681,1705668528,1705669723,1705669797,1,74,45
682,1705668528,1705668587,1705672221,4,3634,38
683,1705668528,1705669746,1705669819,1,73,18
684,1705668529,1705668587,1705672221,4,3634,65
685,1705668529,1705669746,1705669820,1,74,57
686,1705668529,1705668587,1705672221,4,3634,35
687,1705668529,1705669746,1705669820,1,74,30
688,1705668529,1705668587,1705672221,4,3634,32
689,1705668529,1705669802,1705669881,1,79,17
690,1705668529,1705669825,1705669905,1,80,75
691,1705668530,1705669836,1705669915,1,79,30
692,1705668530,1705669836,1705669914,1,78,23
693,1705668531,1705669926,1705670007,1,81,41
694,1705668531,1705669926,1705669999,1,73,17
695,1705668531,1705669926,1705669999,1,73,17
696,1705668531,1705669931,1705670004,1,73,23
697,1705668532,1705670014,1705670088,1,74,30
698,1705668532,1705670015,1705670091,1,76,17
699,1705668532,1705670016,1705670092,1,76,17
700,1705668533,1705670020,1705670097,1,77,23
701,1705668584,1705668708,1705668982,5,274,24
702,1705668587,1705673529,1705677158,4,3629,36
703,1705668588,1705673529,1705677158,4,3629,36
704,1705668588,1705672236,1705675864,4,3628,32
705,1705668588,1705673529,1705677158,4,3629,36
706,1705668588,1705673529,1705677159,4,3630,36
707,1705668589,1705673529,1705677158,4,3629,39
708,1705668589,1705673529,1705677158,4,3629,36
709,1705668589,1705673529,1705677158,4,3629,35
710,1705668682,1705668695,1705668736,1,41,20
711,1705668778,1705668833,1705669362,2,529,64
712,1705668792,1705668833,1705669344,2,511,73
713,1705668802,1705668833,1705669339,2,506,62
714,1705668811,1705668833,1705669341,2,508,62
715,1705668821,1705668833,1705669339,2,506,62
716,1705668951,1705668964,1705669002,3,38,31
717,1705669201,1705669455,1705683530,3,14075,87
718,1705669207,1705669331,1705670189,5,858,26
719,1705669438,1705669455,1705669974,2,519,73
720,1705669490,1705669491,1705669525,1,34,18
721,1705669530,1705669531,1705672609,1,3078,19
722,1705669589,1705669589,1705673933,1,4344,19
723,1705669589,1705674052,1705695761,1,21709,33
724,1705669589,1705699047,1705720803,1,21756,21
725,1705669589,1705730910,1705752643,1,21733,19
726,1705669590,1705771354,1705793092,1,21738,19
727,1705669590,1705793108,1705814802,1,21694,18
728,1705669590,1705669593,1705673938,1,4345,18
729,1705669591,1705674315,1705696018,1,21703,18
730,1705669591,1705699175,1705720968,1,21793,20
731,1705669591,1705730910,1705752626,1,21716,57
732,1705669591,1705771354,1705793086,1,21732,41
733,1705669592,1705793103,1705814800,1,21697,18
734,1705669592,1705669593,1705673943,1,4350,31
735,1705669592,1705674315,1705696022,1,21707,18
736,1705669593,1705699175,1705720912,1,21737,19
737,1705669593,1705731033,1705752745,1,21712,19
738,1705669593,1705771840,1705793556,1,21716,19
739,1705669594,1705793572,1705815318,1,21746,23
740,1705669594,1705669594,1705673791,1,4197,19
741,1705669594,1705673919,1705695169,1,21250,486
742,1705669595,1705699175,1705720417,1,21242,28
743,1705669595,1705730536,1705751825,1,21289,18
744,1705669595,1705770502,1705791762,1,21260,18
745,1705669595,1705791956,1705813232,1,21276,22
746,1705669596,1705669602,1705673795,1,4193,18
747,1705669596,1705673919,1705695205,1,21286,24
748,1705669596,1705699175,1705720470,1,21295,91
749,1705669597,1705730536,1705751775,1,21239,18
750,1705669597,1705770127,1705791370,1,21243,18
751,1705669597,1705791605,1705812859,1,21254,23
752,1705669597,1705669602,1705673816,1,4214,19
753,1705669598,1705673919,1705695167,1,21248,19
754,1705669598,1705699175,1705720454,1,21279,95
755,1705669598,1705730536,1705751764,1,21228,20
756,1705669599,1705770257,1705791536,1,21279,44
757,1705669599,1705791956,1705813216,1,21260,22
758,1705669599,1705669602,1705673721,1,4119,18
759,1705669599,1705673788,1705694833,1,21045,24
760,1705669600,1705698923,1705719818,1,20895,19
761,1705669600,1705730536,1705751418,1,20882,36
762,1705669600,1705770127,1705791066,1,20939,18
763,1705669601,1705791566,1705812497,1,20931,20
764,1705669601,1705669602,1705673736,1,4134,18
765,1705669601,1705673788,1705694769,1,20981,19
766,1705669601,1705698923,1705719814,1,20891,20
767,1705669602,1705730536,1705751342,1,20806,19
768,1705669602,1705769762,1705790636,1,20874,19
769,1705669602,1705790652,1705811536,1,20884,19
770,1705669603,1705669606,1705673730,1,4124,20
771,1705669603,1705673788,1705694820,1,21032,19
772,1705669603,1705698923,1705719790,1,20867,18
773,1705669603,1705730412,1705751292,1,20880,17
774,1705669604,1705769151,1705789980,1,20829,19
775,1705669604,1705789997,1705810866,1,20869,19
776,1705669604,1705669606,1705673927,1,4321,33
777,1705669605,1705674315,1705695745,1,21430,19
778,1705669605,1705699175,1705720639,1,21464,21
779,1705669605,1705730783,1705752253,1,21470,18
780,1705669605,1705771232,1705792686,1,21454,19
781,1705669606,1705792707,1705814158,1,21451,21
782,1705669606,1705669606,1705673931,1,4325,18
783,1705669606,1705674315,1705695775,1,21460,40
784,1705669607,1705699047,1705720496,1,21449,20
785,1705669607,1705730536,1705751977,1,21441,19
786,1705669607,1705771111,1705792514,1,21403,19
787,1705669608,1705792545,1705814007,1,21462,18
788,1705669608,1705669618,1705673941,1,4323,21
789,1705669608,1705674315,1705695799,1,21484,56
790,1705669609,1705699175,1705720620,1,21445,25
791,1705669609,1705730659,1705752155,1,21496,43
792,1705669609,1705771232,1705792676,1,21444,21
793,1705669609,1705792697,1705814152,1,21455,17
794,1705669610,1705669618,1705673925,1,4307,19
795,1705669610,1705674315,1705695704,1,21389,19
796,1705669610,1705699047,1705720408,1,21361,23
797,1705669611,1705730536,1705751867,1,21331,19
798,1705669611,1705770623,1705791943,1,21320,30
799,1705669611,1705791960,1705813263,1,21303,30
800,1705669611,1705669618,1705673925,1,4307,40
801,1705669612,1705674315,1705695711,1,21396,21
802,1705669612,1705699175,1705720508,1,21333,19
803,1705669612,1705730536,1705751891,1,21355,18
804,1705669613,1705770744,1705792104,1,21360,41
805,1705669613,1705792125,1705813471,1,21346,41
806,1705669613,1705669618,1705673930,1,4312,55
807,1705669613,1705674315,1705695689,1,21374,20
808,1705669614,1705699047,1705720465,1,21418,19
809,1705669614,1705730536,1705751879,1,21343,21
810,1705669614,1705771111,1705792506,1,21395,17
811,1705669615,1705792524,1705813818,1,21294,41
812,1705669615,1705669618,1705673838,1,4220,24
813,1705669615,1705673919,1705695196,1,21277,20
814,1705669615,1705699175,1705720461,1,21286,23
815,1705669616,1705730536,1705751757,1,21221,18
816,1705669616,1705770127,1705791368,1,21241,19
817,1705669616,1705791629,1705812826,1,21197,20
818,1705669617,1705669618,1705673813,1,4195,18
819,1705669617,1705673919,1705695135,1,21216,18
820,1705669617,1705698923,1705720186,1,21263,19
821,1705669618,1705730536,1705751708,1,21172,19
822,1705669618,1705770127,1705791392,1,21265,20
823,1705669618,1705791956,1705813122,1,21166,23
824,1705669618,1705669630,1705673843,1,4213,490
825,1705669619,1705673919,1705695163,1,21244,25
826,1705669619,1705699175,1705720465,1,21290,94
827,1705669619,1705730536,1705751784,1,21248,18
828,1705669620,1705770380,1705791589,1,21209,23
829,1705669620,1705791956,1705813201,1,21245,22
830,1705669777,1705669778,1705671145,1,1367,18
831,1705670019,1705670036,1705670063,1,27,41
832,1705670084,1705670085,1705670120,1,35,41
833,1705670117,1705670118,1705670464,1,346,23
834,1705670153,1705670154,1705670217,1,63,18
835,1705670182,1705670198,1705677438,1,7240,31
836,1705670218,1705672102,1705712467,1,40365,41
837,1705670296,1705670322,1705670804,16,482,68
838,1705670478,1705670479,1705677100,1,6621,36
839,1705670503,1705670504,1705672252,1,1748,19
840,1705670543,1705670559,1705670594,1,35,17
841,1705670548,1705670569,1705670621,1,52,18
842,1705670574,1705670827,1705678068,1,7241,22
843,1705670577,1705670578,1705673401,64,2823,74
844,1705670612,1705671995,1705693631,64,21636,96
845,1705670645,1705670645,1705670723,1,78,51
846,1705670645,1705670645,1705670723,1,78,17
847,1705670645,1705670649,1705670724,1,75,18
848,1705670646,1705670734,1705670834,1,100,17
849,1705670646,1705670741,1705670815,1,74,18
850,1705670646,1705670741,1705670814,1,73,51
851,1705670646,1705670830,1705670903,1,73,17
852,1705670647,1705670832,1705670905,1,73,45
853,1705670647,1705670850,1705670923,1,73,18
854,1705670647,1705670911,1705670987,1,76,18
855,1705670648,1705670919,1705670993,1,74,18
856,1705670648,1705670929,1705671003,1,74,18
857,1705670648,1705671009,1705671086,1,77,18
858,1705670649,1705671009,1705671083,1,74,18
859,1705670649,1705671009,1705671086,1,77,17
860,1705670696,1705671339,1705678581,1,7242,27
861,1705670805,1705670826,1705672015,1,1189,37
862,1705670877,1705670955,1705671121,5,166,20
863,1705670945,1705672878,1705751637,1,78759,47
864,1705670954,1705672878,1705734842,1,61964,47
865,1705671099,1705693937,1705695888,2,1951,88
866,1705671205,1705671339,1705671726,5,387,25
867,1705671243,1705671467,1705676461,1,4994,21
868,1705671259,1705671259,1705671343,1,84,17
869,1705671259,1705671259,1705671340,1,81,18
870,1705671259,1705671260,1705671343,1,83,18
871,1705671259,1705671349,1705671445,1,96,18
872,1705671260,1705671361,1705671437,1,76,18
873,1705671260,1705671361,1705671438,1,77,18
874,1705671260,1705671454,1705671535,1,81,17
875,1705671261,1705671454,1705671534,1,80,18
876,1705671261,1705671454,1705671539,1,85,17
877,1705671261,1705671551,1705671632,1,81,17
878,1705671262,1705671551,1705671635,1,84,17
879,1705671262,1705671551,1705671634,1,83,17
880,1705671262,1705671656,1705671732,1,76,17
881,1705671262,1705671656,1705671740,1,84,18
882,1705671263,1705671656,1705671732,1,76,17
883,1705671263,1705671748,1705671824,1,76,17
884,1705671263,1705671748,1705671831,1,83,17
885,1705671264,1705671748,1705671824,1,76,17
886,1705671264,1705671840,1705671915,1,75,17
887,1705671264,1705671841,1705671917,1,76,17
888,1705671265,1705671846,1705671924,1,78,19
889,1705671265,1705671934,1705672009,1,75,18
890,1705671265,1705671940,1705672016,1,76,19
891,1705671266,1705671983,1705672059,1,76,18
892,1705671266,1705672032,1705672108,1,76,18
893,1705671266,1705672075,1705672151,1,76,18
894,1705671266,1705672076,1705672154,1,78,42
895,1705671267,1705672124,1705672202,1,78,18
896,1705671267,1705672167,1705672267,1,100,111
897,1705671267,1705672167,1705672243,1,76,50
898,1705671268,1705672233,1705672316,1,83,19
899,1705671268,1705672259,1705672341,1,82,17
900,1705671268,1705672283,1705672366,1,83,36
901,1705671269,1705672313,1705672417,1,104,18
902,1705671269,1705672333,1705672409,1,76,18
903,1705671269,1705672396,1705672475,1,79,17
904,1705671270,1705672396,1705672473,1,77,35
905,1705671270,1705672425,1705672502,1,77,18
906,1705671270,1705672434,1705672513,1,79,18
907,1705671270,1705672529,1705672611,1,82,17
908,1705671271,1705672566,1705672665,1,99,18
909,1705671271,1705672723,1705672809,1,86,18
910,1705671272,1705672732,1705672830,1,98,88
911,1705671272,1705672732,1705672832,1,100,117
912,1705671272,1705672846,1705672927,1,81,17
913,1705671272,1705672847,1705672924,1,77,36
914,1705671273,1705672849,1705672925,1,76,66
915,1705671273,1705672879,1705672961,1,82,53
916,1705671273,1705672940,1705673024,1,84,18
917,1705671274,1705672941,1705673016,1,75,19
918,1705671274,1705672942,1705673018,1,76,19
919,1705671274,1705673041,1705673116,1,75,18
920,1705671275,1705673295,1705673371,1,76,18
921,1705671275,1705673300,1705673401,1,101,18
922,1705671275,1705673837,1705673912,1,75,34
923,1705671276,1705673948,1705674032,1,84,34
924,1705671276,1705673984,1705674071,1,87,18
925,1705671276,1705674053,1705674130,1,77,18
926,1705671277,1705674088,1705674164,1,76,18
927,1705671277,1705674135,1705674235,1,100,17
928,1705671277,1705674146,1705674222,1,76,83
929,1705671277,1705674187,1705674264,1,77,37
930,1705671278,1705674251,1705674326,1,75,17
931,1705671278,1705674251,1705674326,1,75,18
932,1705671278,1705674343,1705674418,1,75,18
933,1705671344,1705671848,1705676856,1,5008,21
934,1705671493,1705671494,1705671607,1,113,18
935,1705671629,1705680900,1705682060,1,1160,25
936,1705671711,1705671848,1705676876,1,5028,21
937,1705671743,1705671748,1705671901,1,153,18
938,1705671785,1705671847,1705672265,5,418,23
939,1705671828,1705671848,1705676856,1,5008,21
940,1705671851,1705672105,1705677131,1,5026,22
941,1705671883,1705671901,1705672111,2,210,111
942,1705672053,1705672236,1705677063,1,4827,19
943,1705672053,1705672236,1705677063,1,4827,17
944,1705672126,1705672232,1705672768,2,536,59
945,1705672328,1705672943,1705673014,1,71,52
946,1705672458,1705672519,1705672708,2,189,117
947,1705672473,1705672879,1705673045,5,166,23
948,1705672609,1705672681,1705672830,2,149,18
949,1705672646,1705698794,1705699260,4,466,42
2190,1705672646,1705698295,1705698781,4,486,24
2193,1705672646,1705698419,1705698886,4,467,27
2198,1705672646,1705698545,1705783181,4,84636,26
2199,1705672646,1705698545,1705783181,4,84636,39
950,1705672756,1705754556,1705757853,256,3297,382
951,1705672758,1705757876,1705761162,256,3286,381
952,1705672759,1705761196,1705764471,256,3275,381
953,1705672761,1705764494,1705767770,256,3276,382
954,1705672763,1705767793,1705771055,256,3262,382
955,1705672770,1705769428,1705771155,256,1727,473
956,1705672772,1705771076,1705772770,256,1694,381
957,1705672773,1705771192,1705772904,256,1712,473
958,1705672775,1705772792,1705774480,256,1688,382
959,1705672776,1705772942,1705774641,256,1699,473
960,1705672826,1705673524,1705676873,8,3349,23
961,1705672959,1705672978,1705673002,1,24,18
962,1705672963,1705673034,1705673231,2,197,131
963,1705673024,1705673030,1705673348,2,318,52
964,1705673080,1705673133,1705673212,1,79,18
965,1705673149,1705673265,1705673639,5,374,31
966,1705673152,1705674685,1705678329,1,3644,17
967,1705673192,1705673213,1705673279,1,66,18
968,1705673311,1705673394,1705673928,2,534,72
969,1705673317,1705673422,1705675085,2,1663,232
970,1705673351,1705673365,1705673612,2,247,18
971,1705673469,1705677335,1705698976,64,21641,68
972,1705673488,1705673644,1705674118,1,474,33
973,1705673517,1705678541,1705680385,4,1844,148
974,1705673518,1705683112,1705683529,4,417,129
975,1705673618,1705673629,1705673821,2,192,18
976,1705673880,1705673906,1705673967,1,61,18
977,1705674065,1705674186,1705675746,5,1560,49
978,1705674197,1705694675,1705695012,1,337,58
979,1705674252,1705674281,1705674597,1,316,37
980,1705674330,1705674342,1705674670,1,328,19
981,1705674353,1705674402,1705675319,1,917,23
982,1705674458,1705674491,1705674669,1,178,17
983,1705674463,1705674574,1705674845,2,271,25
984,1705674488,1705699308,1705699515,32,207,423
985,1705674573,1705674702,1705675117,1,415,30
986,1705674601,1705674702,1705675350,1,648,28
987,1705674630,1705674649,1705674702,1,53,18
988,1705674772,1705674772,1705674811,1,39,17
989,1705674793,1705674828,1705674912,1,84,17
990,1705674794,1705675158,1705675234,1,76,18
991,1705674795,1705675330,1705675434,1,104,17
992,1705674795,1705675335,1705675417,1,82,19
993,1705674796,1705675397,1705675491,1,94,18
994,1705674796,1705675399,1705675494,1,95,18
995,1705674797,1705675451,1705675527,1,76,53
996,1705674798,1705675507,1705675584,1,77,18
997,1705674798,1705675510,1705675589,1,79,18
998,1705674799,1705675546,1705675622,1,76,53
999,1705674800,1705675605,1705675680,1,75,19
1000,1705674800,1705675650,1705675726,1,76,29
1001,1705674801,1705675650,1705675726,1,76,17
1002,1705674801,1705675693,1705675769,1,76,42
1003,1705674802,1705675697,1705675774,1,77,63
1004,1705674803,1705675751,1705675827,1,76,18
1005,1705674803,1705675751,1705675827,1,76,20
1006,1705674804,1705675785,1705675860,1,75,42
1007,1705674805,1705675790,1705675867,1,77,63
1008,1705674805,1705675843,1705675923,1,80,20
1009,1705674806,1705675844,1705675927,1,83,18
1010,1705674806,1705675884,1705675967,1,83,18
1011,1705674807,1705675944,1705676023,1,79,43
1012,1705674808,1705675944,1705676023,1,79,18
1013,1705674808,1705675954,1705676036,1,82,17
1014,1705674809,1705675984,1705676065,1,81,24
1015,1705674809,1705676047,1705676129,1,82,40
1016,1705674810,1705676047,1705676128,1,81,41
1017,1705674811,1705676052,1705676134,1,82,84
1018,1705674811,1705676081,1705676163,1,82,18
1019,1705674812,1705676146,1705676224,1,78,40
1020,1705674812,1705676146,1705676224,1,78,41
1021,1705674812,1705676151,1705676229,1,78,84
1022,1705674813,1705676179,1705676258,1,79,56
1023,1705674813,1705676245,1705676327,1,82,23
1024,1705674813,1705676276,1705676362,1,86,66
1025,1705674814,1705676343,1705676425,1,82,17
1026,1705674814,1705676378,1705676460,1,82,66
1027,1705674814,1705676441,1705676517,1,76,17
1028,1705674815,1705676476,1705676552,1,76,18
1029,1705674815,1705676533,1705676610,1,77,53
1030,1705674815,1705676534,1705676617,1,83,58
1031,1705674816,1705676534,1705676618,1,84,56
1032,1705674816,1705676568,1705676644,1,76,18
1033,1705674817,1705676626,1705676702,1,76,18
1034,1705674817,1705676634,1705676710,1,76,58
1035,1705674817,1705676634,1705676710,1,76,56
1036,1705674818,1705676661,1705676739,1,78,57
1037,1705674818,1705676754,1705676859,1,105,63
1038,1705674818,1705676755,1705676832,1,77,57
1039,1705674819,1705676757,1705676832,1,75,18
1040,1705674819,1705676875,1705676951,1,76,63
1041,1705674819,1705676896,1705676972,1,76,18
1042,1705674820,1705676896,1705676972,1,76,17
1043,1705674820,1705676989,1705677065,1,76,18
1044,1705674820,1705677026,1705677166,1,140,17
1045,1705674821,1705677026,1705677166,1,140,17
1046,1705674821,1705677080,1705677179,1,99,17
1047,1705674821,1705677082,1705677158,1,76,18
1048,1705674822,1705677175,1705677251,1,76,18
1049,1705674822,1705677175,1705677268,1,93,43
1050,1705674823,1705677175,1705677270,1,95,30
1051,1705674823,1705677190,1705677267,1,77,31
1052,1705674823,1705677265,1705677361,1,96,17
1053,1705674824,1705677279,1705677354,1,75,18
1054,1705674864,1705674887,1705675307,1,420,18
1055,1705674866,1705675102,1705675383,1,281,230
1056,1705674928,1705674928,1705675092,1,164,18
1057,1705675000,1705676683,1705676738,1,55,17
1058,1705675034,1705675102,1705675314,1,212,229
1059,1705675102,1705682846,1705706796,1,23950,32
1060,1705675102,1705682846,1705706736,1,23890,28
1061,1705675102,1705682846,1705706772,1,23926,28
1062,1705675103,1705682846,1705706749,1,23903,32
1063,1705675103,1705686121,1705710135,1,24014,31
1064,1705675103,1705682846,1705706750,1,23904,29
1065,1705675103,1705682846,1705706825,1,23979,31
1066,1705675104,1705682846,1705706642,1,23796,28
1067,1705675104,1705682846,1705706764,1,23918,30
1068,1705675104,1705685993,1705709821,1,23828,29
1069,1705675104,1705685993,1705709835,1,23842,42
1070,1705675105,1705686121,1705709973,1,23852,28
1071,1705675105,1705686249,1705710081,1,23832,29
1072,1705675105,1705686249,1705710051,1,23802,28
1073,1705675106,1705686249,1705710056,1,23807,29
1074,1705675106,1705686249,1705710106,1,23857,28
1075,1705675116,1705675480,1705676252,1,772,18
1076,1705675216,1705675254,1705675937,1,683,18
1077,1705675238,1705675324,1705676665,1,1341,25
1078,1705675256,1705693937,1705696058,1,2121,52
1079,1705675263,1705694060,1705696120,1,2060,47
1080,1705675332,1705686514,1705715252,1,28738,33
1081,1705675333,1705686514,1705715257,1,28743,33
1082,1705675333,1705686514,1705715252,1,28738,28
1083,1705675333,1705686514,1705715252,1,28738,28
1084,1705675333,1705686514,1705715257,1,28743,28
1085,1705675334,1705686514,1705715252,1,28738,33
1086,1705675334,1705686514,1705715256,1,28742,28
1087,1705675334,1705686642,1705715257,1,28615,38
1088,1705675403,1705675447,1705675634,1,187,18
1089,1705675413,1705681288,1705692357,1,11069,32
1090,1705675432,1705675478,1705676103,2,625,31
1091,1705675523,1705675615,1705690053,1,14438,43
1092,1705675524,1705675609,1705675637,1,28,30
1093,1705675530,1705675615,1705690053,1,14438,43
1094,1705675595,1705675601,1705675667,1,66,18
1095,1705675734,1705675747,1705675888,4,141,45
1096,1705675845,1705675876,1705678867,1,2991,37
1097,1705675925,1705681288,1705724525,1,43237,88
1098,1705676051,1705693937,1705779510,1,85573,31
1099,1705676153,1705677213,1705680861,4,3648,41
1100,1705676153,1705677345,1705680983,4,3638,37
1101,1705676153,1705676284,1705679928,4,3644,54
1102,1705676154,1705677345,1705680982,4,3637,37
1103,1705676154,1705677345,1705680982,4,3637,48
1104,1705676154,1705677474,1705681101,4,3627,34
1105,1705676154,1705677474,1705681101,4,3627,37
1106,1705676155,1705678802,1705682423,4,3621,32
1107,1705676207,1705676241,1705676518,2,277,37
1108,1705676442,1705676539,1705677249,2,710,48
1109,1705676461,1705676543,1705681615,1,5072,21
1110,1705676473,1705678139,1705678657,5,518,25
1111,1705676500,1705676545,1705678749,1,2204,46
1112,1705676706,1705676727,1705676791,2,64,19
1113,1705676795,1705676848,1705676936,2,88,19
1114,1705676812,1705693764,1705693818,1,54,22
1115,1705676856,1705676942,1705681988,1,5046,21
1116,1705676856,1705676942,1705681988,1,5046,37
1117,1705676876,1705676942,1705681988,1,5046,21
1118,1705676886,1705676950,1705677371,1,421,19
1119,1705676897,1705693940,1705764853,16,70913,34
1120,1705676934,1705676988,1705677227,2,239,112
1121,1705677046,1705677078,1705677209,4,131,24
1122,1705677126,1705677208,1705679375,1,2167,44
1123,1705677131,1705677206,1705682311,1,5105,20
1124,1705677189,1705677341,1705679845,2,2504,90
1125,1705677192,1705699175,1705783809,4,84634,26
1126,1705677216,1706643468,1706654274,512,10806,477
1127,1705677288,1705677341,1705677381,4,40,19
1128,1705677387,1705677388,1705684245,1,6857,24
1129,1705677388,1705677388,1705677512,1,124,17
1130,1705677438,1705677468,1705684719,1,7251,38
1131,1705677499,1705678541,1705681841,1,3300,19
1132,1705677546,1705678537,1705678672,4,135,17
1133,1705677702,1705677703,1705677862,1,159,18
1134,1705677787,1705677857,1705679701,1,1844,53
1135,1705677896,1705678541,1705681842,1,3301,19
1136,1705678068,1705678534,1705685772,1,7238,25
1137,1705678097,1705678671,1705681912,1,3241,20
1138,1705678290,1705693937,1705694040,1,103,85
1139,1705678297,1705699558,1705785995,16,86437,28
1140,1705678488,1705678493,1705678666,1,173,26
1141,1705678581,1705678665,1705685922,1,7257,24
1142,1705678584,1705678665,1705679238,2,573,76
1143,1705678679,1705679193,1705682814,8,3621,120
1144,1705678680,1705682853,1705686483,8,3630,29
1145,1705678718,1705678794,1705678852,1,58,18
1146,1705678753,1705678756,1705679144,1,388,21
1147,1705678942,1705682846,1705685168,5,2322,25
1148,1705678994,1705679190,1705679282,4,92,30
1149,1705679005,1705679005,1705679327,3,322,30
1150,1705679140,1705681288,1705682867,1,1579,50
1151,1705679228,1705679228,1705679487,1,259,28
1152,1705679255,1705679255,1705679340,1,85,18
1153,1705679255,1705679255,1705679341,1,86,30
1154,1705679256,1705679259,1705679342,1,83,17
1155,1705679256,1705679357,1705679441,1,84,30
1156,1705679256,1705679357,1705679448,1,91,27
1157,1705679257,1705679357,1705679477,1,120,46
1158,1705679257,1705679494,1705679570,1,76,18
1159,1705679257,1705679554,1705679630,1,76,18
1160,1705679258,1705679453,1705679538,1,85,18
1161,1705679258,1705679554,1705679635,1,81,17
1162,1705679258,1705679647,1705679726,1,79,50
1163,1705679259,1705679583,1705679662,1,79,31
1164,1705679259,1705679647,1705679723,1,76,18
1165,1705679260,1705679675,1705679765,1,90,17
1166,1705679260,1705679734,1705679810,1,76,65
1167,1705679260,1705679734,1705679819,1,85,17
1168,1705679261,1705679782,1705679860,1,78,17
1169,1705679261,1705679826,1705679904,1,78,17
1170,1705679261,1705679826,1705679905,1,79,18
1171,1705679262,1705679874,1705679951,1,77,18
1172,1705679262,1705679921,1705679999,1,78,18
1173,1705679262,1705679921,1705679997,1,76,30
1174,1705679263,1705679967,1705680043,1,76,17
1175,1705679263,1705680013,1705680090,1,77,18
1176,1705679263,1705680013,1705680090,1,77,41
1177,1705679264,1705680054,1705680130,1,76,17
1178,1705679264,1705680101,1705680201,1,100,37
1179,1705679264,1705680101,1705680185,1,84,18
1180,1705679264,1705680151,1705680232,1,81,18
1181,1705679265,1705680218,1705680296,1,78,78
1182,1705679265,1705680218,1705680296,1,78,18
1183,1705679265,1705680252,1705680327,1,75,32
1184,1705679266,1705680304,1705680386,1,82,76
1185,1705679266,1705680304,1705680386,1,82,87
1186,1705679266,1705680334,1705680410,1,76,32
1187,1705679267,1705680404,1705680480,1,76,76
1188,1705679267,1705680404,1705680479,1,75,87
1189,1705679268,1705680496,1705680574,1,78,31
1190,1705679268,1705680496,1705680573,1,77,31
1191,1705679268,1705680496,1705680578,1,82,17
1192,1705679269,1705680589,1705680668,1,79,17
1193,1705679269,1705680589,1705680665,1,76,31
1194,1705679269,1705680589,1705680665,1,76,25
1195,1705679270,1705680675,1705680756,1,81,31
1196,1705679270,1705680675,1705680752,1,77,17
1197,1705679270,1705680682,1705680758,1,76,32
1198,1705679271,1705680773,1705680849,1,76,52
1199,1705679271,1705680865,1705680941,1,76,28
1200,1705679271,1705680865,1705680941,1,76,29
1201,1705679272,1705680770,1705680849,1,79,18
1202,1705679272,1705680770,1705680849,1,79,17
1203,1705679272,1705680866,1705680943,1,77,25
1204,1705679274,1705681051,1705681142,1,91,18
1205,1705679274,1705681051,1705681142,1,91,18
1206,1705679274,1705681068,1705681150,1,82,17
1207,1705679275,1705681158,1705681236,1,78,79
1208,1705679275,1705681159,1705681236,1,77,77
1209,1705679275,1705681167,1705681247,1,80,44
1210,1705679276,1705681331,1705681436,1,105,18
1211,1705679276,1705681452,1705681558,1,106,17
1212,1705679392,1705679449,1705693841,1,14392,90
1213,1705679498,1705679504,1705680085,1,581,121
1214,1705679571,1705679714,1705686131,1,6417,46
1215,1705679675,1705679675,1705679726,3,51,18
1216,1705679822,1705679826,1705680783,1,957,23
1217,1705679968,1705679971,1705683594,1,3623,77
1218,1705680038,1705680038,1705680753,1,715,18
1219,1705680194,1705683113,1705704742,2,21629,23
1220,1705680194,1705822537,1705844169,2,21632,27
1221,1705680194,1705844200,1705865836,2,21636,23
1222,1705680195,1705865938,1705887560,2,21622,26
1223,1705680303,1705694183,1705701978,1,7795,27
1224,1705680306,1705694307,1705701978,1,7671,27
1225,1705680307,1705694183,1705694327,1,144,57
1226,1705680308,1705694307,1705701978,1,7671,28
1227,1705680309,1705694429,1705694554,1,125,17
1228,1705680310,1705694429,1705701978,1,7549,27
1229,1705680312,1705694802,1705701978,1,7176,33
1230,1705680314,1705694675,1705701978,1,7303,38
1231,1705680334,1705680334,1705680520,1,186,25
1232,1705680530,1705680531,1705686965,1,6434,24
1233,1705680640,1705680769,1705684409,1,3640,26
1234,1705680642,1705680769,1705684409,1,3640,22
1235,1705680675,1705680767,1705684741,1,3974,25
1236,1705680773,1705680773,1705680800,1,27,31
1237,1705680797,1705680799,1705688042,1,7243,22
1238,1705680797,1705688327,1705691883,1,3556,22
1239,1705680802,1705680903,1705688132,1,7229,22
1240,1705680802,1705688328,1705693948,1,5620,21
1241,1705680811,1705680817,1705681051,2,234,125
1242,1705680838,1705681069,1705688312,1,7243,125
1243,1705680838,1705688328,1705695548,1,7220,20
1244,1705680838,1705695554,1705702792,1,7238,21
1245,1705680839,1705702805,1705710036,1,7231,34
1246,1705680842,1705681069,1705688312,1,7243,114
1247,1705680842,1705691898,1705699126,1,7228,20
1248,1705680900,1705699178,1705702969,1,3791,22
1249,1705680908,1705688252,1705695487,1,7235,21
1250,1705680909,1705695498,1705702732,1,7234,45
1251,1705680909,1705702804,1705710036,1,7232,45
1252,1705680909,1705710071,1705710477,1,406,34
1253,1705681102,1705681453,1705681635,1,182,24
1254,1705681173,1705681253,1705681424,2,171,79
1255,1705681224,1705681295,1705692128,8,10833,128
1256,1705681611,1705681678,1705681920,2,242,22
1257,1705681615,1705681678,1705686733,1,5055,36
1258,1705681690,1705681690,1705681789,1,99,17
1259,1705681703,1705681704,1705685340,1,3636,17
1260,1705681733,1705701424,1705701630,2,206,19
1261,1705681733,1705702547,1705735094,2,32547,38
1262,1705681733,1705704827,1705740766,2,35939,43
1263,1705681899,1705681900,1705682248,1,348,29
1264,1705681935,1705704827,1705706933,1,2106,34
1265,1705681935,1705704955,1705707051,1,2096,30
1266,1705681988,1705682070,1705687130,1,5060,19
1267,1705681988,1705682070,1705687113,1,5043,20
1268,1705681988,1705682070,1705687113,1,5043,22
1269,1705682058,1705682069,1705682354,1,285,37
1270,1705682065,1705683105,1705683468,2,363,209
1271,1705682311,1705682329,1705687416,1,5087,21
1272,1705682337,1705682585,1705682623,3,38,18
1273,1705682373,1705686057,1705687418,1,1361,30
1274,1705682402,1705682846,1705683037,2,191,20
1275,1705682483,1705774503,1705777324,256,2821,381
1276,1705682484,1705774667,1705777580,256,2913,471
1277,1705682486,1705777353,1705780212,256,2859,382
1278,1705682487,1705777602,1705780515,256,2913,471
1279,1705682489,1705780236,1705783093,256,2857,382
1280,1705682509,1705682586,1705683187,2,601,62
1281,1705682694,1705682715,1705692563,1,9848,80
1282,1705682701,1705683610,1705684250,1,640,23
1283,1705682906,1705682975,1705683088,3,113,37
1284,1705683237,1705683369,1705683471,1,102,17
1285,1705683351,1705683525,1705683574,1,49,209
1286,1705683408,1705683638,1705683693,1,55,18
1287,1705683409,1705683502,1705685946,2,2444,102
1288,1705683414,1705683502,1705686004,2,2502,86
1289,1705683420,1705683502,1705685964,2,2462,86
1290,1705683423,1705683486,1705683656,1,170,205
1291,1705683426,1705683502,1705686050,2,2548,86
1292,1705683432,1705683502,1705685976,2,2474,85
1293,1705683438,1705683502,1705686024,2,2522,98
1294,1705683444,1705683502,1705686036,2,2534,99
1295,1705683450,1705683502,1705685973,2,2471,90
1296,1705683455,1705683502,1705686007,2,2505,85
1297,1705683462,1705683502,1705686019,2,2517,85
1298,1705683468,1705683502,1705686024,2,2522,85
1299,1705683474,1705683502,1705685985,2,2483,85
1300,1705683480,1705683635,1705686143,2,2508,87
1301,1705683486,1705683636,1705686125,2,2489,87
1302,1705683492,1705683636,1705686155,2,2519,87
1303,1705683498,1705683636,1705686154,2,2518,89
1304,1705683504,1705683636,1705686132,2,2496,102
1305,1705683510,1705683636,1705686112,2,2476,87
1306,1705683516,1705683636,1705686166,2,2530,100
1307,1705683519,1705708808,1705730442,16,21634,100
1308,1705683522,1705683636,1705686228,2,2592,86
1309,1705683528,1705683636,1705686076,2,2440,88
1310,1705683534,1705683636,1705686146,2,2510,177
1311,1705683540,1705683636,1705686135,2,2499,87
1312,1705683546,1705683636,1705686134,2,2498,87
1313,1705683552,1705683766,1705686277,2,2511,87
1314,1705683557,1705683766,1705686253,2,2487,128
1315,1705683563,1705683766,1705686271,2,2505,87
1316,1705683569,1705683766,1705686264,2,2498,90
1317,1705683570,1705683638,1705687264,4,3626,29
1318,1705683571,1705687659,1705691286,4,3627,28
1319,1705683572,1705691314,1705694949,4,3635,26
1320,1705683575,1705683766,1705686268,2,2502,86
1321,1705683581,1705683766,1705686271,2,2505,85
1322,1705683587,1705683766,1705686283,2,2517,85
1323,1705683593,1705683766,1705686325,2,2559,85
1324,1705683599,1705683766,1705686326,2,2560,85
1325,1705683605,1705683766,1705686260,2,2494,85
1326,1705683611,1705683766,1705686286,2,2520,86
1327,1705683617,1705683766,1705686240,2,2474,86
1328,1705683623,1705683897,1705686408,2,2511,87
1329,1705683629,1705683897,1705686459,2,2562,85
1330,1705683637,1705683897,1705686411,2,2514,100
1331,1705683643,1705683897,1705686409,2,2512,100
1332,1705683648,1705683710,1705684801,2,1091,31
1333,1705683649,1705683897,1705686399,2,2502,100
1334,1705683655,1705683897,1705686372,2,2475,99
1335,1705683661,1705683897,1705686391,2,2494,100
1336,1705683667,1705683897,1705686378,2,2481,100
1337,1705683668,1705684818,1705685914,2,1096,31
1338,1705683673,1705683897,1705686377,2,2480,100
1339,1705683679,1705683897,1705686364,2,2467,99
1340,1705683684,1705683897,1705686390,2,2493,100
1341,1705683690,1705683897,1705686483,2,2586,99
1342,1705683696,1705684027,1705686571,2,2544,99
1343,1705683702,1705684027,1705686554,2,2527,108
1344,1705683708,1705684027,1705686550,2,2523,96
1345,1705683710,1705693937,1705733955,1,40018,85
1346,1705683714,1705684027,1705686508,2,2481,85
1347,1705683720,1705685934,1705686033,1,99,31
1348,1705683720,1705684027,1705686518,2,2491,85
1349,1705683726,1705684027,1705686546,2,2519,89
1350,1705683732,1705684553,1705687085,2,2532,84
1351,1705683738,1705684684,1705687174,2,2490,88
1352,1705683743,1705684421,1705686927,2,2506,86
1353,1705683749,1705685220,1705687774,2,2554,139
1354,1705683755,1705685354,1705687850,2,2496,86
1355,1705683762,1705686255,1705688812,2,2557,177
1356,1705683769,1705686126,1705688663,2,2537,85
1357,1705683775,1705686126,1705688593,2,2467,85
1358,1705683780,1705686126,1705688581,2,2455,85
1359,1705683786,1705686255,1705688727,2,2472,88
1360,1705683792,1705686519,1705689025,2,2506,86
1361,1705683798,1705686255,1705688734,2,2479,89
1362,1705683804,1705686255,1705688739,2,2484,102
1363,1705683810,1705686255,1705688724,2,2469,87
1364,1705683816,1705686255,1705688737,2,2482,100
1365,1705683822,1705686255,1705688735,2,2480,89
1366,1705683827,1705686519,1705688979,2,2460,86
1367,1705683833,1705686387,1705688798,2,2411,87
1368,1705683839,1705686387,1705688870,2,2483,87
1369,1705683845,1705686387,1705688914,2,2527,128
1370,1705683851,1705686387,1705688861,2,2474,90
1371,1705683858,1705686387,1705688949,2,2562,86
1372,1705683864,1705686387,1705688848,2,2461,85
1373,1705683869,1705686387,1705688912,2,2525,85
1374,1705683875,1705686387,1705688861,2,2474,85
1375,1705683881,1705686387,1705688887,2,2500,85
1376,1705683883,1705706880,1705733050,1,26170,190
1377,1705683887,1705686387,1705688915,2,2528,85
1378,1705683893,1705686519,1705688966,2,2447,86
1379,1705683901,1705686519,1705689010,2,2491,85
1380,1705683907,1705686519,1705688997,2,2478,87
1381,1705683913,1705686519,1705689006,2,2487,88
1382,1705683919,1705686519,1705689014,2,2495,86
1383,1705683925,1705686519,1705688981,2,2462,86
1384,1705683931,1705686519,1705688978,2,2459,85
1385,1705683937,1705686647,1705689168,2,2521,100
1386,1705683943,1705686647,1705689175,2,2528,99
1387,1705683949,1705686647,1705689087,2,2440,99
1388,1705683955,1705686647,1705689122,2,2475,86
1389,1705683961,1705686647,1705689182,2,2535,85
1390,1705683962,1705684266,1705687321,1,3055,37
1391,1705683967,1705686647,1705689124,2,2477,85
1392,1705683973,1705686647,1705689136,2,2489,85
1393,1705683979,1705686647,1705689100,2,2453,87
1394,1705683984,1705686647,1705689133,2,2486,86
1395,1705683990,1705686647,1705689128,2,2481,99
1396,1705683996,1705687658,1705690114,2,2456,104
1397,1705683997,1705686521,1705690144,16,3623,43
1398,1705683998,1705690194,1705693840,16,3646,32
1399,1705683999,1705695423,1705699068,16,3645,30
1400,1705684000,1705740357,1705743989,16,3632,41
1401,1705684001,1705744687,1705748314,16,3627,54
1402,1705684006,1705769031,1705772657,16,3626,50
1403,1705684227,1705684284,1705684761,1,477,55
1404,1705684257,1705686032,1705686660,1,628,20
1405,1705684426,1705791981,1705795627,16,3646,52
1406,1705684426,1705796713,1705800337,16,3624,45
1407,1705684426,1705809164,1705812789,16,3625,53
1408,1705684427,1705819403,1705823051,16,3648,50
1409,1705684427,1705695300,1705698948,4,3648,38
1410,1705684427,1705704447,1705708086,4,3639,32
1411,1705684428,1705739983,1705743628,4,3645,27
1412,1705684428,1705744310,1705747954,4,3644,47
1413,1705684428,1705769031,1705772657,4,3626,54
1414,1705684428,1705783849,1705787494,4,3645,28
1415,1705684429,1705791981,1705795627,4,3646,52
1416,1705684429,1705796111,1705799737,4,3626,31
1417,1705684429,1705687659,1705691286,8,3627,30
1418,1705684430,1705691314,1705694949,8,3635,29
1419,1705684430,1705704575,1705708206,8,3631,32
1420,1705684430,1705740481,1705744109,8,3628,50
1421,1705684431,1705744564,1705748194,8,3630,50
1422,1705684431,1705786267,1705789894,8,3627,37
1423,1705684431,1705791981,1705795627,8,3646,54
1424,1705684432,1705795870,1705799497,8,3627,51
1425,1705684432,1705807228,1705810869,8,3641,69
1426,1705684432,1705812911,1705816539,8,3628,34
1427,1705684447,1705685481,1705685561,1,80,17
1428,1705684505,1705684551,1705698977,1,14426,19
1429,1705684529,1705686677,1705688521,1,1844,19
1430,1705684621,1705684623,1705684651,1,28,18
1431,1705684651,1705684668,1705685580,1,912,132
1432,1705684696,1705705467,1705791907,2,86440,91
1433,1705684719,1705684811,1705692045,1,7234,39
1434,1705684728,1705705595,1705760112,2,54517,76
1435,1705684916,1705685607,1705691212,2,5605,271
1436,1705685457,1705685993,1705686398,2,405,22
1437,1705685464,1705686122,1705686417,2,295,23
1438,1705685470,1705685993,1705686234,2,241,23
1439,1705685478,1705685993,1705686304,2,311,90
1440,1705685485,1705685993,1705686237,2,244,31
1441,1705685635,1705686387,1705686484,1,97,18
1442,1705685636,1705686387,1705686485,1,98,31
1443,1705685636,1705686254,1705686392,1,138,19
1444,1705685636,1705686254,1705686414,1,160,45
1445,1705685637,1705686254,1705686412,1,158,36
1446,1705685637,1705686387,1705686485,1,98,31
1447,1705685637,1705686387,1705686483,1,96,17
1448,1705685637,1705686387,1705686488,1,101,18
1449,1705685638,1705686387,1705686485,1,98,17
1450,1705685638,1705686387,1705686482,1,95,17
1451,1705685638,1705686387,1705686487,1,100,22
1452,1705685639,1705686387,1705686484,1,97,17
1453,1705685639,1705686387,1705686485,1,98,18
1454,1705685639,1705686387,1705686486,1,99,27
1455,1705685640,1705686519,1705686606,1,87,23
1456,1705685640,1705686519,1705686607,1,88,17
1457,1705685640,1705686647,1705686746,1,99,72
1458,1705685641,1705686519,1705686604,1,85,17
1459,1705685641,1705686519,1705686608,1,89,16
1460,1705685641,1705686647,1705686730,1,83,24
1461,1705685642,1705686519,1705686596,1,77,19
1462,1705685642,1705686519,1705686606,1,87,18
1463,1705685642,1705686519,1705686606,1,87,18
1464,1705685642,1705686519,1705686616,1,97,16
1465,1705685643,1705686519,1705686605,1,86,17
1466,1705685643,1705686519,1705686606,1,87,18
1467,1705685643,1705686647,1705686743,1,96,65
1468,1705685644,1705686647,1705686742,1,95,67
1469,1705685644,1705686647,1705686735,1,88,52
1470,1705685644,1705686647,1705686734,1,87,61
1471,1705685645,1705686647,1705686729,1,82,18
1472,1705685645,1705686647,1705686744,1,97,59
1473,1705685645,1705686647,1705686745,1,98,57
1474,1705685646,1705686647,1705686748,1,101,65
1475,1705685646,1705686647,1705686747,1,100,65
1476,1705685646,1705686647,1705686748,1,101,65
1477,1705685646,1705686774,1705686856,1,82,58
1478,1705685647,1705686774,1705686860,1,86,78
1479,1705685647,1705686774,1705686857,1,83,67
1480,1705685647,1705686774,1705686861,1,87,70
1481,1705685648,1705686774,1705686859,1,85,91
1482,1705685648,1705686774,1705686863,1,89,62
1483,1705685648,1705686774,1705686856,1,82,59
1484,1705685649,1705686774,1705686858,1,84,84
1485,1705685649,1705686774,1705686870,1,96,63
1486,1705685649,1705686774,1705686865,1,91,51
1487,1705685650,1705686774,1705686871,1,97,59
1488,1705685650,1705686774,1705686855,1,81,67
1489,1705685650,1705686900,1705686996,1,96,64
1490,1705685651,1705687025,1705687106,1,81,64
1491,1705685651,1705687025,1705687102,1,77,63
1492,1705685652,1705687025,1705687103,1,78,60
1493,1705685652,1705687025,1705687102,1,77,65
1494,1705685652,1705687025,1705687120,1,95,45
1495,1705685653,1705687025,1705687102,1,77,61
1496,1705685653,1705687025,1705687103,1,78,58
1497,1705685653,1705687149,1705687226,1,77,51
1498,1705685654,1705687149,1705687244,1,95,32
1499,1705685654,1705687149,1705687247,1,98,29
1500,1705685654,1705687149,1705687226,1,77,50
1501,1705685654,1705687149,1705687226,1,77,49
1502,1705685655,1705687149,1705687226,1,77,50
1503,1705685655,1705687149,1705687226,1,77,48
1504,1705685700,1705687149,1705687245,1,96,31
1505,1705685700,1705687149,1705687245,1,96,30
1506,1705685700,1705687273,1705687352,1,79,49
1507,1705685701,1705687273,1705687353,1,80,50
1508,1705685701,1705687273,1705687351,1,78,48
1509,1705685701,1705687398,1705687483,1,85,25
1510,1705685701,1705687398,1705687482,1,84,17
1511,1705685702,1705687398,1705687481,1,83,18
1512,1705685702,1705687398,1705687482,1,84,17
1513,1705685702,1705687398,1705687483,1,85,18
1514,1705685703,1705687398,1705687483,1,85,17
1515,1705685703,1705687398,1705687481,1,83,17
1516,1705685703,1705687522,1705687600,1,78,18
1517,1705685704,1705687522,1705687602,1,80,17
1518,1705685704,1705687522,1705687601,1,79,17
1519,1705685704,1705687658,1705687760,1,102,56
1520,1705685705,1705687658,1705687744,1,86,17
1521,1705685705,1705687658,1705687741,1,83,17
1522,1705685705,1705687658,1705687758,1,100,18
1523,1705685706,1705687658,1705687748,1,90,18
1524,1705685706,1705687658,1705687742,1,84,18
1525,1705685706,1705687658,1705687742,1,84,17
1526,1705685707,1705687795,1705687890,1,95,25
1527,1705685707,1705687795,1705687894,1,99,53
1528,1705685707,1705687658,1705687750,1,92,18
1529,1705685707,1705687658,1705687750,1,92,18
1530,1705685708,1705687658,1705687744,1,86,18
1531,1705685708,1705687795,1705687876,1,81,17
1532,1705685708,1705687795,1705687879,1,84,17
1533,1705685709,1705687795,1705687876,1,81,18
1534,1705685709,1705687795,1705687879,1,84,18
1535,1705685709,1705687795,1705687879,1,84,17
1536,1705685710,1705687795,1705687877,1,82,17
1537,1705685710,1705687795,1705687900,1,105,16
1538,1705685710,1705687795,1705687882,1,87,17
1539,1705685711,1705687795,1705687880,1,85,53
1540,1705685711,1705687795,1705687881,1,86,48
1541,1705685714,1705687919,1705688014,1,95,17
1542,1705685714,1705687919,1705688016,1,97,17
1543,1705685715,1705687919,1705688016,1,97,18
1544,1705685715,1705688049,1705688125,1,76,17
1545,1705685715,1705688192,1705688268,1,76,18
1546,1705685715,1705688192,1705688271,1,79,17
1547,1705685716,1705688446,1705688529,1,83,18
1548,1705685716,1705688319,1705688395,1,76,18
1549,1705685716,1705688319,1705688396,1,77,23
1550,1705685717,1705688319,1705688395,1,76,17
1551,1705685717,1705688319,1705688396,1,77,18
1552,1705685717,1705688446,1705688561,1,115,50
1553,1705685718,1705688446,1705688526,1,80,18
1554,1705685718,1705688319,1705688399,1,80,17
1555,1705685718,1705688446,1705688525,1,79,23
1556,1705685719,1705688569,1705688668,1,99,64
1557,1705685719,1705688319,1705688401,1,82,23
1558,1705685719,1705688319,1705688400,1,81,23
1559,1705685720,1705688446,1705688526,1,80,34
1560,1705685769,1705686124,1705686224,1,100,16
1561,1705685772,1705686123,1705693368,1,7245,26
1562,1705685777,1705686251,1705686679,2,428,40
1563,1705685784,1705686123,1705686313,2,190,22
1564,1705685790,1705686123,1705686307,2,184,21
1565,1705685797,1705686123,1705686479,2,356,35
1566,1705685804,1705686123,1705686397,2,274,35
1567,1705685922,1705686123,1705693368,1,7245,24
1568,1705686040,1705688446,1705688484,1,38,17
1569,1705686040,1705688446,1705688484,1,38,17
1570,1705686040,1705688446,1705688485,1,39,18
1571,1705686041,1705688446,1705688485,1,39,18
1572,1705686041,1705688446,1705688485,1,39,17
1573,1705686041,1705688446,1705688485,1,39,17
1574,1705686042,1705688693,1705688731,1,38,18
1575,1705686042,1705688569,1705688614,1,45,31
1576,1705686042,1705688569,1705688613,1,44,34
1577,1705686043,1705688569,1705688617,1,48,17
1578,1705686043,1705688569,1705688612,1,43,35
1579,1705686043,1705688569,1705688611,1,42,17
1580,1705686044,1705688569,1705688612,1,43,17
1581,1705686044,1705688569,1705688612,1,43,18
1582,1705686044,1705688569,1705688613,1,44,18
1583,1705686045,1705688569,1705688611,1,42,17
1584,1705686045,1705688569,1705688611,1,42,17
1585,1705686045,1705688693,1705688731,1,38,35
1586,1705686045,1705688693,1705688731,1,38,16
1587,1705686046,1705688693,1705688730,1,37,17
1588,1705686046,1705688693,1705688731,1,38,18
1589,1705686046,1705688693,1705688730,1,37,17
1590,1705686047,1705688693,1705688731,1,38,17
1591,1705686047,1705688693,1705688730,1,37,17
1592,1705686048,1705688693,1705688751,1,58,23
1593,1705686048,1705688693,1705688752,1,59,25
1594,1705686052,1705688944,1705688991,1,47,75
1595,1705686052,1705688944,1705688989,1,45,18
1596,1705686052,1705688944,1705688999,1,55,18
1597,1705686053,1705688944,1705688981,1,37,31
1598,1705686053,1705688944,1705688982,1,38,17
1599,1705686053,1705688944,1705688981,1,37,17
1600,1705686054,1705688944,1705688980,1,36,18
1601,1705686054,1705688944,1705688981,1,37,18
1602,1705686054,1705688944,1705688981,1,37,17
1603,1705686055,1705688944,1705688981,1,37,32
1604,1705686055,1705688944,1705688981,1,37,32
1605,1705686055,1705688944,1705688981,1,37,32
1606,1705686055,1705689197,1705689253,1,56,17
1607,1705686138,1705689321,1705689379,1,58,16
1608,1705686141,1705689447,1705689497,1,50,18
1609,1705686142,1705689447,1705689496,1,49,18
1610,1705686142,1705689570,1705689629,1,59,16
1611,1705686143,1705689570,1705689617,1,47,17
1612,1705686143,1705689571,1705689616,1,45,17
1613,1705686143,1705689571,1705689616,1,45,17
1614,1705686144,1705689571,1705689616,1,45,17
1615,1705686144,1705689571,1705689616,1,45,16
1616,1705686144,1705689571,1705689617,1,46,17
1617,1705686145,1705689571,1705689616,1,45,18
1618,1705686145,1705689571,1705689629,1,58,16
1619,1705686145,1705689571,1705689617,1,46,18
1620,1705686146,1705689571,1705689616,1,45,30
1621,1705686146,1705689699,1705689736,1,37,17
1622,1705686146,1705689699,1705689736,1,37,18
1623,1705686147,1705689823,1705689866,1,43,17
1624,1705686147,1705689699,1705689735,1,36,17
1625,1705686147,1705689699,1705689737,1,38,17
1626,1705686147,1705689699,1705689736,1,37,17
1627,1705686148,1705689699,1705689737,1,38,17
1628,1705686148,1705689699,1705689737,1,38,16
1629,1705686148,1705689699,1705689736,1,37,17
1630,1705686149,1705689699,1705689736,1,37,18
1631,1705686149,1705689699,1705689737,1,38,18
1632,1705686149,1705689699,1705689736,1,37,30
1633,1705686150,1705689823,1705689880,1,57,17
1634,1705686150,1705689823,1705689881,1,58,17
1635,1705686150,1705689823,1705689865,1,42,17
1636,1705686150,1705689823,1705689865,1,42,17
1637,1705686151,1705689823,1705689865,1,42,17
1638,1705686151,1705689823,1705689865,1,42,16
1639,1705686151,1705689823,1705689864,1,41,17
1640,1705686152,1705689823,1705689866,1,43,18
1641,1705686152,1705689823,1705689865,1,42,18
1642,1705686152,1705689823,1705689880,1,57,17
1643,1705686243,1705689823,1705689864,1,41,18
1644,1705686244,1705689946,1705689983,1,37,18
1645,1705686244,1705689946,1705689983,1,37,17
1646,1705686244,1705689947,1705690004,1,57,17
1647,1705686244,1705689947,1705689985,1,38,17
1648,1705686245,1705689947,1705689984,1,37,18
1649,1705686245,1705689947,1705689984,1,37,18
1650,1705686245,1705689947,1705689985,1,38,17
1651,1705686246,1705689947,1705689984,1,37,17
1652,1705686246,1705689947,1705689985,1,38,17
1653,1705686246,1705689947,1705689995,1,48,17
1654,1705686247,1705689947,1705689984,1,37,18
1655,1705686247,1705689947,1705689984,1,37,18
1656,1705686247,1705690070,1705690107,1,37,18
1657,1705686247,1705690070,1705690107,1,37,17
1658,1705686248,1705690070,1705690107,1,37,17
1659,1705686248,1705690070,1705690106,1,36,17
1660,1705686250,1705690070,1705690106,1,36,18
1661,1705686251,1705690070,1705690107,1,37,18
1662,1705686253,1705690070,1705690106,1,36,17
1663,1705686253,1705690070,1705690106,1,36,17
1664,1705686255,1705690070,1705690106,1,36,17
1665,1705686256,1705690070,1705690106,1,36,17
1666,1705686257,1705690070,1705690107,1,37,18
1667,1705686257,1705690070,1705690107,1,37,18
1668,1705686258,1705690193,1705690229,1,36,17
1669,1705686258,1705690193,1705690230,1,37,17
1670,1705686258,1705690193,1705690231,1,38,17
1671,1705686259,1705690193,1705690230,1,37,17
1672,1705686259,1705690193,1705690229,1,36,17
1673,1705686259,1705690193,1705690230,1,37,16
1674,1705686260,1705690193,1705690230,1,37,17
1675,1705686260,1705690193,1705690230,1,37,18
1676,1705686260,1705690193,1705690231,1,38,18
1677,1705686261,1705690193,1705690252,1,59,18
1678,1705686261,1705690193,1705690250,1,57,18
1679,1705686261,1705690193,1705690250,1,57,17
1680,1705686261,1705690319,1705690356,1,37,17
1681,1705686262,1705690319,1705690355,1,36,17
1682,1705686262,1705690319,1705690356,1,37,18
1683,1705686262,1705690319,1705690356,1,37,17
1684,1705686264,1705690319,1705690355,1,36,17
1685,1705686265,1705690319,1705690374,1,55,18
1686,1705686265,1705690319,1705690355,1,36,17
1687,1705686265,1705690319,1705690356,1,37,16
1688,1705686266,1705690319,1705690356,1,37,17
1689,1705686266,1705690319,1705690375,1,56,16
1690,1705686266,1705690319,1705690375,1,56,36
1691,1705686419,1705686514,1705686833,1,319,27
1692,1705686542,1705686643,1705686889,2,246,22
1693,1705686548,1705686643,1705686970,2,327,25
1694,1705686555,1705686643,1705686937,2,294,23
1695,1705686562,1705686643,1705686898,2,255,52
1696,1705686569,1705686643,1705686830,2,187,22
1697,1705686677,1705686771,1705686852,1,81,17
1698,1705686733,1705686772,1705691786,1,5014,72
1699,1705686803,1705705467,1705705542,2,75,54
1700,1705686817,1705686986,1705687055,1,69,18
1701,1705686884,1705686897,1705687356,1,459,27
1702,1705686927,1705687023,1705688895,1,1872,77
1703,1705686936,1705687023,1705695811,1,8788,111
1704,1705686943,1705687023,1705687217,2,194,41
1705,1705686950,1705687023,1705687280,2,257,25
1706,1705686957,1705687023,1705687217,2,194,23
1707,1705686964,1705687023,1705687367,2,344,22
1708,1705686970,1705687023,1705687286,2,263,37
1709,1705686978,1705687023,1705687388,2,365,37
1710,1705686985,1705687023,1705687218,2,195,22
1711,1705686991,1705687023,1705687264,2,241,22
1712,1705686998,1705687023,1705687344,2,321,22
1713,1705687005,1705687023,1705687261,2,238,29
1714,1705687044,1705699175,1705784748,1,85573,38
1715,1705687044,1705784764,1705870332,1,85568,36
1716,1705687044,1705870349,1705955921,1,85572,51
1717,1705687045,1705955938,1706041508,1,85570,37
1718,1705687045,1706041643,1706127218,1,85575,37
1719,1705687045,1706127306,1706212879,1,85573,36
1720,1705687045,1706231685,1706317268,1,85583,414
1721,1705687046,1706323400,1706408974,1,85574,39
1722,1705687046,1706409008,1706494576,1,85568,38
1723,1705687046,1706494592,1706580169,1,85577,37
1724,1705687047,1706610843,1706696417,1,85574,51
1725,1705687091,1705699175,1705784748,1,85573,39
1726,1705687091,1705784764,1705870332,1,85568,37
1727,1705687092,1705870348,1705955921,1,85573,47
1728,1705687092,1705955937,1706041508,1,85571,44
1729,1705687092,1706041765,1706127334,1,85569,50
1730,1705687092,1706127350,1706212919,1,85569,35
1731,1705687093,1706231728,1706317297,1,85569,36
1732,1705687093,1706323400,1706408975,1,85575,37
1733,1705687093,1706409008,1706494584,1,85576,36
1734,1705687093,1706494600,1706580181,1,85581,53
1735,1705687094,1706610843,1706696417,1,85574,38
1736,1705687113,1705687148,1705692157,1,5009,27
1737,1705687113,1705687272,1705692275,1,5003,23
1738,1705687130,1705687148,1705692162,1,5014,22
1739,1705687281,1705687285,1705687348,1,63,27
1740,1705687287,1705687658,1705687712,1,54,16
1741,1705687373,1705687396,1705687532,1,136,27
1742,1705687379,1705687396,1705687650,2,254,37
1743,1705687386,1705687520,1705687823,2,303,37
1744,1705687393,1705687396,1705687660,2,264,25
1745,1705687399,1705687520,1705687794,2,274,60
1746,1705687406,1705687520,1705687784,2,264,23
1747,1705687416,1705687521,1705692563,1,5042,28
1748,1705687429,1705687521,1705694768,1,7247,26
1749,1705687452,1705687453,1705687594,1,141,29
1750,1705687547,1705687657,1705694898,1,7241,22
1751,1705687559,1705687567,1705689051,1,1484,29
1752,1705687722,1705687722,1705688235,1,513,18
1753,1705687731,1705687917,1705688407,5,490,25
1754,1705687823,1705687830,1705688502,1,672,38
1755,1705687875,1705687919,1705689751,1,1832,22
1756,1705687905,1705688062,1705688228,1,166,20
1757,1705687928,1705688047,1705688117,1,70,18
1758,1705687965,1705688047,1705688387,2,340,21
1759,1705687972,1705688047,1705688355,2,308,22
1760,1705687979,1705688047,1705688356,2,309,25
1761,1705687986,1705688047,1705688296,2,249,23
1762,1705687992,1705688047,1705688341,2,294,37
1763,1705688001,1705688047,1705688318,2,271,37
1764,1705688007,1705688047,1705688343,2,296,50
1765,1705688014,1705688047,1705688269,2,222,27
1766,1705688021,1705688047,1705688268,2,221,22
1767,1705688028,1705688047,1705688318,2,271,22
1768,1705688104,1705688150,1705688236,1,86,21
1769,1705688154,1705688245,1705691889,1,3644,76
1770,1705688223,1705688317,1705690523,1,2206,100
1771,1705688344,1705688746,1705688780,1,34,20
1772,1705688348,1705689293,1705689327,1,34,18
1773,1705688359,1705688444,1705688684,2,240,26
1774,1705688379,1705688519,1705688725,1,206,27
1775,1705688402,1705688445,1705688700,2,255,22
1776,1705688409,1705688568,1705688870,2,302,22
1777,1705688417,1705688445,1705688672,2,227,25
1778,1705688424,1705688445,1705688684,2,239,23
1779,1705688428,1705689743,1705689816,1,73,17
1780,1705688431,1705688445,1705688716,2,271,23
1781,1705688500,1705688692,1705704378,5,15686,64
1782,1705688682,1705688692,1705688903,1,211,75
1783,1705688806,1705688819,1705689020,2,201,22
1784,1705688812,1705688819,1705689386,2,567,23
1785,1705688820,1705688942,1705689235,2,293,22
1786,1705688826,1705688942,1705689300,2,358,30
1787,1705688833,1705688943,1705689203,2,260,23
1788,1705688972,1705689067,1705689138,1,71,19
1789,1705688993,1705689196,1705689276,1,80,18
1790,1705689037,1705689066,1705689237,1,171,95
1791,1705689060,1705689248,1705689708,2,460,17
1792,1705689318,1705689321,1705689899,1,578,67
1793,1705689487,1705752565,1705769290,256,16725,422
1794,1705689528,1705690691,1705690727,1,36,17
1795,1705689532,1705690814,1705690874,1,60,17
1796,1705689539,1705691064,1705691120,1,56,18
1797,1705689662,1705689699,1705690902,1,1203,21
1798,1705689684,1705691188,1705691234,1,46,17
1799,1705689686,1705691438,1705691493,1,55,19
1800,1705689687,1705691438,1705691480,1,42,17
1801,1705689688,1705691561,1705691603,1,42,19
1802,1705689688,1705691438,1705691479,1,41,32
1803,1705689688,1705691438,1705691480,1,42,18
1804,1705689689,1705691438,1705691479,1,41,17
1805,1705689689,1705691438,1705691479,1,41,17
1806,1705689689,1705691438,1705691480,1,42,18
1807,1705689690,1705691438,1705691480,1,42,17
1808,1705689690,1705691438,1705691484,1,46,18
1809,1705689690,1705691438,1705691493,1,55,18
1810,1705689690,1705691438,1705691493,1,55,21
1811,1705689691,1705691561,1705691602,1,41,17
1812,1705689691,1705691561,1705691618,1,57,17
1813,1705689691,1705691561,1705691604,1,43,31
1814,1705689692,1705691561,1705691617,1,56,16
1815,1705689692,1705691561,1705691603,1,42,18
1816,1705689692,1705691561,1705691603,1,42,17
1817,1705689693,1705691561,1705691604,1,43,17
1818,1705689693,1705691561,1705691604,1,43,18
1819,1705689693,1705691561,1705691604,1,43,17
1820,1705689693,1705691561,1705691603,1,42,18
1821,1705689694,1705691561,1705691604,1,43,18
1822,1705689694,1705691685,1705691722,1,37,19
1823,1705689694,1705691685,1705691722,1,37,17
1824,1705689695,1705691685,1705691721,1,36,17
1825,1705689695,1705691685,1705691722,1,37,31
1826,1705689695,1705691685,1705691722,1,37,16
1827,1705689696,1705691685,1705691721,1,36,18
1828,1705689696,1705691685,1705691722,1,37,17
1829,1705689696,1705691685,1705691740,1,55,23
1830,1705689696,1705691685,1705691741,1,56,19
1831,1705689697,1705691685,1705691722,1,37,17
1832,1705689697,1705691685,1705691723,1,38,18
1833,1705689700,1705691807,1705691846,1,39,17
1834,1705689701,1705691807,1705691847,1,40,31
1835,1705689701,1705691807,1705691847,1,40,16
1836,1705689701,1705691808,1705691847,1,39,18
1837,1705689702,1705691808,1705691847,1,39,17
1838,1705689702,1705691808,1705691863,1,55,17
1839,1705689702,1705691808,1705691847,1,39,19
1840,1705689702,1705691808,1705691863,1,55,43
1841,1705689703,1705691808,1705691855,1,47,18
1842,1705689703,1705691808,1705691854,1,46,18
1843,1705689703,1705691808,1705691847,1,39,18
1844,1705689704,1705691808,1705691846,1,38,19
1845,1705689704,1705691931,1705691977,1,46,17
1846,1705689704,1705691931,1705691976,1,45,31
1847,1705689705,1705691931,1705691977,1,46,16
1848,1705689705,1705691931,1705691976,1,45,18
1849,1705689705,1705691931,1705691976,1,45,17
1850,1705689706,1705691931,1705691973,1,42,17
1851,1705689713,1705689743,1705689873,1,130,26
1852,1705689736,1705689822,1705695251,1,5429,18
1853,1705689755,1705689823,1705693346,1,3523,30
1854,1705689827,1705691931,1705692016,1,85,19
1855,1705689827,1705691931,1705692015,1,84,39
1856,1705689828,1705691931,1705692015,1,84,18
1857,1705689828,1705691931,1705692015,1,84,18
1858,1705689828,1705691931,1705692017,1,86,18
1859,1705689829,1705691931,1705692017,1,86,19
1860,1705689829,1705692193,1705692274,1,81,18
1861,1705689829,1705692055,1705692138,1,83,17
1862,1705689830,1705692055,1705692138,1,83,32
1863,1705689830,1705692055,1705692140,1,85,18
1864,1705689830,1705692055,1705692138,1,83,17
1865,1705689830,1705692055,1705692151,1,96,17
1866,1705689831,1705692055,1705692139,1,84,17
1867,1705689831,1705692055,1705692137,1,82,19
1868,1705689831,1705692055,1705692139,1,84,39
1869,1705689832,1705692055,1705692139,1,84,18
1870,1705689832,1705692055,1705692141,1,86,18
1871,1705689832,1705692055,1705692137,1,82,18
1872,1705689833,1705692193,1705692272,1,79,17
1873,1705689833,1705692193,1705692271,1,78,17
1874,1705689833,1705692193,1705692271,1,78,17
1875,1705689834,1705692193,1705692270,1,77,19
1876,1705689834,1705692193,1705692273,1,80,39
1877,1705689834,1705692193,1705692289,1,96,24
1878,1705689834,1705692193,1705692293,1,100,30
1879,1705689835,1705692193,1705692288,1,95,19
1880,1705689835,1705692193,1705692272,1,79,18
1881,1705689835,1705692193,1705692272,1,79,18
1882,1705689836,1705692193,1705692274,1,81,18
1883,1705689836,1705692322,1705692403,1,81,19
1884,1705689836,1705692322,1705692403,1,81,18
1885,1705689837,1705692322,1705692401,1,79,17
1886,1705689837,1705692322,1705692401,1,79,18
1887,1705689837,1705692322,1705692401,1,79,20
1888,1705689837,1705692322,1705692400,1,78,40
1889,1705689838,1705692322,1705692401,1,79,74
1890,1705689838,1705692322,1705692399,1,77,65
1891,1705689838,1705692322,1705692402,1,80,74
1892,1705689839,1705692322,1705692401,1,79,18
1893,1705689839,1705692322,1705692410,1,88,17
1894,1705689839,1705692322,1705692409,1,87,18
1895,1705689840,1705692450,1705692538,1,88,19
1896,1705689840,1705692450,1705692547,1,97,63
1897,1705689840,1705692450,1705692536,1,86,18
1898,1705689841,1705692450,1705692534,1,84,17
1899,1705689841,1705692450,1705692536,1,86,18
1900,1705689841,1705692450,1705692534,1,84,24
1901,1705689841,1705692450,1705692534,1,84,23
1902,1705689842,1705692450,1705692537,1,87,53
1903,1705689842,1705692450,1705692534,1,84,18
1904,1705689842,1705692450,1705692533,1,83,66
1905,1705689843,1705692450,1705692534,1,84,67
1906,1705689843,1705692450,1705692547,1,97,27
1907,1705689843,1705692574,1705692658,1,84,44
1908,1705689844,1705692574,1705692657,1,83,50
1909,1705689844,1705692574,1705692670,1,96,17
1910,1705689844,1705692574,1705692658,1,84,45
1911,1705689845,1705692574,1705692658,1,84,48
1912,1705689845,1705692574,1705692657,1,83,45
1913,1705689845,1705692574,1705692657,1,83,24
1914,1705689845,1705692574,1705692659,1,85,23
1915,1705689846,1705692574,1705692657,1,83,47
1916,1705689846,1705692574,1705692655,1,81,49
1917,1705689846,1705692574,1705692661,1,87,51
1918,1705689847,1705692574,1705692657,1,83,50
1919,1705689879,1705689879,1705690020,1,141,17
1920,1705690051,1705690069,1705690266,2,197,26
1921,1705690184,1705831944,1705835458,16,3514,55
1922,1705690231,1705690318,1705690830,2,512,23
1923,1705690238,1705690318,1705690547,2,229,22
1924,1705690245,1705690318,1705690540,2,222,22
1925,1705690254,1705690318,1705690534,2,216,22
1926,1705690262,1705690318,1705690538,2,220,22
1927,1705690262,1705832424,1705835706,16,3282,78
1928,1705690325,1705832455,1705833760,16,1305,41
1929,1705690363,1705832455,1705833615,16,1160,32
1930,1705690374,1705692699,1705692783,1,84,43
1931,1705690375,1705692699,1705692782,1,83,42
1932,1705690375,1705692699,1705692782,1,83,34
1933,1705690375,1705692699,1705692781,1,82,42
1934,1705690376,1705692699,1705692783,1,84,42
1935,1705690376,1705692699,1705692782,1,83,43
1936,1705690376,1705692699,1705692781,1,82,48
1937,1705690376,1705692699,1705692780,1,81,46
1938,1705690377,1705692699,1705692782,1,83,43
1939,1705690377,1705692699,1705692782,1,83,46
1940,1705690377,1705692699,1705692782,1,83,38
1941,1705690378,1705692699,1705692784,1,85,43
1942,1705690378,1705692822,1705692917,1,95,18
1943,1705690378,1705692822,1705692902,1,80,18
1944,1705690379,1705692822,1705692901,1,79,17
1945,1705690379,1705692822,1705692902,1,80,18
1946,1705690379,1705692822,1705692902,1,80,17
1947,1705690380,1705692822,1705692902,1,80,17
1948,1705690380,1705692822,1705692904,1,82,24
1949,1705690380,1705692823,1705692901,1,78,23
1950,1705690380,1705692823,1705692902,1,79,18
1951,1705690381,1705692823,1705692902,1,79,17
1952,1705690381,1705692823,1705692901,1,78,18
1953,1705690381,1705692823,1705692900,1,77,18
1954,1705690382,1705692946,1705693024,1,78,18
1955,1705690382,1705692946,1705693026,1,80,18
1956,1705690382,1705692946,1705693024,1,78,17
1957,1705690383,1705692946,1705693029,1,83,18
1958,1705690383,1705692946,1705693026,1,80,17
1959,1705690383,1705692946,1705693026,1,80,17
1960,1705690383,1705692946,1705693026,1,80,24
1961,1705690384,1705692946,1705693025,1,79,23
1962,1705690384,1705692946,1705693029,1,83,18
1963,1705690384,1705692946,1705693027,1,81,18
1964,1705690385,1705692946,1705693026,1,80,18
1965,1705690385,1705692946,1705693027,1,81,18
1966,1705690385,1705693070,1705693151,1,81,45
1967,1705690386,1705693070,1705693149,1,79,17
1968,1705690386,1705693070,1705693151,1,81,18
1969,1705690386,1705693070,1705693151,1,81,60
1970,1705690386,1705693070,1705693151,1,81,17
1971,1705690387,1705693070,1705693152,1,82,24
1972,1705690387,1705693070,1705693153,1,83,37
1973,1705690387,1705693070,1705693151,1,81,18
1974,1705690388,1705693070,1705693149,1,79,18
1975,1705690388,1705693070,1705693150,1,80,18
1976,1705690388,1705693070,1705693169,1,99,58
1977,1705690389,1705693070,1705693151,1,81,47
1978,1705690389,1705693194,1705693275,1,81,18
1979,1705690389,1705693194,1705693276,1,82,33
1980,1705690389,1705693194,1705693279,1,85,31
1981,1705690390,1705693194,1705693275,1,81,17
1982,1705690390,1705693194,1705693278,1,84,17
1983,1705690390,1705693194,1705693276,1,82,36
1984,1705690391,1705693194,1705693276,1,82,37
1985,1705690391,1705693194,1705693275,1,81,32
1986,1705690391,1705693194,1705693277,1,83,34
1987,1705690392,1705693194,1705693275,1,81,32
1988,1705690392,1705693194,1705693275,1,81,78
1989,1705690392,1705693194,1705693276,1,82,17
1990,1705690393,1705693317,1705693399,1,82,19
1991,1705690393,1705693317,1705693399,1,82,17
1992,1705690393,1705693317,1705693401,1,84,23
1993,1705690393,1705693317,1705693399,1,82,23
1994,1705690394,1705693317,1705693413,1,96,84
1995,1705690456,1705690565,1705690763,1,198,134
1996,1705690477,1705690478,1705690882,2,404,17
1997,1705690752,1705690815,1705693288,2,2473,85
1998,1705690758,1705690939,1705693381,2,2442,86
1999,1705690763,1705691312,1705693824,2,2512,86
2000,1705690769,1705691438,1705693866,2,2428,85
2001,1705690775,1705691438,1705693861,2,2423,87
2002,1705690781,1705691438,1705693931,2,2493,86
2003,1705690787,1705691561,1705694001,2,2440,92
2004,1705690793,1705692193,1705694637,2,2444,87
2005,1705690799,1705694803,1705697248,2,2445,95
2006,1705690805,1705694803,1705697393,2,2590,86
2007,1705690811,1705694803,1705697325,2,2522,85
2008,1705690817,1705694803,1705697250,2,2447,86
2009,1705690823,1705695175,1705697691,2,2516,107
2010,1705690829,1705695050,1705697633,2,2583,87
2011,1705690835,1705695050,1705697495,2,2445,108
2012,1705690841,1705695175,1705697635,2,2460,86
2013,1705690847,1705695175,1705697652,2,2477,86
2014,1705690853,1705695298,1705697798,2,2500,91
2015,1705690855,1705690862,1705694498,1,3636,23
2016,1705690859,1705695298,1705697806,2,2508,86
2017,1705690865,1705695680,1705698201,2,2521,90
2018,1705690871,1705695680,1705698212,2,2532,85
2019,1705690877,1705695931,1705698512,2,2581,87
2020,1705690883,1705695931,1705698390,2,2459,122
2021,1705690886,1705690899,1705691116,2,217,17
2022,1705690888,1705695931,1705698381,2,2450,87
2023,1705690894,1705695807,1705698247,2,2440,88
2024,1705690900,1705695807,1705698298,2,2491,100
2025,1705690906,1705695931,1705698402,2,2471,89
2026,1705690912,1705695931,1705698403,2,2472,103
2027,1705690918,1705695931,1705698707,2,2776,491
2028,1705690924,1705699175,1705701648,2,2473,93
2029,1705690930,1705699431,1705701985,2,2554,91
2030,1705690938,1705699559,1705702023,2,2464,87
2031,1705690944,1705699559,1705702321,2,2762,488
2032,1705690950,1705699559,1705702035,2,2476,89
2033,1705690956,1705699559,1705701842,2,2283,89
2034,1705690962,1705699559,1705702015,2,2456,86
2035,1705690968,1705699559,1705702011,2,2452,87
2036,1705690974,1705699559,1705702019,2,2460,86
2037,1705690980,1705699559,1705702095,2,2536,86
2038,1705690986,1705699559,1705702018,2,2459,89
2039,1705690992,1705699559,1705702010,2,2451,85
2040,1705690998,1705699559,1705702013,2,2454,85
2041,1705691003,1705699559,1705702023,2,2464,85
2042,1705691009,1705699680,1705702182,2,2502,85
2043,1705691015,1705699932,1705702452,2,2520,89
2044,1705691021,1705699932,1705702405,2,2473,89
2045,1705691027,1705699932,1705702411,2,2479,99
2046,1705691033,1705699932,1705702390,2,2458,86
2047,1705691039,1705699932,1705702461,2,2529,95
2048,1705691044,1705701674,1705704134,2,2460,90
2049,1705691050,1705702169,1705704660,2,2491,99
2050,1705691056,1705702046,1705704535,2,2489,87
2051,1705691064,1705702046,1705704491,2,2445,85
2052,1705691070,1705702046,1705704502,2,2456,86
2053,1705691076,1705702046,1705704564,2,2518,86
2054,1705691081,1705702046,1705704510,2,2464,87
2055,1705691087,1705702046,1705704511,2,2465,86
2056,1705691093,1705702046,1705704455,2,2409,89
2057,1705691099,1705702046,1705704491,2,2445,85
2058,1705691105,1705702046,1705704501,2,2455,85
2059,1705691111,1705702046,1705704524,2,2478,85
2060,1705691117,1705702046,1705704490,2,2444,87
2061,1705691120,1705691133,1705691464,2,331,17
2062,1705691123,1705702295,1705704749,2,2454,85
2063,1705691129,1705702170,1705704615,2,2445,89
2064,1705691135,1705702170,1705704668,2,2498,89
2065,1705691141,1705702170,1705704624,2,2454,86
2066,1705691143,1705691187,1705691687,2,500,63
2067,1705691147,1705702421,1705705144,2,2723,487
2068,1705691153,1705702673,1705705137,2,2464,86
2069,1705691159,1705702799,1705705299,2,2500,86
2070,1705691165,1705702421,1705704894,2,2473,86
2071,1705691171,1705702799,1705705289,2,2490,108
2072,1705691177,1705702799,1705705260,2,2461,87
2073,1705691183,1705702925,1705705382,2,2457,100
2074,1705691190,1705703055,1705705506,2,2451,88
2075,1705691196,1705703184,1705705625,2,2441,85
2076,1705691202,1705703184,1705705664,2,2480,95
2077,1705691208,1705703562,1705706016,2,2454,86
2078,1705691214,1705704190,1705706659,2,2469,86
2079,1705691220,1705704701,1705707193,2,2492,99
2080,1705691226,1705704701,1705707202,2,2501,89
2081,1705691232,1705704701,1705707193,2,2492,89
2082,1705691238,1705704955,1705707477,2,2522,86
2083,1705691244,1705705208,1705707701,2,2493,86
2084,1705691250,1705705341,1705707809,2,2468,87
2085,1705691256,1705705595,1705708035,2,2440,88
2086,1705691262,1705705722,1705708302,2,2580,107
2087,1705691268,1705706118,1705708592,2,2474,86
2088,1705691274,1705707006,1705709523,2,2517,89
2089,1705691280,1705707260,1705709755,2,2495,99
2090,1705691286,1705707518,1705709981,2,2463,86
2091,1705691292,1705707776,1705710231,2,2455,86
2092,1705691298,1705707905,1705710357,2,2452,87
2093,1705691304,1705708169,1705710660,2,2491,88
2094,1705691312,1705708041,1705710488,2,2447,86
2095,1705691318,1705708041,1705710504,2,2463,89
2096,1705691324,1705708041,1705710531,2,2490,92
2097,1705691330,1705708426,1705710989,2,2563,89
2098,1705691336,1705708426,1705710931,2,2505,85
2099,1705691341,1705708426,1705710880,2,2454,85
2100,1705691349,1705691351,1705691449,2,98,17
2101,1705691591,1705691591,1705691798,2,207,17
2102,1705691641,1705691641,1705691801,2,160,17
2103,1705691786,1705691807,1705696810,1,5003,21
2104,1705691838,1705691842,1705692485,2,643,17
2105,1705691871,1705698923,1705699024,4,101,27
2106,1705692045,1705692055,1705699287,1,7232,25
2107,1705692063,1705692079,1705693151,2,1072,56
2108,1705692157,1705692192,1705697224,1,5032,35
2109,1705692162,1705692192,1705697212,1,5020,21
2110,1705692209,1705767551,1705778395,8,10844,129
2111,1705692217,1705694676,1705730567,1,35891,117
2112,1705692275,1705692450,1705697461,1,5011,21
2113,1705692322,1705692322,1705693540,1,1218,22
2114,1705692563,1705692574,1705697578,1,5004,22
2115,1705692745,1705692745,1705694588,1,1843,37
2116,1705693075,1705693189,1705693392,2,203,56
2117,1705693338,1705693441,1705693673,2,232,22
2118,1705693339,1705708426,1705710878,2,2452,85
2119,1705693345,1705693441,1705693734,2,293,22
2120,1705693352,1705694061,1705694310,2,249,92
2121,1705693359,1705694061,1705694300,2,239,22
2122,1705693366,1705694430,1705694687,2,257,22
2123,1705693368,1705694061,1705701302,1,7241,25
2124,1705693368,1705694307,1705701542,1,7235,39
2125,1705693406,1705708554,1705711038,2,2484,91
2126,1705693536,1705708426,1705708666,64,240,416
2130,1705693894,1705708808,1705711256,2,2448,86
2131,1705693901,1705708808,1705711238,2,2430,86
2132,1705693907,1705708808,1705711347,2,2539,86
2134,1705693974,1705708808,1705711215,2,2407,86
2135,1705694040,1705708808,1705711286,2,2478,85
2136,1705694163,1705694167,1705694797,2,630,45
2137,1705694649,1705694676,1705695307,2,631,32
2138,1705694710,1705708808,1705711455,2,2647,483
2139,1705694739,1705694758,1705695971,1,1213,21
2140,1705694806,1705694806,1705694842,1,36,17
2141,1705694836,1705694926,1705695139,2,213,26
2142,1705694843,1705694926,1705695167,2,241,23
2143,1705694850,1705694926,1705695150,2,224,23
2144,1705694857,1705694926,1705695199,2,273,28
2145,1705694864,1705695049,1705695323,2,274,41
2146,1705694898,1705694926,1705702171,1,7245,22
2147,1705695164,1705699175,1705703235,1,4060,39
2148,1705695296,1705695296,1705695348,1,52,44
2149,1705695424,1705695556,1705695832,2,276,41
2150,1705695433,1705695556,1705695800,2,244,23
2151,1705695440,1705695556,1705696048,2,492,25
2152,1705695448,1705695556,1705695902,2,346,487
2153,1705695454,1705695680,1705696015,2,335,75
2154,1705695573,1705695574,1705695673,1,99,20
2155,1705695682,1705695682,1705698707,1,3025,22
2156,1705696192,1705696302,1705696630,2,328,25
2157,1705696199,1705696302,1705696484,2,182,23
2158,1705696206,1705696302,1705696626,2,324,48
2159,1705696212,1705696303,1705696613,2,310,22
2160,1705696219,1705696303,1705696613,2,310,36
2161,1705696623,1705704570,1705747806,8,43236,94
2162,1705696774,1705697918,1705698223,2,305,24
2163,1705696781,1705697918,1705698197,2,279,28
2164,1705696788,1705697918,1705698113,2,195,23
2165,1705696795,1705698171,1705698462,2,291,23
2166,1705696802,1705698295,1705698582,2,287,42
2167,1705696810,1705698420,1705703426,1,5006,22
2168,1705696848,1705699308,1705710133,1,10825,34
2169,1705696958,1705699308,1705700314,1,1006,32
2170,1705697212,1705698420,1705703455,1,5035,43
2171,1705697224,1705698420,1705703443,1,5023,57
2172,1705697312,1705709447,1705711919,2,2472,87
2173,1705697317,1705709447,1705711885,2,2438,86
2174,1705697384,1705709447,1705711958,2,2511,86
2175,1705697450,1705709447,1705711931,2,2484,85
2176,1705697461,1705698420,1705703426,1,5006,25
2177,1705697577,1705709447,1705711926,2,2479,85
2178,1705697578,1705698545,1705703567,1,5022,21
2179,1705697682,1705697684,1705704876,1,7192,22
2180,1705697703,1705709447,1705711919,2,2472,85
2181,1705697709,1705710217,1705712738,2,2521,87
2182,1705697715,1705710087,1705712677,2,2590,86
2183,1705697721,1705710217,1705712731,2,2514,86
2184,1705697808,1705781263,1705784425,1,3162,96
2185,1705697809,1705781674,1705797388,1,15714,74
2186,1705697848,1705710217,1705712736,2,2519,88
2187,1705697854,1705710217,1705712692,2,2475,86
2188,1705698282,1705710470,1705712944,2,2474,99
2189,1705698288,1705710344,1705712810,2,2466,86
2191,1705698296,1705710604,1705713053,2,2449,85
2192,1705698362,1705710604,1705713091,2,2487,86
2194,1705698429,1705710604,1705713077,2,2473,90
2195,1705698435,1705710983,1705713453,2,2470,85
2196,1705698440,1705710983,1705713458,2,2475,85
2197,1705698446,1705711110,1705713619,2,2509,89
2200,1705698573,1705711110,1705713562,2,2452,86
2201,1705698638,1705698669,1705698859,2,190,42
2202,1705698645,1705698923,1705699184,2,261,42
2203,1705698652,1705699175,1705699445,2,270,32
2204,1705698659,1705699175,1705699461,2,286,23
2205,1705698665,1705699175,1705699464,2,289,23
2206,1705698760,1705711237,1705713746,2,2509,86
2207,1705699263,1705699288,1705699380,1,92,31
2208,1705699287,1705699308,1705706557,1,7249,46
2209,1705699587,1705699680,1705699862,2,182,25
2210,1705699594,1705699680,1705699863,2,183,32
2211,1705699600,1705699680,1705699857,2,177,35
2212,1705699607,1705699680,1705699903,2,223,23
2213,1705699614,1705699680,1705699897,2,217,36
2214,1705699966,1705699966,1705699993,1,27,31
2215,1705699988,1705700431,1705700652,2,221,26
2216,1705699995,1705700678,1705700893,2,215,26
2217,1705700001,1705700926,1705701138,2,212,26
2218,1705700007,1705701176,1705701388,2,212,26
2219,1705700014,1705701424,1705701627,2,203,26
2220,1705700051,1705700057,1705700117,2,60,17
2221,1705700574,1705700575,1705700622,2,47,31
2222,1705700708,1705712759,1705792826,1,80067,20
2223,1705700712,1705715297,1705795243,1,79946,28
2224,1705700964,1705715297,1705732408,1,17111,28
2225,1705700995,1705724641,1705741608,1,16967,85
2226,1705700998,1705720475,1705737386,1,16911,19
2227,1705701003,1705724641,1705741536,1,16895,85
2228,1705701006,1705728425,1705745320,1,16895,22
2229,1705701059,1705706625,1705707522,1,897,44
2230,1705701172,1705701174,1705701211,2,37,31
2231,1705701302,1705701549,1705708785,1,7236,25
2232,1705701542,1705701674,1705708906,1,7232,26
2233,1705701668,1705701674,1705701900,2,226,38
2234,1705701670,1705710217,1705714582,1,4365,57
2235,1705701671,1705710469,1705715273,1,4804,58
2236,1705701671,1705710604,1705714113,1,3509,64
2237,1705701671,1705710604,1705714482,1,3878,81
2238,1705701672,1705710730,1705713162,1,2432,59
2239,1705701672,1705710730,1705713479,1,2749,60
2240,1705701672,1705710730,1705714316,1,3586,71
2241,1705701672,1705710730,1705714241,1,3511,70
2242,1705701673,1705711110,1705714906,1,3796,91
2243,1705701673,1705711362,1705715881,1,4519,70
2244,1705701675,1705701798,1705702006,2,208,23
2245,1705701675,1705711362,1705715221,1,3859,78
2246,1705701676,1705711617,1705718650,1,7033,57
2247,1705701677,1705711996,1705717137,1,5141,91
2248,1705701678,1705711996,1705719781,1,7785,89
2249,1705701678,1705711996,1705715321,1,3325,93
2250,1705701678,1705711996,1705715439,1,3443,92
2251,1705701679,1705712122,1705715709,1,3587,75
2252,1705701679,1705712122,1705717708,1,5586,70
2253,1705701679,1705712248,1705716561,1,4313,101
2254,1705701680,1705712377,1705715015,1,2638,89
2255,1705701680,1705712377,1705714541,1,2164,70
2256,1705701680,1705712377,1705715989,1,3612,71
2257,1705701680,1705712377,1705721077,1,8700,70
2258,1705701681,1705712377,1705715517,1,3140,70
2259,1705701681,1705712377,1705718511,1,6134,84
2260,1705701681,1705712505,1705715212,1,2707,81
2261,1705701682,1705701922,1705702114,2,192,35
2262,1705701682,1705712505,1705715709,1,3204,67
2263,1705701682,1705712505,1705720972,1,8467,66
2264,1705701682,1705712505,1705715171,1,2666,67
2265,1705701683,1705712505,1705721267,1,8762,67
2266,1705701683,1705712505,1705716157,1,3652,85
2267,1705701683,1705712633,1705716116,1,3483,58
2268,1705701683,1705712759,1705719014,1,6255,69
2269,1705701684,1705712633,1705715871,1,3238,57
2270,1705701684,1705712633,1705716060,1,3427,99
2271,1705701684,1705712633,1705716266,1,3633,58
2272,1705701685,1705712633,1705716228,1,3595,58
2273,1705701685,1705712759,1705716201,1,3442,57
2274,1705701685,1705712759,1705718902,1,6143,57
2275,1705701686,1705712759,1705716372,1,3613,57
2276,1705701686,1705712759,1705716256,1,3497,58
2277,1705701686,1705712759,1705716257,1,3498,57
2278,1705701686,1705712759,1705717887,1,5128,67
2279,1705701687,1705712759,1705717945,1,5186,60
2280,1705701687,1705712759,1705720092,1,7333,66
2281,1705701687,1705712759,1705716088,1,3329,57
2282,1705701688,1705712759,1705716235,1,3476,57
2283,1705701688,1705701922,1705702112,2,190,26
2284,1705701688,1705712759,1705716059,1,3300,57
2285,1705701688,1705712886,1705717758,1,4872,78
2286,1705701689,1705712886,1705717931,1,5045,85
2287,1705701689,1705712886,1705714729,1,1843,87
2288,1705701689,1705712886,1705718203,1,5317,57
2289,1705701690,1705712886,1705716150,1,3264,75
2290,1705701690,1705713012,1705718451,1,5439,58
2291,1705701690,1705713012,1705719356,1,6344,69
2292,1705701690,1705713012,1705716210,1,3198,57
2293,1705701691,1705713012,1705716995,1,3983,57
2294,1705701691,1705713012,1705716153,1,3141,71
2295,1705701691,1705713138,1705716836,1,3698,103
2296,1705701692,1705713138,1705719326,1,6188,58
2297,1705701692,1705713138,1705720493,1,7355,58
2298,1705701692,1705713138,1705715184,1,2046,86
2299,1705701693,1705713138,1705716082,1,2944,85
2300,1705701693,1705713138,1705716473,1,3335,90
2301,1705701693,1705713138,1705716888,1,3750,85
2302,1705701694,1705702046,1705702234,2,188,24
2303,1705701707,1705713269,1705716862,1,3593,59
2304,1705701707,1705713269,1705718804,1,5535,88
2305,1705701707,1705713396,1705719792,1,6396,76
2306,1705701707,1705713396,1705716593,1,3197,75
2307,1705701708,1705713524,1705718517,1,4993,78
2308,1705701708,1705713524,1705718660,1,5136,85
2309,1705701708,1705713524,1705718299,1,4775,85
2310,1705701709,1705713524,1705718386,1,4862,85
2311,1705701709,1705713524,1705716722,1,3198,85
2312,1705701709,1705713650,1705718468,1,4818,57
2313,1705701710,1705713650,1705717419,1,3769,57
2314,1705701710,1705713650,1705716605,1,2955,63
2315,1705701710,1705713650,1705717626,1,3976,57
2316,1705701710,1705713651,1705718480,1,4829,58
2317,1705701711,1705713777,1705717067,1,3290,71
2318,1705701711,1705713777,1705717110,1,3333,57
2319,1705701711,1705713777,1705716981,1,3204,58
2320,1705701712,1705713777,1705719082,1,5305,58
2321,1705701712,1705713904,1705719729,1,5825,57
2322,1705701712,1705713904,1705718656,1,4752,57
2323,1705701713,1705713904,1705716224,1,2320,57
2324,1705701713,1705713904,1705717334,1,3430,58
2325,1705701713,1705713904,1705717976,1,4072,58
2326,1705701713,1705713904,1705718459,1,4555,58
2327,1705701714,1705713904,1705718464,1,4560,58
2328,1705701714,1705713904,1705718535,1,4631,58
2329,1705701714,1705713904,1705718768,1,4864,57
2330,1705701715,1705713904,1705722369,1,8465,58
2331,1705701715,1705714158,1705722888,1,8730,455
2332,1705701715,1705714158,1705722050,1,7892,93
2333,1705701716,1705714158,1705717462,1,3304,94
2334,1705701716,1705714158,1705717359,1,3201,91
2335,1705701716,1705714288,1705719655,1,5367,57
2336,1705701717,1705714414,1705719740,1,5326,95
2337,1705701717,1705714540,1705718806,1,4266,71
2338,1705701717,1705714540,1705718902,1,4362,70
2339,1705701717,1705714540,1705718095,1,3555,71
2340,1705701718,1705714540,1705720663,1,6123,70
2341,1705701718,1705714540,1705720465,1,5925,70
2342,1705701718,1705714540,1705718016,1,3476,70
2343,1705701719,1705714540,1705718035,1,3495,70
2344,1705701719,1705714540,1705718002,1,3462,70
2345,1705701719,1705714666,1705719827,1,5161,69
2346,1705701720,1705714666,1705720369,1,5703,70
2347,1705701720,1705714666,1705717373,1,2707,70
2348,1705701720,1705714666,1705717738,1,3072,70
2349,1705701721,1705714666,1705716485,1,1819,70
2350,1705701721,1705715297,1705718458,1,3161,101
2351,1705701721,1705715297,1705720416,1,5119,80
2352,1705701721,1705715297,1705719953,1,4656,75
2353,1705701722,1705715297,1705719905,1,4608,77
2354,1705701722,1705715297,1705720366,1,5069,77
2355,1705701722,1705711363,1705713803,2,2440,85
2356,1705701722,1705715297,1705718761,1,3464,77
2357,1705701723,1705715297,1705719123,1,3826,70
2358,1705701723,1705715297,1705718200,1,2903,58
2359,1705701723,1705715297,1705718019,1,2722,57
2360,1705701724,1705715297,1705720403,1,5106,58
2361,1705701724,1705715297,1705718779,1,3482,81
2362,1705701724,1705715297,1705718762,1,3465,85
2363,1705701725,1705715554,1705721459,1,5905,58
2364,1705701725,1705715554,1705718187,1,2633,58
2365,1705701725,1705715681,1705718790,1,3109,75
2366,1705701726,1705715681,1705719400,1,3719,57
2367,1705701726,1705715943,1705719432,1,3489,57
2368,1705701726,1705715817,1705720117,1,4300,56
2369,1705701752,1705715943,1705724034,1,8091,57
2370,1705701752,1705715943,1705722536,1,6593,82
2371,1705701753,1705716195,1705721244,1,5049,71
2372,1705701753,1705716195,1705719935,1,3740,60
2373,1705701753,1705716069,1705721267,1,5198,112
2374,1705701754,1705716195,1705721650,1,5455,57
2375,1705701754,1705716195,1705719939,1,3744,66
2376,1705701754,1705716195,1705720657,1,4462,57
2377,1705701755,1705716195,1705721100,1,4905,110
2378,1705701755,1705716195,1705721954,1,5759,89
2379,1705701755,1705716195,1705720092,1,3897,71
2380,1705701755,1705716195,1705722081,1,5886,71
2381,1705701756,1705716195,1705726055,1,9860,62
2382,1705701756,1705716321,1705724217,1,7896,68
2383,1705701756,1705716321,1705724198,1,7877,58
2384,1705701757,1705716321,1705720648,1,4327,57
2385,1705701757,1705716321,1705722061,1,5740,61
2386,1705701757,1705716321,1705720739,1,4418,62
2387,1705701758,1705716321,1705720673,1,4352,60
2388,1705701758,1705716321,1705720651,1,4330,63
2389,1705701758,1705716321,1705722113,1,5792,62
2390,1705701759,1705716572,1705720368,1,3796,90
2391,1705701759,1705716701,1705724595,1,7894,81
2392,1705701759,1705716572,1705720524,1,3952,57
2393,1705701759,1705716701,1705721140,1,4439,92
2394,1705701760,1705716701,1705720959,1,4258,89
2395,1705701760,1705716701,1705718614,1,1913,92
2396,1705701760,1705716825,1705725899,1,9074,92
2397,1705701761,1705716825,1705718905,1,2080,71
2398,1705701761,1705716951,1705718768,1,1817,67
2399,1705701761,1705716951,1705720397,1,3446,69
2400,1705701762,1705717207,1705720549,1,3342,63
2401,1705701762,1705717077,1705722463,1,5386,64
2402,1705701762,1705717207,1705720464,1,3257,63
2403,1705701763,1705717207,1705721765,1,4558,72
2404,1705701763,1705717458,1705721923,1,4465,57
2405,1705701763,1705717458,1705720928,1,3470,89
2406,1705701763,1705717458,1705720942,1,3484,57
2407,1705701764,1705717583,1705723553,1,5970,75
2408,1705701764,1705717714,1705721263,1,3549,73
2409,1705701764,1705717843,1705723749,1,5906,57
2410,1705701765,1705717843,1705721414,1,3571,57
2411,1705701765,1705717969,1705723757,1,5788,66
2412,1705701765,1705718094,1705724024,1,5930,58
2413,1705701765,1705717969,1705725644,1,7675,57
2414,1705701766,1705717969,1705721591,1,3622,76
2415,1705701766,1705718094,1705722069,1,3975,57
2416,1705701766,1705718094,1705721544,1,3450,57
2417,1705701767,1705718094,1705722339,1,4245,69
2418,1705701767,1705718094,1705722412,1,4318,61
2419,1705701767,1705718094,1705723148,1,5054,68
2420,1705701768,1705718219,1705723992,1,5773,58
2421,1705701768,1705718219,1705723423,1,5204,61
2422,1705701768,1705718219,1705722422,1,4203,58
2423,1705701769,1705718597,1705721820,1,3223,65
2424,1705701769,1705718597,1705720487,1,1890,64
2425,1705701769,1705718597,1705723736,1,5139,58
2426,1705701769,1705718597,1705722616,1,4019,66
2427,1705701770,1705718597,1705723624,1,5027,59
2428,1705701770,1705718597,1705725454,1,6857,58
2429,1705701770,1705718597,1705720469,1,1872,70
2430,1705701771,1705718597,1705727018,1,8421,58
2431,1705701771,1705718597,1705727324,1,8727,86
2432,1705701771,1705718721,1705722729,1,4008,83
2433,1705701772,1705718721,1705723266,1,4545,81
2434,1705701799,1705718721,1705723908,1,5187,93
2435,1705701800,1705718721,1705724159,1,5438,110
2436,1705701802,1705718845,1705723965,1,5120,72
2437,1705701802,1705718845,1705722900,1,4055,58
2438,1705701802,1705718845,1705722397,1,3552,89
2439,1705701803,1705718845,1705725915,1,7070,68
2440,1705701803,1705718845,1705722593,1,3748,57
2441,1705701803,1705718845,1705724169,1,5324,92
2442,1705701803,1705718968,1705722576,1,3608,86
2443,1705701804,1705718968,1705722878,1,3910,84
2444,1705701804,1705718968,1705724280,1,5312,93
2445,1705701804,1705719092,1705725088,1,5996,71
2446,1705701805,1705719092,1705724353,1,5261,71
2447,1705701805,1705719216,1705728011,1,8795,95
2448,1705701805,1705719463,1705728190,1,8727,70
2449,1705701806,1705719463,1705724577,1,5114,73
2450,1705701806,1705719463,1705721287,1,1824,70
2451,1705701806,1705719590,1705724672,1,5082,89
2452,1705701806,1705719714,1705724528,1,4814,57
2453,1705701807,1705719973,1705725160,1,5187,57
2454,1705701807,1705719840,1705724999,1,5159,89
2455,1705701807,1705719840,1705724757,1,4917,58
2456,1705701808,1705719840,1705725584,1,5744,82
2457,1705701808,1705719840,1705726309,1,6469,58
2458,1705701808,1705719840,1705726933,1,7093,57
2459,1705701809,1705719840,1705724611,1,4771,69
2460,1705701809,1705719973,1705724617,1,4644,58
2461,1705701809,1705719973,1705724648,1,4675,61
2462,1705701810,1705719973,1705721947,1,1974,57
2463,1705701810,1705719973,1705726871,1,6898,58
2464,1705701810,1705720097,1705723313,1,3216,88
2465,1705701811,1705720223,1705723674,1,3451,78
2466,1705701811,1705720223,1705725359,1,5136,57
2467,1705701811,1705720223,1705723450,1,3227,57
2468,1705701811,1705720223,1705724532,1,4309,79
2469,1705701812,1705720223,1705723551,1,3328,57
2470,1705701812,1705720475,1705724049,1,3574,57
2471,1705701812,1705720475,1705724128,1,3653,103
2472,1705701813,1705720601,1705726847,1,6246,57
2473,1705701813,1705720475,1705724597,1,4122,63
2474,1705701813,1705720601,1705726488,1,5887,63
2475,1705701814,1705720475,1705724614,1,4139,73
2476,1705701814,1705720601,1705722473,1,1872,57
2477,1705701814,1705720475,1705728954,1,8479,67
2478,1705701815,1705720475,1705722354,1,1879,58
2479,1705701815,1705720601,1705725913,1,5312,59
2480,1705701815,1705720601,1705723275,1,2674,58
2481,1705701816,1705720475,1705726138,1,5663,62
2482,1705701816,1705720601,1705725477,1,4876,57
2483,1705701816,1705720601,1705725694,1,5093,59
2484,1705701817,1705720601,1705722485,1,1884,57
2485,1705701817,1705720601,1705727051,1,6450,58
2486,1705701817,1705720601,1705722472,1,1871,57
2487,1705701818,1705720601,1705726882,1,6281,78
2488,1705701818,1705720601,1705727639,1,7038,58
2489,1705701818,1705720726,1705727785,1,7059,92
2490,1705701818,1705720726,1705722514,1,1788,85
2491,1705701819,1705720726,1705725889,1,5163,68
2492,1705701819,1705720853,1705724756,1,3903,95
2493,1705701819,1705720853,1705722710,1,1857,88
2494,1705701820,1705720853,1705726834,1,5981,89
2495,1705701820,1705721105,1705723272,1,2167,71
2496,1705701820,1705720979,1705727968,1,6989,98
2497,1705701821,1705720979,1705724734,1,3755,56
2498,1705701821,1705720979,1705726926,1,5947,57
2499,1705701835,1705721105,1705726162,1,5057,57
2500,1705701835,1705721105,1705722983,1,1878,57
2501,1705701835,1705721105,1705728239,1,7134,57
2502,1705701836,1705721105,1705722961,1,1856,87
2503,1705701836,1705721105,1705723746,1,2641,88
2504,1705701836,1705721105,1705726144,1,5039,98
2505,1705701837,1705721105,1705724859,1,3754,94
2506,1705701837,1705721231,1705725384,1,4153,92
2507,1705701837,1705721357,1705724819,1,3462,81
2508,1705701838,1705721357,1705724952,1,3595,69
2509,1705701838,1705721357,1705725612,1,4255,84
2510,1705701838,1705721357,1705726870,1,5513,58
2511,1705701838,1705721357,1705729189,1,7832,58
2512,1705701839,1705721482,1705729628,1,8146,63
2513,1705701839,1705721735,1705725680,1,3945,93
2514,1705701839,1705721735,1705725801,1,4066,57
2515,1705701840,1705721988,1705724502,1,2514,57
2516,1705701840,1705722119,1705726134,1,4015,65
2517,1705701840,1705722244,1705724124,1,1880,58
2518,1705701841,1705722374,1705724237,1,1863,87
2519,1705701841,1705722374,1705730540,1,8166,59
2520,1705701841,1705722500,1705724332,1,1832,58
2521,1705701842,1705722500,1705724668,1,2168,64
2522,1705701842,1705722500,1705725120,1,2620,57
2523,1705701842,1705722625,1705727491,1,4866,57
2524,1705701842,1705722751,1705724613,1,1862,57
2525,1705701843,1705722751,1705724596,1,1845,69
2526,1705701843,1705722876,1705727602,1,4726,58
2527,1705701843,1705722876,1705726751,1,3875,57
2528,1705701844,1705723001,1705731721,1,8720,57
2529,1705701844,1705723001,1705727317,1,4316,58
2530,1705701844,1705723001,1705727311,1,4310,79
2531,1705701845,1705723127,1705728630,1,5503,86
2532,1705701845,1705723253,1705728841,1,5588,94
2533,1705701845,1705723253,1705727702,1,4449,92
2534,1705701846,1705723253,1705728396,1,5143,93
2535,1705701846,1705723378,1705727654,1,4276,63
2536,1705701846,1705723378,1705729027,1,5649,90
2537,1705701846,1705723378,1705729504,1,6126,112
2538,1705701847,1705723504,1705727595,1,4091,88
2539,1705701847,1705723504,1705727713,1,4209,81
2540,1705701847,1705723504,1705725608,1,2104,91
2541,1705701848,1705723630,1705725449,1,1819,115
2542,1705701848,1705723882,1705725736,1,1854,75
2543,1705701848,1705723756,1705725553,1,1797,70
2544,1705701849,1705723882,1705727961,1,4079,99
2545,1705701849,1705723882,1705726520,1,2638,101
2546,1705701849,1705723882,1705731999,1,8117,70
2547,1705701850,1705723882,1705725799,1,1917,69
2548,1705701850,1705724008,1705725793,1,1785,63
2549,1705701850,1705724008,1705725869,1,1861,64
2550,1705701850,1705724008,1705731870,1,7862,85
2551,1705701851,1705724260,1705732451,1,8191,57
2552,1705701851,1705724135,1705725971,1,1836,58
2553,1705701851,1705724135,1705726029,1,1894,79
2554,1705701852,1705724260,1705732243,1,7983,57
2555,1705701852,1705724260,1705726079,1,1819,69
2556,1705701852,1705724260,1705726065,1,1805,78
2557,1705701853,1705724260,1705726162,1,1902,63
2558,1705701853,1705724260,1705727989,1,3729,57
2559,1705701853,1705724260,1705726323,1,2063,58
2560,1705701854,1705724260,1705726175,1,1915,88
2561,1705701854,1705724386,1705726196,1,1810,68
2562,1705701854,1705724386,1705726538,1,2152,58
2563,1705701854,1705724386,1705726196,1,1810,58
2564,1705701870,1705724386,1705728660,1,4274,58
2565,1705701871,1705724386,1705730830,1,6444,57
2566,1705701871,1705724641,1705732798,1,8157,68
2567,1705701871,1705724641,1705732772,1,8131,58
2568,1705701871,1705724641,1705732843,1,8202,64
2569,1705701872,1705724641,1705732893,1,8252,118
2570,1705701872,1705724641,1705731210,1,6569,61
2571,1705701872,1705724641,1705734981,1,10340,61
2572,1705701873,1705724641,1705734521,1,9880,58
2573,1705701873,1705724641,1705733045,1,8404,57
2574,1705701873,1705724641,1705731683,1,7042,58
2575,1705701874,1705724641,1705731550,1,6909,73
2576,1705701874,1705724641,1705732872,1,8231,80
2577,1705701874,1705724641,1705733273,1,8632,102
2578,1705701874,1705724766,1705732921,1,8155,87
2579,1705701875,1705724892,1705732582,1,7690,87
2580,1705701875,1705724766,1705732708,1,7942,86
2581,1705701875,1705724892,1705732528,1,7636,87
2582,1705701876,1705724766,1705734979,1,10213,88
2583,1705701876,1705724766,1705735176,1,10410,88
2584,1705701876,1705724766,1705738288,1,13522,98
2585,1705701877,1705724892,1705735943,1,11051,109
2586,1705701877,1705725018,1705736244,1,11226,86
2587,1705701877,1705725018,1705736236,1,11218,89
2588,1705701878,1705725018,1705736080,1,11062,84
2589,1705701878,1705725018,1705733167,1,8149,87
2590,1705701878,1705725018,1705735798,1,10780,83
2591,1705701878,1705725018,1705735590,1,10572,85
2592,1705701879,1705725146,1705732765,1,7619,71
2593,1705701879,1705725146,1705735360,1,10214,70
2594,1705701879,1705725146,1705729457,1,4311,70
2595,1705701880,1705725146,1705728941,1,3795,71
2596,1705701880,1705725146,1705727289,1,2143,70
2597,1705701880,1705725146,1705729409,1,4263,91
2598,1705701881,1705725271,1705732591,1,7320,60
2599,1705701881,1705725271,1705731202,1,5931,65
2600,1705701881,1705725271,1705729486,1,4215,76
2601,1705701882,1705725271,1705730443,1,5172,61
2602,1705701882,1705725397,1705730840,1,5443,57
2603,1705701882,1705725522,1705732640,1,7118,89
2604,1705701882,1705725522,1705732626,1,7104,58
2605,1705701883,1705725522,1705733559,1,8037,57
2606,1705701883,1705725522,1705735672,1,10150,57
2607,1705701883,1705725522,1705735960,1,10438,73
2608,1705701884,1705725522,1705733153,1,7631,58
2609,1705701884,1705725522,1705733086,1,7564,58
2610,1705701884,1705725522,1705733105,1,7583,57
2611,1705701885,1705725649,1705733460,1,7811,91
2612,1705701885,1705725776,1705733458,1,7682,103
2613,1705701885,1705725649,1705736008,1,10359,80
2614,1705701886,1705725649,1705737503,1,11854,58
2615,1705701886,1705725776,1705736620,1,10844,63
2616,1705701886,1705725776,1705736335,1,10559,58
2617,1705701886,1705725776,1705736449,1,10673,59
2618,1705701887,1705725904,1705737716,1,11812,58
2619,1705701887,1705726035,1705736777,1,10742,65
2620,1705701888,1705725904,1705735608,1,9704,77
2621,1705701888,1705726161,1705736788,1,10627,60
2622,1705701888,1705725904,1705737988,1,12084,58
2623,1705701888,1705725904,1705733504,1,7600,84
2624,1705701889,1705726035,1705730453,1,4418,84
2625,1705701889,1705726035,1705732563,1,6528,58
2626,1705701889,1705726035,1705733582,1,7547,79
2627,1705701890,1705726035,1705735960,1,9925,60
2628,1705701890,1705726161,1705733960,1,7799,62
2629,1705701904,1705726161,1705727989,1,1828,86
2630,1705701905,1705726161,1705727999,1,1838,58
2631,1705701905,1705726161,1705728226,1,2065,57
2632,1705701905,1705726161,1705728243,1,2082,58
2633,1705701906,1705726161,1705728030,1,1869,57
2634,1705701906,1705726286,1705728076,1,1790,58
2635,1705701906,1705726286,1705734500,1,8214,106
2636,1705701907,1705726286,1705735227,1,8941,58
2637,1705701907,1705726286,1705735509,1,9223,95
2638,1705701907,1705726412,1705737139,1,10727,59
2639,1705701907,1705726412,1705737759,1,11347,87
2640,1705701908,1705726537,1705734175,1,7638,63
2641,1705701908,1705726537,1705728468,1,1931,78
2642,1705701908,1705726537,1705734958,1,8421,58
2643,1705701909,1705726537,1705734760,1,8223,58
2644,1705701909,1705726664,1705728487,1,1823,58
2645,1705701909,1705711363,1705713826,2,2463,86
2646,1705701909,1705726788,1705734802,1,8014,58
2647,1705701910,1705726912,1705736665,1,9753,58
2648,1705701910,1705726912,1705737287,1,10375,58
2649,1705701910,1705726912,1705737505,1,10593,58
2650,1705701910,1705726912,1705737303,1,10391,79
2651,1705701911,1705726912,1705737454,1,10542,58
2652,1705701911,1705726912,1705736241,1,9329,80
2653,1705701911,1705726912,1705736221,1,9309,58
2654,1705701912,1705726912,1705740002,1,13090,63
2655,1705701912,1705726912,1705737788,1,10876,60
2656,1705701912,1705726912,1705734617,1,7705,59
2657,1705701913,1705727037,1705734831,1,7794,58
2658,1705701913,1705727037,1705735012,1,7975,64
2659,1705701913,1705727296,1705737818,1,10522,96
2660,1705701914,1705727165,1705732006,1,4841,92
2661,1705701914,1705727165,1705732109,1,4944,89
2662,1705701914,1705727420,1705732756,1,5336,95
2663,1705701914,1705727420,1705732434,1,5014,77
2664,1705701915,1705727420,1705732438,1,5018,94
2665,1705701915,1705727544,1705732392,1,4848,70
2666,1705701915,1705727668,1705734977,1,7309,70
2667,1705701916,1705727920,1705733082,1,5162,58
2668,1705701916,1705727668,1705733108,1,5440,70
2669,1705701916,1705727668,1705735953,1,8285,70
2670,1705701917,1705727796,1705735154,1,7358,58
2671,1705701917,1705727796,1705737511,1,9715,58
2672,1705701917,1705728050,1705737280,1,9230,58
2673,1705701918,1705728050,1705738008,1,9958,71
2674,1705701918,1705728050,1705736283,1,8233,71
2675,1705701918,1705728050,1705738497,1,10447,58
2676,1705701918,1705728050,1705737994,1,9944,58
2677,1705701919,1705728050,1705740068,1,12018,58
2678,1705701919,1705728050,1705738243,1,10193,62
2679,1705701919,1705728050,1705739938,1,11888,63
2680,1705701920,1705728176,1705738787,1,10611,59
2681,1705701920,1705728300,1705740179,1,11879,72
2682,1705701920,1705728300,1705738876,1,10576,80
2683,1705701921,1705728300,1705739993,1,11693,71
2684,1705701921,1705728300,1705737530,1,9230,80
2685,1705701921,1705728425,1705737523,1,9098,70
2686,1705701923,1705728425,1705737703,1,9278,84
2687,1705701924,1705728550,1705739195,1,10645,71
2688,1705701925,1705728550,1705737501,1,8951,73
2689,1705701925,1705728674,1705739366,1,10692,61
2690,1705701926,1705728674,1705730470,1,1796,103
2691,1705701926,1705728923,1705730725,1,1802,57
2692,1705701926,1705729047,1705730905,1,1858,86
2693,1705701927,1705729047,1705737350,1,8303,67
2694,1705701927,1705729172,1705739798,1,10626,58
2695,1705702036,1705711491,1705714124,2,2633,482
2696,1705702042,1705711491,1705713942,2,2451,86
2697,1705702049,1705711617,1705714057,2,2440,85
2698,1705702055,1705711996,1705714397,2,2401,86
2699,1705702061,1705711996,1705714453,2,2457,87
2700,1705702067,1705711996,1705714417,2,2421,86
2701,1705702072,1705711996,1705714491,2,2495,86
2702,1705702078,1705712122,1705714585,2,2463,86
2703,1705702084,1705712760,1705715229,2,2469,86
2704,1705702091,1705712760,1705715199,2,2439,87
2705,1705702157,1705712760,1705715227,2,2467,86
2706,1705702171,1705702295,1705709536,1,7241,26
2707,1705702217,1705703056,1705704892,1,1836,22
2708,1705702223,1705712886,1705715351,2,2465,87
2709,1705702243,1705702295,1705703012,2,717,35
2710,1705702257,1705702295,1705702484,2,189,23
2711,1705702350,1705712886,1705713427,2,541,84
2712,1705702416,1705713524,1705714336,2,812,84
2713,1705702482,1705715044,1705717466,2,2422,87
2714,1705702488,1705715297,1705717795,2,2498,86
2715,1705702488,1705702547,1705703057,2,510,65
2716,1705702494,1705715297,1705717727,2,2430,86
2717,1705702499,1705702547,1705703048,2,501,66
2718,1705702500,1705715425,1705717888,2,2463,86
2719,1705702510,1705702547,1705703047,2,500,63
2720,1705702520,1705702547,1705703050,2,503,75
2721,1705702530,1705702547,1705703061,2,514,71
2722,1705702607,1705730536,1705815172,4,84636,40
3093,1705702607,1705729545,1705814182,4,84637,46
3098,1705702607,1705730412,1705815048,4,84636,38
2723,1705703020,1705783117,1705783657,3,540,90
2724,1705703038,1705703038,1705703082,1,44,18
2725,1705703147,1705703184,1705703706,2,522,65
2726,1705703157,1705703184,1705703699,2,515,62
2727,1705703167,1705703184,1705703694,2,510,75
2728,1705703176,1705703184,1705703689,2,505,63
2729,1705703186,1705703310,1705703820,2,510,66
2730,1705703245,1705703246,1705703408,1,162,27
2731,1705703426,1705708808,1705713814,1,5006,22
2732,1705703426,1705708808,1705713826,1,5018,21
2733,1705703426,1705703436,1705703481,1,45,18
2734,1705703443,1705708808,1705713839,1,5031,21
2735,1705703455,1705708808,1705713839,1,5031,22
2736,1705703567,1705708808,1705713864,1,5056,22
2737,1705704103,1705704190,1705704695,2,505,65
2738,1705704113,1705704190,1705704707,2,517,63
2739,1705704122,1705704190,1705704714,2,524,75
2740,1705704132,1705704190,1705704702,2,512,98
2741,1705704141,1705704190,1705704695,2,505,66
2742,1705704172,1705708808,1705794033,1,85225,58
2743,1705704173,1705708808,1705794033,1,85225,63
2744,1705704174,1705708808,1705708963,1,155,18
2745,1705704175,1705708808,1705794033,1,85225,68
2746,1705704176,1705708808,1705709018,1,210,20
2747,1705704177,1705704179,1705704407,2,228,18
2748,1705704177,1705708808,1705794033,1,85225,65
2749,1705704178,1705708808,1705794033,1,85225,61
2750,1705704179,1705708808,1705794033,1,85225,47
2751,1705704180,1705708808,1705794033,1,85225,50
2752,1705704197,1705715425,1705717964,2,2539,86
2753,1705704372,1705708808,1705708987,1,179,19
2754,1705704374,1705708808,1705794033,1,85225,40
2755,1705704409,1705704425,1705704635,2,210,18
2756,1705704507,1705717583,1705720057,2,2474,87
2757,1705704513,1705717843,1705720291,2,2448,86
2758,1705704519,1705717843,1705720250,2,2407,86
2759,1705704525,1705717970,1705720452,2,2482,86
2760,1705704531,1705718094,1705720641,2,2547,111
2761,1705704537,1705718343,1705720804,2,2461,87
2762,1705704543,1705718598,1705721064,2,2466,86
2763,1705704548,1705718845,1705721320,2,2475,103
2764,1705704554,1705719216,1705721706,2,2490,93
2765,1705704560,1705719840,1705722341,2,2501,87
2766,1705704613,1705704620,1705704845,2,225,18
2767,1705704627,1705719463,1705721980,2,2517,107
2768,1705704693,1705720347,1705722809,2,2462,86
2769,1705704699,1705720347,1705722878,2,2531,86
2770,1705704705,1705720476,1705722947,2,2471,86
2771,1705704711,1705720601,1705723105,2,2504,86
2772,1705704758,1705704827,1705705329,2,502,65
2773,1705704768,1705704827,1705705344,2,517,98
2774,1705704777,1705720726,1705723233,2,2507,86
2775,1705704777,1705704827,1705705351,2,524,62
2776,1705704787,1705704827,1705705335,2,508,63
2777,1705704796,1705704827,1705705332,2,505,63
2778,1705704847,1705704850,1705705308,2,458,18
2779,1705704953,1705704955,1705743823,1,38868,22
2780,1705704965,1705721357,1705723860,2,2503,101
2781,1705705083,1705705085,1705705359,2,274,19
2782,1705705213,1705721482,1705723979,2,2497,85
2783,1705705219,1705721609,1705724200,2,2591,88
2784,1705705285,1705721862,1705724309,2,2447,86
2785,1705705338,1705705349,1705705609,2,260,20
2786,1705705352,1705722119,1705724616,2,2497,85
2787,1705705358,1705721988,1705724543,2,2555,111
2788,1705705411,1705705468,1705706011,2,543,460
2789,1705705420,1705705468,1705705977,2,509,65
2790,1705705424,1705722119,1705724579,2,2460,107
2791,1705705429,1705705468,1705705985,2,517,62
2792,1705705438,1705705468,1705705981,2,513,62
2793,1705705447,1705705468,1705705969,2,501,62
2794,1705705551,1705722119,1705724645,2,2526,86
2795,1705705612,1705705617,1705705973,2,356,19
2796,1705705678,1705722500,1705724948,2,2448,86
2797,1705705744,1705722500,1705724964,2,2464,85
2798,1705705975,1705705997,1705706250,2,253,18
2799,1705706051,1705722626,1705725083,2,2457,86
2800,1705706063,1705706118,1705706683,2,565,459
2801,1705706072,1705706118,1705706639,2,521,65
2802,1705706081,1705706118,1705706629,2,511,62
2803,1705706089,1705706118,1705706637,2,519,62
2804,1705706098,1705706118,1705706632,2,514,63
2805,1705706252,1705706253,1705706777,2,524,19
2806,1705706557,1705708808,1705716053,1,7245,26
2807,1705706713,1705706881,1705707453,2,572,459
2808,1705706721,1705722626,1705725097,2,2471,106
2809,1705706722,1705707260,1705707783,2,523,71
2810,1705706731,1705707260,1705707763,2,503,62
2811,1705706740,1705707518,1705708023,2,505,62
2812,1705706748,1705707905,1705708409,2,504,71
2813,1705706780,1705706781,1705707282,2,501,18
2814,1705707270,1705722626,1705725141,2,2515,99
2815,1705707276,1705723001,1705725526,2,2525,86
2816,1705707282,1705723001,1705725477,2,2476,86
2817,1705707284,1705707307,1705707545,2,238,19
2818,1705707530,1705723001,1705725470,2,2469,86
2819,1705707547,1705707551,1705708034,2,483,18
2820,1705707688,1705824107,1705827732,16,3625,35
2821,1705707689,1705827854,1705831483,16,3629,35
2822,1705707689,1705832455,1705836101,16,3646,39
2823,1705707689,1705808561,1705812189,4,3628,47
2824,1705707690,1705812911,1705816539,4,3628,51
2825,1705707690,1705817479,1705821099,4,3620,30
2826,1705707690,1705823259,1705826891,4,3632,50
2827,1705707690,1705819764,1705823411,8,3647,31
2828,1705707691,1705825932,1705829560,8,3628,52
2829,1705707691,1705829781,1705833401,8,3620,53
2830,1705707778,1705723630,1705726098,2,2468,86
2831,1705707839,1705708041,1705709517,1,1476,20
2832,1705707846,1705723882,1705726400,2,2518,86
2833,1705708036,1705708041,1705708629,2,588,19
2834,1705708095,1705724261,1705726777,2,2516,108
2835,1705708286,1705708808,1705795199,1,86391,47
2836,1705708299,1705708808,1705795199,1,86391,36
2837,1705708342,1705724387,1705726853,2,2466,86
2838,1705708574,1705708808,1705709354,2,546,65
2839,1705708582,1705708808,1705709361,2,553,65
2840,1705708591,1705708808,1705709361,2,553,61
2841,1705708600,1705708808,1705709376,2,568,61
2842,1705708609,1705708808,1705709360,2,552,61
2843,1705708642,1705708642,1705709588,2,946,18
2844,1705708650,1705724641,1705727096,2,2455,88
2845,1705708785,1705708808,1705716053,1,7245,27
2846,1705708906,1705708935,1705716175,1,7240,26
2847,1705709137,1705709138,1705709179,1,41,19
2848,1705709318,1705709319,1705709356,1,37,20
2849,1705709342,1705730536,1705731272,1,736,55
2850,1705709343,1705730536,1705731995,1,1459,31
2851,1705709343,1705731407,1705732832,1,1425,32
2852,1705709343,1705731776,1705765335,1,33559,57
2853,1705709344,1705731776,1705769032,1,37256,39
2854,1705709525,1705709574,1705710082,2,508,62
2855,1705709533,1705709574,1705710097,2,523,65
2856,1705709536,1705709574,1705716806,1,7232,28
2857,1705709542,1705709827,1705710337,2,510,75
2858,1705709550,1705709959,1705710471,2,512,62
2859,1705709559,1705710087,1705710598,2,511,62
2860,1705709561,1705724641,1705727080,2,2439,87
2861,1705709602,1705709603,1705709954,1,351,29
2862,1705709727,1705709770,1705713402,1,3632,29
2863,1705709741,1705709770,1705713402,1,3632,29
2864,1705709747,1705709770,1705713402,1,3632,29
2865,1705709763,1705709770,1705713402,1,3632,29
2866,1705709808,1705724767,1705727288,2,2521,111
2867,1705709945,1705709945,1705710055,2,110,17
2868,1705710056,1705725650,1705728157,2,2507,87
2869,1705710059,1705710071,1705710212,2,141,43
2870,1705710216,1705710216,1705710432,2,216,18
2871,1705710303,1705726161,1705728635,2,2474,103
2872,1705710430,1705726161,1705728626,2,2465,107
2873,1705710436,1705710436,1705710662,2,226,42
2874,1705710556,1705727165,1705729664,2,2499,88
2875,1705710562,1705727165,1705729684,2,2519,87
2876,1705710568,1705727421,1705729875,2,2454,111
2877,1705710684,1705710685,1705710883,2,198,18
2878,1705710695,1705727796,1705730301,2,2505,86
2879,1705710777,1705710982,1705711485,2,503,62
2880,1705710870,1705710870,1705710974,2,104,42
2881,1705710942,1705728176,1705730690,2,2514,87
2882,1705710948,1705728674,1705731154,2,2480,108
2883,1705711014,1705728799,1705731275,2,2476,87
2884,1705711020,1705729298,1705731819,2,2521,86
2885,1705711057,1705711058,1705711187,2,129,18
2886,1705711086,1705729793,1705732251,2,2458,88
2887,1705711273,1705730536,1705733007,2,2471,112
2888,1705711279,1705730783,1705733275,2,2492,86
2889,1705711285,1705731283,1705733725,2,2442,96
2890,1705711352,1705731407,1705733914,2,2507,87
2891,1705711418,1705731283,1705733764,2,2481,92
2892,1705711484,1705731899,1705734368,2,2469,100
2893,1705711912,1705732146,1705734631,2,2485,86
2894,1705711978,1705732269,1705734806,2,2537,88
2895,1705711984,1705732521,1705734985,2,2464,86
2896,1705711990,1705732898,1705735371,2,2473,107
2897,1705711997,1705732898,1705735344,2,2446,107
2898,1705712003,1705733148,1705735652,2,2504,111
2899,1705712237,1705712377,1705712432,1,55,40
2900,1705712252,1705712505,1705712544,1,39,23
2901,1705712596,1705712632,1705712676,1,44,18
2902,1705712735,1705734636,1705737167,2,2531,86
2903,1705712740,1705734889,1705737412,2,2523,87
2904,1705712807,1705734889,1705737401,2,2512,89
2905,1705712813,1705735020,1705737487,2,2467,86
2906,1705712819,1705735144,1705737608,2,2464,86
2907,1705712887,1705735020,1705737515,2,2495,89
2908,1705713014,1705735020,1705737487,2,2467,87
2909,1705713080,1705735144,1705737643,2,2499,86
2910,1705713148,1705735144,1705737691,2,2547,87
2911,1705713154,1705735273,1705737751,2,2478,86
2912,1705713324,1705713396,1705713453,1,57,74
2913,1705713463,1705735397,1705737851,2,2454,107
2914,1705713520,1705713524,1705714545,1,1021,60
2915,1705713531,1705735397,1705737911,2,2514,87
2916,1705713537,1705735397,1705737935,2,2538,86
2917,1705713603,1705735397,1705737936,2,2539,107
2918,1705713669,1705735520,1705738076,2,2556,86
2919,1705713796,1705735645,1705738161,2,2516,87
2920,1705713814,1705714032,1705719033,1,5001,22
2921,1705713826,1705714032,1705719060,1,5028,22
2922,1705713839,1705714159,1705719178,1,5019,28
2923,1705713839,1705714414,1705719444,1,5030,21
2924,1705713862,1705735768,1705738296,2,2528,111
2925,1705713864,1705714414,1705719444,1,5030,22
2926,1705713868,1705735768,1705738253,2,2485,86
2927,1705713980,1705734889,1705735098,2,209,20
2928,1705713995,1705736137,1705738656,2,2519,108
2929,1705714121,1705736014,1705738456,2,2442,102
2930,1705714189,1705736014,1705738495,2,2481,95
2931,1705714362,1705823259,1705826461,1,3202,30
2932,1705714363,1705823619,1705826818,1,3199,30
2933,1705714363,1705824477,1705827641,1,3164,50
2934,1705714363,1705824477,1705835426,1,10949,29
2935,1705714363,1705824477,1705827653,1,3176,27
2936,1705714364,1705824477,1705827632,1,3155,28
2937,1705714364,1705826412,1705829601,1,3189,35
2938,1705714364,1705826412,1705837384,1,10972,28
2939,1705714376,1705736260,1705738772,2,2512,108
2940,1705714442,1705736384,1705738886,2,2502,101
2941,1705714448,1705736384,1705738893,2,2509,99
2942,1705714514,1705736384,1705738844,2,2460,92
2943,1705714520,1705736756,1705739212,2,2456,90
2944,1705714646,1705736886,1705739410,2,2524,88
2945,1705714763,1705714793,1705721073,1,6280,41
2946,1705714776,1705715044,1705715597,1,553,57
2947,1705714898,1705714898,1705715025,1,127,45
2948,1705715043,1705731899,1705809039,1,77140,47
2949,1705715097,1705731899,1705807423,1,75524,47
2950,1705715108,1705732023,1705806178,1,74155,58
2951,1705715119,1705732023,1705805881,1,73858,47
2952,1705715154,1705732269,1705804250,1,71981,57
2953,1705715166,1705732520,1705805023,1,72503,46
2954,1705715179,1705732520,1705805705,1,73185,46
2955,1705715191,1705732646,1705808204,1,75558,46
2956,1705715221,1705732646,1705807455,1,74809,57
2957,1705715234,1705732646,1705805440,1,72794,58
2958,1705715244,1705732646,1705804659,1,72013,46
2959,1705715253,1705732646,1705804120,1,71474,58
2960,1705715255,1705737130,1705739630,2,2500,87
2961,1705715262,1705737252,1705739757,2,2505,87
2962,1705715267,1705737375,1705739903,2,2528,95
2963,1705715280,1705732771,1705805898,1,73127,58
2964,1705715283,1705715285,1705718907,1,3622,29
2965,1705715284,1705715285,1705718907,1,3622,29
2966,1705715284,1705715285,1705718907,1,3622,53
2967,1705715284,1705715285,1705718907,1,3622,31
2968,1705715284,1705718918,1705722539,1,3621,29
2969,1705715285,1705718918,1705722539,1,3621,28
2970,1705715285,1705718924,1705722569,1,3645,54
2971,1705715285,1705718924,1705722569,1,3645,29
2972,1705715286,1705722552,1705726174,1,3622,29
2973,1705715286,1705722552,1705726174,1,3622,31
2974,1705715286,1705722585,1705726204,1,3619,29
2975,1705715286,1705722585,1705726204,1,3619,29
2976,1705715287,1705726181,1705729810,1,3629,53
2977,1705715287,1705726181,1705729810,1,3629,28
2978,1705715287,1705726212,1705729840,1,3628,29
2979,1705715288,1705726212,1705729840,1,3628,31
2980,1705715288,1705729814,1705733444,1,3630,35
2981,1705715288,1705729814,1705733443,1,3629,29
2982,1705715293,1705732898,1705806496,1,73598,47
2983,1705715304,1705732898,1705807442,1,74544,46
2984,1705715318,1705732898,1705809715,1,76817,52
2985,1705715364,1705732898,1705810003,1,77105,47
2986,1705715375,1705733021,1705807981,1,74960,46
2987,1705715384,1705733148,1705807276,1,74128,58
2988,1705715392,1705733148,1705806796,1,73648,47
2989,1705715394,1705737375,1705739881,2,2506,86
2990,1705715407,1705733148,1705805169,1,72021,87
2991,1705715417,1705733148,1705805401,1,72253,46
2992,1705715428,1705733148,1705806164,1,73016,47
2993,1705715441,1705733148,1705808444,1,75296,46
2994,1705715655,1705733272,1705808590,1,75318,48
2995,1705715666,1705733272,1705806511,1,73239,47
2996,1705715676,1705733395,1705805558,1,72163,54
2997,1705715685,1705733395,1705805220,1,71825,47
2998,1705715717,1705733395,1705806845,1,73450,48
2999,1705715728,1705733641,1705807547,1,73906,47
3000,1705715738,1705733518,1705808677,1,75159,46
3001,1705715755,1705733518,1705810804,1,77286,46
3002,1705715804,1705733641,1705810501,1,76860,62
3003,1705715821,1705733641,1705808015,1,74374,46
3004,1705715829,1705733893,1705807602,1,73709,47
3005,1705715842,1705733893,1705807133,1,73240,53
3006,1705715861,1705733769,1705805428,1,71659,51
3007,1705715871,1705733769,1705805695,1,71926,47
3008,1705715880,1705734017,1705806966,1,72949,47
3009,1705715891,1705734017,1705808964,1,74947,46
3010,1705715910,1705734017,1705809606,1,75589,51
3011,1705715925,1705734264,1705807660,1,73396,52
3012,1705715935,1705734387,1705807065,1,72678,100
3013,1705715947,1705734387,1705806706,1,72319,85
3014,1705715964,1705734636,1705808835,1,74199,47
3015,1705715995,1705734510,1705806708,1,72198,46
3016,1705716003,1705734889,1705807473,1,72584,50
3017,1705716013,1705734765,1705808414,1,73649,47
3018,1705716022,1705734765,1705810121,1,75356,46
3019,1705716053,1705716195,1705723451,1,7256,26
3020,1705716053,1705716952,1705724204,1,7252,47
3021,1705716174,1705717077,1705724323,1,7246,27
3022,1705716806,1705720726,1705727984,1,7258,26
3023,1705717513,1705737498,1705739937,2,2439,86
3024,1705717760,1705737621,1705740118,2,2497,86
3025,1705717827,1705737498,1705739955,2,2457,88
3026,1705717953,1705737743,1705740187,2,2444,86
3027,1705718019,1705737621,1705740162,2,2541,86
3028,1705718609,1705718611,1705723441,1,4830,35
3029,1705718612,1705718619,1705723311,1,4692,21
3030,1705718613,1705718619,1705723402,1,4783,21
3031,1705718613,1705718619,1705723514,1,4895,21
3032,1705719033,1705723127,1705728132,1,5005,86
3033,1705719060,1705723379,1705728396,1,5017,34
3034,1705719178,1705723379,1705728396,1,5017,22
3035,1705719444,1705724009,1705729032,1,5023,85
3036,1705719444,1705724009,1705729019,1,5010,21
3037,1705720140,1705737621,1705740105,2,2484,86
3038,1705720327,1705737621,1705740122,2,2501,89
3039,1705720333,1705737621,1705740184,2,2563,101
3040,1705720520,1705737621,1705740095,2,2474,87
3041,1705720707,1705737743,1705740287,2,2544,99
3042,1705720834,1705737743,1705740264,2,2521,87
3043,1705721141,1705737743,1705740276,2,2533,87
3044,1705721334,1705728674,1705736294,1,7620,41
3045,1705721344,1705729047,1705737508,1,8461,58
3046,1705721389,1705737986,1705740502,2,2516,108
3047,1705721757,1705737864,1705740375,2,2511,86
3048,1705722064,1705737864,1705740430,2,2566,88
3049,1705722372,1705737986,1705740425,2,2439,86
3050,1705722861,1705737986,1705740429,2,2443,86
3051,1705722927,1705737986,1705740460,2,2474,107
3052,1705722993,1705738108,1705740571,2,2463,87
3053,1705723180,1705738108,1705740566,2,2458,86
3054,1705723307,1705738108,1705740609,2,2501,99
3055,1705723451,1705729793,1705737027,1,7234,27
3056,1705723916,1705738231,1705740677,2,2446,87
3057,1705724043,1705738357,1705740838,2,2481,111
3058,1705724203,1705733021,1705740272,1,7251,25
3059,1705724230,1705738357,1705740882,2,2525,92
3060,1705724323,1705733148,1705740392,1,7244,35
3061,1705724356,1705738357,1705740886,2,2529,86
3062,1705724603,1705738480,1705740984,2,2504,88
3063,1705724609,1705738604,1705741066,2,2462,86
3064,1705724675,1705738604,1705741122,2,2518,101
3065,1705724681,1705738728,1705741243,2,2515,108
3066,1705724989,1705738855,1705741375,2,2520,108
3067,1705724995,1705738979,1705741491,2,2512,101
3068,1705725121,1705738979,1705741519,2,2540,99
3069,1705725127,1705738979,1705741481,2,2502,86
3070,1705725194,1705739107,1705741596,2,2489,107
3071,1705725467,1705725650,1705725698,1,48,64
3072,1705725501,1705739355,1705741872,2,2517,90
3073,1705725507,1705739479,1705741974,2,2495,87
3074,1705725573,1705739479,1705741999,2,2520,89
3075,1705726183,1705739727,1705742212,2,2485,87
3076,1705726430,1705739980,1705742506,2,2526,88
3077,1705726858,1705739980,1705742497,2,2517,86
3078,1705726924,1705739980,1705742491,2,2511,86
3079,1705727111,1705740227,1705742750,2,2523,95
3080,1705727177,1705740227,1705742724,2,2497,87
3081,1705727322,1705727322,1705727412,1,90,18
3082,1705727364,1705740478,1705742957,2,2479,87
3083,1705727679,1705727683,1705728287,1,604,36
3084,1705727984,1705736511,1705743757,1,7246,27
3085,1705728131,1705736633,1705741643,1,5010,20
3086,1705728216,1705740972,1705743532,2,2560,86
3087,1705728396,1705737375,1705742377,1,5002,43
3088,1705728396,1705737375,1705742395,1,5020,22
3089,1705728704,1705741220,1705743725,2,2505,95
3090,1705728710,1705741471,1705743931,2,2460,108
3091,1705729019,1705737498,1705742510,1,5012,21
3092,1705729032,1705737498,1705742510,1,5012,21
3094,1705729742,1705741718,1705744223,2,2505,101
3095,1705729748,1705741718,1705744265,2,2547,116
3096,1705729935,1705741965,1705744433,2,2468,86
3097,1705730363,1705741965,1705744439,2,2474,99
3099,1705730732,1705741965,1705744460,2,2495,90
3100,1705730971,1705748317,1705768113,16,19796,102
3101,1705731222,1705741965,1705744450,2,2485,86
3102,1705731348,1705741965,1705744407,2,2442,87
3103,1705731899,1705741965,1705744453,2,2488,108
3104,1705732327,1705741965,1705744415,2,2450,85
3105,1705733057,1705741965,1705744440,2,2475,111
3106,1705733304,1705741965,1705744425,2,2460,107
3107,1705733792,1705741965,1705744443,2,2478,86
3108,1705733798,1705741965,1705744392,2,2427,101
3109,1705733985,1705741965,1705744490,2,2525,92
3110,1705734413,1705742087,1705744537,2,2450,87
3111,1705734661,1705742087,1705744556,2,2469,108
3112,1705734847,1705742087,1705744552,2,2465,86
3113,1705735034,1705742087,1705744512,2,2425,88
3114,1705735404,1705742333,1705744823,2,2490,87
3115,1705735410,1705742825,1705745280,2,2455,95
3116,1705735718,1705742951,1705745405,2,2454,86
3117,1705737027,1705737621,1705744868,1,7247,26
3118,1705737233,1705743319,1705745773,2,2454,85
3119,1705737481,1705743319,1705745772,2,2453,87
3120,1705737486,1705743809,1705746271,2,2462,86
3121,1705737553,1705743809,1705746268,2,2459,87
3122,1705737559,1705743937,1705746446,2,2509,86
3123,1705737565,1705743937,1705746471,2,2534,101
3124,1705737631,1705744060,1705746545,2,2485,86
3125,1705737697,1705744185,1705746688,2,2503,86
3126,1705737763,1705744185,1705746686,2,2501,99
3127,1705737830,1705744307,1705746803,2,2496,87
3128,1705737882,1705770208,1705791844,64,21636,66
3129,1705737896,1705744185,1705746721,2,2536,86
3130,1705737910,1705748440,1705770071,64,21631,69
3131,1705737962,1705744185,1705746645,2,2460,89
3132,1705737968,1705744307,1705746792,2,2485,95
3133,1705737974,1705744307,1705746905,2,2598,116
3134,1705738067,1705742951,1705747212,1,4261,72
3135,1705738067,1705742951,1705749784,1,6833,73
3136,1705738067,1705749057,1705757366,1,8309,58
3137,1705738068,1705749057,1705757206,1,8149,58
3138,1705738068,1705751653,1705759811,1,8158,81
3139,1705738068,1705751781,1705759992,1,8211,94
3140,1705738068,1705751781,1705760289,1,8508,91
3141,1705738069,1705751781,1705762205,1,10424,90
3142,1705738069,1705751781,1705762548,1,10767,91
3143,1705738069,1705751781,1705760295,1,8514,89
3144,1705738070,1705751781,1705759163,1,7382,90
3145,1705738070,1705751904,1705759764,1,7860,100
3146,1705738070,1705751904,1705760089,1,8185,102
3147,1705738071,1705751904,1705760171,1,8267,80
3148,1705738071,1705751904,1705760051,1,8147,81
3149,1705738071,1705752027,1705759663,1,7636,58
3150,1705738071,1705752027,1705759713,1,7686,58
3151,1705738072,1705752273,1705762107,1,9834,70
3152,1705738072,1705752650,1705762873,1,10223,93
3153,1705738072,1705752650,1705765345,1,12695,60
3154,1705738073,1705752650,1705761350,1,8700,111
3155,1705738073,1705752650,1705763411,1,10761,116
3156,1705738073,1705752776,1705763880,1,11104,89
3157,1705738074,1705752776,1705763703,1,10927,79
3158,1705738074,1705753027,1705763738,1,10711,65
3159,1705738074,1705753027,1705761182,1,8155,61
3160,1705738074,1705753152,1705763429,1,10277,59
3161,1705738076,1705753404,1705761537,1,8133,92
3162,1705738077,1705754032,1705761878,1,7846,70
3163,1705738077,1705754032,1705764217,1,10185,70
3164,1705738077,1705754544,1705759014,1,4470,96
3165,1705738078,1705754670,1705759145,1,4475,71
3166,1705738078,1705754418,1705757887,1,3469,57
3167,1705738078,1705754418,1705759809,1,5391,57
3168,1705738078,1705754418,1705758710,1,4292,59
3169,1705738079,1705754670,1705758992,1,4322,76
3170,1705738079,1705754670,1705759033,1,4363,75
3171,1705738079,1705754544,1705761298,1,6754,87
3172,1705738080,1705754544,1705760743,1,6199,88
3173,1705738080,1705754796,1705761767,1,6971,71
3174,1705738080,1705754796,1705762053,1,7257,68
3175,1705738081,1705755050,1705762782,1,7732,58
3176,1705738081,1705755176,1705764999,1,9823,70
3177,1705738081,1705755176,1705764918,1,9742,61
3178,1705738081,1705755302,1705762930,1,7628,64
3179,1705738082,1705755302,1705763280,1,7978,58
3180,1705738082,1705755302,1705762924,1,7622,79
3181,1705738082,1705755428,1705763040,1,7612,79
3182,1705738083,1705755428,1705765378,1,9950,79
3183,1705738083,1705755554,1705766059,1,10505,58
3184,1705738083,1705756803,1705767840,1,11037,58
3185,1705738084,1705756929,1705767070,1,10141,74
3186,1705738084,1705757308,1705768238,1,10930,117
3187,1705738084,1705757560,1705767042,1,9482,87
3188,1705738084,1705757936,1705769460,1,11524,58
3189,1705738085,1705758062,1705766624,1,8562,57
3190,1705738085,1705758188,1705768138,1,9950,86
3191,1705738085,1705758188,1705768929,1,10741,60
3192,1705738086,1705758580,1705768474,1,9894,67
3193,1705738086,1705758580,1705766369,1,7789,92
3194,1705738086,1705758580,1705762890,1,4310,91
3195,1705738087,1705759207,1705767355,1,8148,62
3196,1705738087,1705759081,1705766931,1,7850,72
3197,1705738087,1705759708,1705767821,1,8113,58
3198,1705738087,1705759836,1705767451,1,7615,87
3199,1705738101,1705744185,1705746637,2,2452,87
3200,1705738157,1705759836,1705766390,1,6554,92
3201,1705738158,1705760603,1705767167,1,6564,58
3202,1705738158,1705760603,1705768725,1,8122,58
3203,1705738158,1705760855,1705768995,1,8140,58
3204,1705738158,1705761367,1705769555,1,8188,90
3205,1705738159,1705761367,1705769829,1,8462,58
3206,1705738159,1705761874,1705770547,1,8673,69
3207,1705738159,1705761874,1705772475,1,10601,58
3208,1705738160,1705761874,1705770085,1,8211,59
3209,1705738160,1705762003,1705770382,1,8379,69
3210,1705738160,1705762130,1705768888,1,6758,58
3211,1705738161,1705762633,1705769659,1,7026,59
3212,1705738161,1705763010,1705771150,1,8140,64
3213,1705738161,1705763261,1705771534,1,8273,99
3214,1705738161,1705763389,1705771025,1,7636,66
3215,1705738162,1705763514,1705771238,1,7724,94
3216,1705738162,1705763514,1705771069,1,7555,78
3217,1705738162,1705763664,1705773793,1,10129,79
3218,1705738163,1705763790,1705773488,1,9698,80
3219,1705738163,1705764042,1705773830,1,9788,80
3220,1705738163,1705764293,1705777258,1,12965,59
3221,1705738164,1705764293,1705774649,1,10356,69
3222,1705738164,1705765052,1705775871,1,10819,58
3223,1705738164,1705765052,1705775775,1,10723,58
3224,1705738165,1705765427,1705775814,1,10387,63
3225,1705738165,1705765553,1705773846,1,8293,94
3226,1705738165,1705765553,1705776104,1,10551,93
3227,1705738165,1705765553,1705773758,1,8205,93
3228,1705738166,1705765553,1705773236,1,7683,91
3231,1705738167,1705766177,1705770447,1,4270,57
3232,1705738167,1705766425,1705770175,1,3750,57
3233,1705738167,1705766801,1705772207,1,5406,58
3234,1705738168,1705766801,1705771756,1,4955,58
3235,1705738168,1705766801,1705772486,1,5685,59
3236,1705738168,1705766801,1705771172,1,4371,57
3237,1705738168,1705766801,1705773247,1,6446,58
3238,1705738169,1705767048,1705773000,1,5952,59
3239,1705738169,1705767173,1705774158,1,6985,76
3240,1705738169,1705767173,1705774456,1,7283,57
3241,1705738170,1705767297,1705775121,1,7824,73
3242,1705738170,1705767426,1705777254,1,9828,70
3243,1705738170,1705767549,1705777670,1,10121,57
3244,1705738171,1705767918,1705775625,1,7707,58
3245,1705738171,1705768042,1705775539,1,7497,58
3246,1705738171,1705768042,1705776172,1,8130,106
3247,1705738172,1705768165,1705775827,1,7662,89
3248,1705738172,1705768165,1705775783,1,7618,59
3249,1705738172,1705768165,1705776307,1,8142,80
3250,1705738172,1705768165,1705776408,1,8243,88
3251,1705738173,1705768165,1705778639,1,10474,102
3252,1705738173,1705768165,1705778847,1,10682,81
3253,1705738173,1705768165,1705777155,1,8990,81
3254,1705738174,1705768165,1705779697,1,11532,81
3255,1705738174,1705768165,1705778518,1,10353,86
3256,1705738174,1705768165,1705778015,1,9850,80
3257,1705738175,1705768165,1705778946,1,10781,80
3258,1705738175,1705768165,1705780047,1,11882,81
3259,1705738175,1705768288,1705776147,1,7859,92
3260,1705738176,1705768780,1705775276,1,6496,58
3261,1705738176,1705768906,1705775720,1,6814,59
3262,1705738176,1705768906,1705776794,1,7888,58
3263,1705738176,1705769029,1705778863,1,9834,58
3264,1705738177,1705769029,1705776705,1,7676,59
3265,1705738227,1705744185,1705746640,2,2455,86
3266,1705738294,1705744185,1705746697,2,2512,92
3267,1705738360,1705744185,1705746677,2,2492,111
3268,1705738488,1705744561,1705747026,2,2465,86
3269,1705738554,1705745056,1705747515,2,2459,90
3270,1705738681,1705746045,1705748541,2,2496,86
3271,1705738807,1705746311,1705748839,2,2528,86
3272,1705738873,1705746818,1705749328,2,2510,92
3273,1705738939,1705746557,1705749004,2,2447,86
3274,1705738945,1705746557,1705749135,2,2578,86
3275,1705739253,1705746557,1705749091,2,2534,87
3276,1705739440,1705747065,1705749556,2,2491,86
3277,1705739687,1705747065,1705749695,2,2630,116
3278,1705739814,1705747312,1705749761,2,2449,87
3279,1705739940,1705747188,1705749650,2,2462,96
3280,1705739946,1705749183,1705751729,2,2546,86
3281,1705740013,1705749183,1705751663,2,2480,87
3282,1705740019,1705750049,1705752514,2,2465,86
3283,1705740145,1705750049,1705752600,2,2551,116
3284,1705740151,1705749925,1705752401,2,2476,92
3285,1705740151,1705772792,1705858969,32,86177,48
3286,1705740157,1705750049,1705752509,2,2460,95
3287,1705740163,1705750172,1705752645,2,2473,88
3288,1705740229,1705751904,1705754400,2,2496,86
3289,1705740235,1705751904,1705754352,2,2448,86
3290,1705740241,1705751904,1705754356,2,2452,87
3291,1705740272,1705740354,1705747602,1,7248,27
3292,1705740307,1705752027,1705754477,2,2450,86
3293,1705740313,1705753153,1705755616,2,2463,87
3294,1705740319,1705753153,1705755608,2,2455,87
3295,1705740392,1705740849,1705748082,1,7233,34
3296,1705740446,1705753153,1705755596,2,2443,86
3297,1705740451,1705755679,1705758146,2,2467,87
3298,1705740457,1705756052,1705758488,2,2436,87
3299,1705740463,1705756553,1705759073,2,2520,86
3300,1705740529,1705756678,1705759211,2,2533,108
3301,1705740535,1705757434,1705759933,2,2499,86
3302,1705740603,1705759081,1705761533,2,2452,91
3303,1705740609,1705759207,1705761658,2,2451,86
3304,1705740676,1705759333,1705761803,2,2470,108
3305,1705740742,1705759709,1705762164,2,2455,107
3306,1705740868,1705760213,1705762730,2,2517,108
3307,1705740935,1705760213,1705762710,2,2497,86
3308,1705740941,1705760729,1705763194,2,2465,106
3309,1705741007,1705760981,1705763458,2,2477,108
3310,1705741133,1705761240,1705763771,2,2531,89
3311,1705741200,1705761620,1705764079,2,2459,91
3312,1705741226,1705741226,1705742687,1,1461,29
3313,1705741226,1705741230,1705742687,1,1457,35
3314,1705741226,1705741230,1705742687,1,1457,53
3315,1705741227,1705741230,1705742687,1,1457,30
3316,1705741327,1705761747,1705764259,2,2512,86
3317,1705741431,1705741471,1705743263,1,1792,39
3318,1705741454,1705762130,1705764636,2,2506,85
3319,1705741520,1705762256,1705764795,2,2539,107
3320,1705741526,1705762759,1705765295,2,2536,107
3321,1705741593,1705762759,1705765278,2,2519,86
3322,1705741643,1705741964,1705746982,1,5018,43
3323,1705741659,1705763010,1705765534,2,2524,85
3324,1705741894,1705741894,1705749125,1,7231,348
3325,1705741906,1705763010,1705765486,2,2476,86
3326,1705742003,1705742005,1705742165,1,160,18
3327,1705742004,1705742005,1705742165,1,160,18
3328,1705742004,1705742005,1705742165,1,160,18
3329,1705742004,1705742005,1705742165,1,160,18
3330,1705742005,1705742180,1705742277,1,97,17
3331,1705742005,1705742181,1705742256,1,75,19
3332,1705742005,1705742181,1705742257,1,76,19
3333,1705742006,1705742181,1705742256,1,75,19
3334,1705742006,1705742273,1705742352,1,79,64
3335,1705742006,1705742273,1705742348,1,75,18
3336,1705742006,1705742273,1705742349,1,76,19
3337,1705742007,1705742286,1705742362,1,76,23
3338,1705742007,1705742360,1705742435,1,75,18
3339,1705742007,1705742368,1705742445,1,77,66
3340,1705742008,1705742368,1705742445,1,77,64
3341,1705742008,1705742368,1705742445,1,77,18
3342,1705742009,1705742546,1705742622,1,76,18
3343,1705742010,1705742551,1705742627,1,76,77
3344,1705742010,1705742552,1705742627,1,75,18
3345,1705742010,1705742553,1705742630,1,77,18
3346,1705742012,1705742737,1705742835,1,98,45
3347,1705742012,1705742737,1705742814,1,77,18
3348,1705742012,1705742737,1705742813,1,76,38
3349,1705742013,1705742737,1705742814,1,77,18
3350,1705742013,1705742833,1705742910,1,77,83
3351,1705742013,1705742826,1705742903,1,77,18
3352,1705742014,1705742833,1705742910,1,77,18
3353,1705742014,1705742840,1705742918,1,78,84
3354,1705742014,1705742926,1705743001,1,75,39
3355,1705742015,1705742926,1705743003,1,77,18
3356,1705742015,1705742926,1705743002,1,76,18
3357,1705742015,1705742926,1705743002,1,76,83
3358,1705742015,1705743018,1705743094,1,76,39
3359,1705742016,1705743018,1705743094,1,76,18
3360,1705742016,1705743019,1705743095,1,76,24
3361,1705742016,1705743019,1705743095,1,76,18
3362,1705742017,1705743110,1705743186,1,76,39
3363,1705742017,1705743110,1705743186,1,76,18
3364,1705742017,1705743110,1705743189,1,79,18
3365,1705742018,1705743111,1705743187,1,76,18
3366,1705742018,1705743203,1705743278,1,75,39
3367,1705742018,1705743196,1705743274,1,78,18
3368,1705742019,1705743203,1705743278,1,75,30
3369,1705742019,1705743204,1705743281,1,77,37
3370,1705742019,1705743290,1705743366,1,76,18
3371,1705742019,1705743290,1705743371,1,81,18
3372,1705742020,1705743294,1705743370,1,76,39
3373,1705742020,1705743380,1705743458,1,78,18
3374,1705742021,1705743383,1705743459,1,76,19
3375,1705742021,1705743386,1705743462,1,76,74
3376,1705742021,1705743388,1705743464,1,76,53
3377,1705742022,1705743474,1705743549,1,75,18
3378,1705742022,1705743474,1705743550,1,76,18
3379,1705742022,1705743477,1705743552,1,75,48
3380,1705742022,1705743478,1705743554,1,76,74
3381,1705742023,1705743560,1705743641,1,81,18
3382,1705742033,1705763262,1705765705,2,2443,107
3383,1705742039,1705763514,1705766105,2,2591,113
3384,1705742286,1705763790,1705766307,2,2517,94
3385,1705742289,1705743566,1705743642,1,76,18
3386,1705742290,1705743566,1705743642,1,76,18
3387,1705742290,1705743569,1705743645,1,76,48
3388,1705742290,1705743657,1705743734,1,77,105
3389,1705742291,1705743657,1705743733,1,76,18
3390,1705742291,1705743659,1705743737,1,78,66
3391,1705742291,1705743660,1705743735,1,75,74
3392,1705742292,1705743742,1705743819,1,77,18
3393,1705742292,1705743750,1705743826,1,76,105
3394,1705742292,1705743750,1705743826,1,76,18
3395,1705742293,1705743752,1705743828,1,76,74
3396,1705742293,1705743833,1705743911,1,78,18
3397,1705742293,1705743835,1705743911,1,76,18
3398,1705742294,1705743845,1705743921,1,76,46
3399,1705742294,1705743845,1705743921,1,76,25
3400,1705742294,1705743918,1705743996,1,78,18
3401,1705742294,1705743930,1705744006,1,76,18
3402,1705742295,1705743930,1705744008,1,78,18
3403,1705742295,1705743938,1705744015,1,77,46
3404,1705742295,1705744004,1705744082,1,78,18
3405,1705742296,1705744013,1705744089,1,76,18
3406,1705742296,1705744022,1705744099,1,77,56
3407,1705742296,1705744024,1705744124,1,100,28
3408,1705742297,1705744098,1705744194,1,96,18
3409,1705742297,1705744098,1705744177,1,79,39
3410,1705742297,1705744104,1705744198,1,94,19
3411,1705742297,1705744135,1705744211,1,76,56
3412,1705742298,1705744185,1705744261,1,76,24
3413,1705742298,1705744203,1705744279,1,76,39
3414,1705742299,1705744203,1705744280,1,77,18
3415,1705742299,1705744217,1705744296,1,79,18
3416,1705742299,1705744277,1705744353,1,76,18
3417,1705742300,1705744295,1705744370,1,75,24
3418,1705742300,1705744369,1705744447,1,78,74
3419,1705742300,1705744307,1705744385,1,78,39
3420,1705742301,1705744307,1705744385,1,78,18
3421,1705742301,1705744400,1705744478,1,78,59
3422,1705742301,1705744400,1705744478,1,78,18
3423,1705742302,1705744401,1705744478,1,77,39
3424,1705742302,1705744469,1705744553,1,84,19
3425,1705742302,1705744497,1705744580,1,83,59
3426,1705742302,1705744497,1705744583,1,86,67
3427,1705742303,1705744497,1705744581,1,84,18
3428,1705742303,1705744572,1705744648,1,76,19
3429,1705742303,1705744596,1705744672,1,76,59
3430,1705742304,1705744598,1705744674,1,76,18
3431,1705742304,1705744600,1705744678,1,78,67
3432,1705742304,1705744664,1705744744,1,80,20
3433,1705742305,1705744688,1705744765,1,77,27
3434,1705742305,1705744691,1705744767,1,76,18
3435,1705742305,1705744697,1705744773,1,76,39
3436,1705742305,1705744760,1705744842,1,82,25
3437,1705742306,1705744781,1705744862,1,81,27
3438,1705742306,1705744783,1705744867,1,84,18
3439,1705742306,1705744790,1705744870,1,80,39
3440,1705742307,1705744878,1705744954,1,76,25
3441,1705742307,1705744878,1705744954,1,76,24
3442,1705742307,1705744887,1705744963,1,76,38
3443,1705742308,1705744887,1705744966,1,79,42
3444,1705742310,1705745073,1705745149,1,76,82
3445,1705742310,1705745073,1705745149,1,76,94
3446,1705742377,1705742457,1705747445,1,4988,42
3447,1705742395,1705742457,1705747470,1,5013,22
3448,1705742510,1705742580,1705747602,1,5022,21
3449,1705742510,1705742580,1705747602,1,5022,21
3450,1705742533,1705763790,1705766278,2,2488,92
3451,1705742539,1705763916,1705766382,2,2466,88
3452,1705742545,1705764167,1705766616,2,2449,91
3453,1705742596,1705743074,1705751953,1,8879,107
3454,1705742603,1705745306,1705754187,1,8881,107
3455,1705742606,1705745553,1705754177,1,8624,107
3456,1705742610,1705746557,1705755271,1,8714,113
3457,1705742616,1705747563,1705756459,1,8896,106
3458,1705742620,1705748058,1705756715,1,8657,107
3459,1705742627,1705747935,1705754486,1,6551,97
3460,1705742629,1705747809,1705754326,1,6517,97
3461,1705742632,1705748317,1705754846,1,6529,99
3462,1705742635,1705748564,1705755096,1,6532,96
3463,1705742638,1705748564,1705755086,1,6522,95
3464,1705742641,1705748934,1705755490,1,6556,96
3465,1705742692,1705742692,1705744008,1,1316,29
3466,1705742692,1705742705,1705744008,1,1303,30
3467,1705742692,1705742705,1705744008,1,1303,29
3468,1705742693,1705742705,1705744008,1,1303,35
3469,1705742718,1705742825,1705743839,1,1014,135
3470,1705742792,1705764673,1705767138,2,2465,85
3471,1705742798,1705764927,1705767416,2,2489,91
3472,1705742985,1705764927,1705767435,2,2508,86
3473,1705743507,1705743564,1705743922,2,358,23
3474,1705743514,1705743564,1705743838,2,274,85
3475,1705743521,1705743564,1705743817,2,253,23
3476,1705743528,1705743564,1705743754,2,190,44
3477,1705743536,1705743564,1705743817,2,253,86
3478,1705743593,1705745073,1705745150,1,77,72
3479,1705743593,1705745076,1705745152,1,76,18
3480,1705743594,1705745167,1705745243,1,76,23
3481,1705743594,1705745167,1705745243,1,76,29
3482,1705743594,1705745173,1705745248,1,75,18
3483,1705743594,1705745259,1705745336,1,77,23
3484,1705743595,1705764927,1705767457,2,2530,85
3485,1705743595,1705745265,1705745341,1,76,18
3486,1705743595,1705745358,1705745436,1,78,50
3487,1705743595,1705745452,1705745528,1,76,50
3488,1705743596,1705745544,1705745623,1,79,18
3489,1705743596,1705745771,1705745846,1,75,18
3490,1705743597,1705745778,1705745860,1,82,19
3491,1705743597,1705745778,1705745862,1,84,18
3492,1705743597,1705745778,1705745865,1,87,18
3493,1705743598,1705745876,1705745962,1,86,18
3494,1705743598,1705745876,1705745952,1,76,57
3495,1705743598,1705745879,1705745957,1,78,37
3496,1705743599,1705745881,1705745959,1,78,33
3497,1705743599,1705745971,1705746047,1,76,19
3498,1705743599,1705745971,1705746047,1,76,57
3499,1705743599,1705745973,1705746049,1,76,37
3500,1705743600,1705745978,1705746054,1,76,18
3501,1705743600,1705746063,1705746142,1,79,19
3502,1705743600,1705746064,1705746140,1,76,57
3503,1705743601,1705746066,1705746142,1,76,18
3504,1705743601,1705746071,1705746149,1,78,18
3505,1705743601,1705746156,1705746237,1,81,21
3506,1705743602,1705746156,1705746239,1,83,18
3507,1705743602,1705746158,1705746239,1,81,19
3508,1705743602,1705746159,1705746243,1,84,18
3509,1705743603,1705746254,1705746329,1,75,20
3510,1705743603,1705746254,1705746336,1,82,18
3511,1705743603,1705746255,1705746334,1,79,19
3512,1705743603,1705746256,1705746335,1,79,18
3513,1705743604,1705746348,1705746424,1,76,18
3514,1705743604,1705746348,1705746423,1,75,20
3515,1705743604,1705746350,1705746428,1,78,19
3516,1705743605,1705746352,1705746428,1,76,18
3517,1705743605,1705746434,1705746511,1,77,18
3518,1705743605,1705746444,1705746520,1,76,40
3519,1705743606,1705746444,1705746521,1,77,18
3520,1705743606,1705746444,1705746520,1,76,49
3521,1705743606,1705746530,1705746605,1,75,18
3522,1705743607,1705746530,1705746606,1,76,18
3523,1705743607,1705746537,1705746613,1,76,21
3524,1705743607,1705746537,1705746615,1,78,19
3525,1705743608,1705746620,1705746697,1,77,18
3526,1705743608,1705746622,1705746698,1,76,19
3527,1705743608,1705746622,1705746699,1,77,19
3528,1705743609,1705746629,1705746705,1,76,21
3529,1705743609,1705746704,1705746783,1,79,19
3530,1705743609,1705746721,1705746802,1,81,25
3531,1705743610,1705746721,1705746802,1,81,18
3532,1705743610,1705746721,1705746803,1,82,24
3533,1705743610,1705746800,1705746878,1,78,34
3534,1705743611,1705746814,1705746896,1,82,20
3535,1705743611,1705746820,1705746897,1,77,25
3536,1705743611,1705746820,1705746896,1,76,18
3537,1705743612,1705746894,1705746969,1,75,34
3538,1705743612,1705746913,1705746989,1,76,75
3539,1705743612,1705746913,1705746989,1,76,75
3540,1705743612,1705746913,1705746990,1,77,71
3541,1705743613,1705746998,1705747074,1,76,54
3542,1705743613,1705746998,1705747075,1,77,18
3543,1705743757,1705743809,1705751052,1,7243,47
3544,1705743781,1705764927,1705767408,2,2481,85
3545,1705743825,1705743936,1705744064,1,128,17
3546,1705743852,1705743936,1705830328,1,86392,24
3547,1705743911,1705744307,1705744547,2,240,23
3548,1705743918,1705744185,1705744502,2,317,22
3549,1705743925,1705743936,1705744193,2,257,24
3550,1705743933,1705743936,1705744179,2,243,32
3551,1705743940,1705744307,1705744567,2,260,27
3552,1705743969,1705764927,1705767413,2,2486,86
3553,1705744004,1705744060,1705758499,1,14439,122
3554,1705744236,1705744307,1705753998,1,9691,79
3555,1705744239,1705744240,1705745758,1,1518,28
3556,1705744239,1705744240,1705745758,1,1518,53
3557,1705744240,1705744243,1705745758,1,1515,27
3558,1705744240,1705744243,1705745767,1,1524,27
3559,1705744276,1705764927,1705767434,2,2507,86
3560,1705744343,1705764927,1705767420,2,2493,86
3561,1705744449,1705744459,1705751702,1,7243,18
3562,1705744469,1705764927,1705767418,2,2491,86
3563,1705744475,1705764927,1705765619,2,692,105
3564,1705744481,1705765428,1705767940,2,2512,108
3565,1705744487,1705765428,1705767898,2,2470,87
3566,1705744493,1705765428,1705767934,2,2506,108
3567,1705744499,1705765679,1705768229,2,2550,86
3568,1705744505,1705766177,1705768689,2,2512,108
3569,1705744511,1705766177,1705768792,2,2615,113
3570,1705744517,1705766301,1705768784,2,2483,92
3571,1705744684,1705744684,1705744992,2,308,23
3572,1705744691,1705744808,1705745080,2,272,44
3573,1705744698,1705744808,1705745013,2,205,27
3574,1705744705,1705744808,1705745136,2,328,27
3575,1705744712,1705744808,1705745068,2,260,22
3576,1705744721,1705744808,1705745161,2,353,28
3577,1705744728,1705744808,1705744988,2,180,25
3578,1705744735,1705744932,1705745301,2,369,23
3579,1705744743,1705744932,1705745240,2,308,22
3580,1705744750,1705745055,1705745288,2,233,23
3581,1705744868,1705745430,1705752673,1,7243,26
3582,1705745174,1705745212,1705752453,1,7241,39
3583,1705745230,1705745259,1705752482,1,7223,29
3584,1705745293,1705745352,1705748943,1,3591,18
3585,1705745308,1705745430,1705745678,2,248,47
3586,1705745315,1705745430,1705745614,2,184,23
3587,1705745323,1705745430,1705745699,2,269,22
3588,1705745330,1705745430,1705745682,2,252,44
3589,1705745337,1705745430,1705745613,2,183,27
3590,1705745601,1705745676,1705754264,1,8588,124
3591,1705745711,1705745799,1705746099,2,300,23
3592,1705745718,1705745799,1705746081,2,282,23
3593,1705745726,1705745799,1705745984,2,185,22
3594,1705745733,1705745799,1705746146,2,347,44
3595,1705745740,1705745799,1705745981,2,182,85
3596,1705745749,1705745799,1705746160,2,361,87
3597,1705745756,1705745799,1705746053,2,254,27
3598,1705745763,1705745799,1705746051,2,252,22
3599,1705745770,1705745799,1705746111,2,312,25
3600,1705745777,1705745799,1705746012,2,213,31
3601,1705745974,1705745975,1705746079,1,104,33
3602,1705746152,1705746187,1705746429,2,242,23
3603,1705746159,1705746187,1705746497,2,310,24
3604,1705746167,1705746187,1705746466,2,279,23
3605,1705746175,1705746187,1705746437,2,250,22
3606,1705746182,1705746187,1705746378,2,191,44
3607,1705746560,1705746694,1705746973,2,279,23
3608,1705746567,1705746694,1705746931,2,237,45
3609,1705746574,1705746694,1705746976,2,282,110
3610,1705746581,1705746941,1705747179,2,238,24
3611,1705746588,1705746818,1705747069,2,251,95
3612,1705746664,1705760473,1705766710,8,6237,41
3613,1705746982,1705747065,1705752068,1,5003,22
3614,1705747351,1705747352,1705747433,1,81,19
3615,1705747351,1705747352,1705747433,1,81,18
3616,1705747351,1705747352,1705747433,1,81,20
3617,1705747352,1705747352,1705747434,1,82,18
3618,1705747352,1705747450,1705747533,1,83,19
3619,1705747352,1705747450,1705747533,1,83,21
3620,1705747353,1705747450,1705747532,1,82,18
3621,1705747353,1705747450,1705747533,1,83,18
3622,1705747353,1705747548,1705747630,1,82,18
3623,1705747354,1705747549,1705747630,1,81,19
3624,1705747354,1705747549,1705747633,1,84,37
3625,1705747354,1705747549,1705747632,1,83,70
3626,1705747354,1705747646,1705747727,1,81,39
3627,1705747355,1705747646,1705747728,1,82,38
3628,1705747355,1705747648,1705747729,1,81,70
3629,1705747355,1705747650,1705747731,1,81,37
3630,1705747356,1705747743,1705747824,1,81,59
3631,1705747356,1705747744,1705747828,1,84,49
3632,1705747356,1705747746,1705747828,1,82,52
3633,1705747357,1705747747,1705747830,1,83,45
3634,1705747357,1705747840,1705747921,1,81,59
3635,1705747357,1705747845,1705747926,1,81,49
3636,1705747358,1705747845,1705747929,1,84,52
3637,1705747358,1705747846,1705747926,1,80,45
3638,1705747358,1705747943,1705748019,1,76,18
3639,1705747358,1705747943,1705748019,1,76,19
3640,1705747359,1705747946,1705748022,1,76,21
3641,1705747359,1705747935,1705748036,1,101,17
3642,1705747360,1705748052,1705748132,1,80,21
3643,1705747360,1705748052,1705748134,1,82,17
3644,1705747360,1705748127,1705748209,1,82,18
3645,1705747361,1705748128,1705748210,1,82,18
3646,1705747361,1705748149,1705748229,1,80,21
3647,1705747361,1705748156,1705748237,1,81,52
3648,1705747362,1705748225,1705748305,1,80,54
3649,1705747362,1705748226,1705748306,1,80,50
3650,1705747362,1705748254,1705748334,1,80,20
3651,1705747363,1705748254,1705748335,1,81,18
3652,1705747363,1705748321,1705748401,1,80,54
3653,1705747363,1705748323,1705748405,1,82,50
3654,1705747363,1705748351,1705748432,1,81,42
3655,1705747364,1705748351,1705748432,1,81,18
3656,1705747364,1705748417,1705748497,1,80,18
3657,1705747364,1705748422,1705748503,1,81,18
3658,1705747365,1705748449,1705748530,1,81,18
3659,1705747365,1705748449,1705748529,1,80,42
3660,1705747365,1705748513,1705748589,1,76,18
3661,1705747366,1705748519,1705748597,1,78,18
3662,1705747366,1705748546,1705748627,1,81,22
3663,1705747366,1705748548,1705748625,1,77,19
3664,1705747366,1705748605,1705748681,1,76,18
3665,1705747366,1705747368,1705747915,1,547,27
3666,1705747367,1705748613,1705748690,1,77,18
3667,1705747367,1705748642,1705748718,1,76,52
3668,1705747367,1705748644,1705748723,1,79,40
3669,1705747368,1705748706,1705748782,1,76,62
3670,1705747368,1705748734,1705748812,1,78,52
3671,1705747369,1705748740,1705748819,1,79,40
3672,1705747369,1705748792,1705748873,1,81,53
3673,1705747369,1705748801,1705748882,1,81,62
3674,1705747369,1705748828,1705748909,1,81,17
3675,1705747370,1705748835,1705748915,1,80,20
3676,1705747370,1705748889,1705748964,1,75,29
3677,1705747396,1705748899,1705748978,1,79,19
3678,1705747396,1705748926,1705749001,1,75,17
3679,1705747397,1705748932,1705749010,1,78,20
3680,1705747397,1705748994,1705749070,1,76,19
3681,1705747397,1705748994,1705749071,1,77,18
3682,1705747398,1705749018,1705749094,1,76,17
3683,1705747398,1705749027,1705749105,1,78,22
3684,1705747398,1705749087,1705749163,1,76,18
3685,1705747399,1705749088,1705749164,1,76,18
3686,1705747399,1705749110,1705749189,1,79,17
3687,1705747399,1705749128,1705749204,1,76,31
3688,1705747399,1705749183,1705749263,1,80,59
3689,1705747400,1705749194,1705749293,1,99,18
3690,1705747400,1705749183,1705749260,1,77,71
3691,1705747400,1705749212,1705749288,1,76,21
3692,1705747401,1705749281,1705749379,1,98,59
3693,1705747401,1705749281,1705749379,1,98,20
3694,1705747401,1705749298,1705749403,1,105,71
3695,1705747402,1705749304,1705749401,1,97,45
3696,1705747402,1705749395,1705749471,1,76,18
3697,1705747402,1705749395,1705749471,1,76,53
3698,1705747403,1705749413,1705749489,1,76,83
3699,1705747403,1705749429,1705749508,1,79,35
3700,1705747403,1705749487,1705749563,1,76,31
3701,1705747403,1705749487,1705749564,1,77,17
3702,1705747404,1705749501,1705749578,1,77,18
3703,1705747404,1705749519,1705749595,1,76,22
3704,1705747405,1705749572,1705749648,1,76,18
3705,1705747405,1705749587,1705749665,1,78,17
3706,1705747405,1705749590,1705749684,1,94,31
3707,1705747406,1705749664,1705749744,1,80,55
3708,1705747406,1705749676,1705749759,1,83,18
3709,1705747406,1705749700,1705749782,1,82,31
3710,1705747407,1705749700,1705749784,1,84,18
3711,1705747407,1705749775,1705749853,1,78,55
3712,1705747407,1705749775,1705749853,1,78,19
3713,1705747407,1705749793,1705749877,1,84,17
3714,1705747408,1705749798,1705749874,1,76,18
3715,1705747408,1705749861,1705749941,1,80,18
3716,1705747409,1705749869,1705749950,1,81,22
3717,1705747409,1705749889,1705749969,1,80,19
3718,1705747409,1705749890,1705749976,1,86,53
3719,1705747410,1705749958,1705750041,1,83,41
3720,1705747410,1705749985,1705750063,1,78,19
3721,1705747410,1705749993,1705750074,1,81,53
3722,1705747411,1705750054,1705750130,1,76,17
3723,1705747411,1705750049,1705750131,1,82,20
3724,1705747411,1705750068,1705750145,1,77,41
3725,1705747412,1705750161,1705750243,1,82,18
3726,1705747412,1705750161,1705750243,1,82,21
3727,1705747412,1705750161,1705750241,1,80,19
3728,1705747413,1705750161,1705750243,1,82,18
3729,1705747414,1705750259,1705750342,1,83,18
3730,1705747414,1705750259,1705750340,1,81,72
3731,1705747415,1705750355,1705750438,1,83,20
3732,1705747415,1705750355,1705750434,1,79,18
3733,1705747415,1705750355,1705750435,1,80,80
3734,1705747416,1705750357,1705750437,1,80,72
3735,1705747416,1705750451,1705750531,1,80,18
3736,1705747416,1705750451,1705750536,1,85,18
3737,1705747445,1705747563,1705752582,1,5019,22
3738,1705747470,1705748058,1705753099,1,5041,22
3739,1705747491,1705748960,1705749027,1,67,18
3740,1705747602,1705748317,1705753349,1,5032,42
3741,1705747602,1705747686,1705754930,1,7244,26
3742,1705747602,1705748934,1705753965,1,5031,22
3743,1705747921,1705747938,1705750543,1,2605,28
3744,1705748082,1705748183,1705755441,1,7258,35
3745,1705748948,1705749925,1705750043,1,118,20
3746,1705749066,1705749067,1705749574,1,507,18
3747,1705749436,1705749553,1705749807,2,254,29
3748,1705749443,1705749676,1705749911,2,235,23
3749,1705749450,1705749676,1705749919,2,243,96
3750,1705749457,1705749799,1705750018,2,219,53
3751,1705749465,1705749799,1705750057,2,258,88
3752,1705749586,1705749587,1705750386,1,799,31
3753,1705750008,1705750451,1705750527,1,76,23
3754,1705750009,1705750451,1705750528,1,77,17
3755,1705750009,1705750542,1705750620,1,78,18
3756,1705750010,1705750542,1705750619,1,77,20
3757,1705750010,1705750641,1705750739,1,98,17
3758,1705750010,1705750641,1705750718,1,77,18
3759,1705750011,1705750641,1705750719,1,78,21
3760,1705750011,1705750641,1705750717,1,76,18
3761,1705750011,1705750733,1705750812,1,79,19
3762,1705750012,1705750733,1705750811,1,78,18
3763,1705750012,1705750733,1705750810,1,77,18
3764,1705750012,1705750750,1705750826,1,76,50
3765,1705750013,1705750821,1705750897,1,76,17
3766,1705750013,1705750821,1705750898,1,77,20
3767,1705750013,1705750821,1705750897,1,76,17
3768,1705750013,1705750839,1705750916,1,77,19
3769,1705750014,1705750930,1705751006,1,76,17
3770,1705750014,1705751001,1705751078,1,77,18
3771,1705750015,1705751001,1705751079,1,78,20
3772,1705750016,1705751001,1705751078,1,77,17
3773,1705750016,1705751019,1705751099,1,80,18
3774,1705750016,1705751094,1705751170,1,76,18
3775,1705750016,1705751094,1705751171,1,77,17
3776,1705750017,1705751094,1705751170,1,76,18
3777,1705750017,1705751112,1705751191,1,79,18
3778,1705750017,1705751181,1705751258,1,77,20
3779,1705750018,1705751181,1705751258,1,77,18
3780,1705750018,1705751181,1705751261,1,80,17
3781,1705750018,1705751199,1705751275,1,76,19
3782,1705750019,1705751273,1705751349,1,76,18
3783,1705750019,1705751273,1705751350,1,77,18
3784,1705750019,1705751283,1705751361,1,78,20
3785,1705750020,1705751283,1705751361,1,78,35
3786,1705750020,1705751359,1705751440,1,81,18
3787,1705750020,1705751359,1705751442,1,83,17
3788,1705750020,1705751366,1705751451,1,85,17
3789,1705750021,1705751366,1705751447,1,81,18
3790,1705750021,1705751456,1705751538,1,82,67
3791,1705750021,1705751456,1705751538,1,82,83
3792,1705750022,1705751456,1705751538,1,82,73
3793,1705750022,1705751456,1705751536,1,80,53
3794,1705750022,1705751553,1705751637,1,84,18
3795,1705750023,1705751553,1705751636,1,83,18
3796,1705750023,1705751553,1705751636,1,83,53
3797,1705750023,1705751553,1705751635,1,82,17
3798,1705750023,1705751652,1705751732,1,80,60
3799,1705750024,1705751652,1705751734,1,82,60
3800,1705750024,1705751652,1705751735,1,83,18
3801,1705750024,1705751655,1705751736,1,81,18
3802,1705750025,1705751749,1705751825,1,76,17
3803,1705750025,1705751750,1705751826,1,76,18
3804,1705750025,1705751751,1705751827,1,76,53
3805,1705750026,1705751799,1705751880,1,81,52
3806,1705750026,1705751841,1705751921,1,80,17
3807,1705750026,1705751843,1705751923,1,80,18
3808,1705750026,1705751844,1705751924,1,80,27
3809,1705750027,1705751896,1705751974,1,78,18
3810,1705750027,1705751938,1705752018,1,80,83
3811,1705750027,1705751939,1705752019,1,80,80
3812,1705750028,1705751941,1705752022,1,81,66
3813,1705750203,1705750665,1705750914,2,249,67
3814,1705750211,1705751036,1705751266,2,230,44
3815,1705750218,1705751283,1705751538,2,255,44
3816,1705750225,1705751406,1705751684,2,278,23
3817,1705750232,1705751653,1705751887,2,234,44
3818,1705750876,1705751990,1705752071,1,81,39
3819,1705750876,1705752035,1705752112,1,77,83
3820,1705750877,1705752035,1705752112,1,77,80
3821,1705750877,1705752038,1705752114,1,76,66
3822,1705750877,1705752091,1705752167,1,76,39
3823,1705750878,1705752128,1705752204,1,76,19
3824,1705750878,1705752128,1705752204,1,76,19
3825,1705750878,1705752131,1705752207,1,76,18
3826,1705750878,1705752184,1705752260,1,76,17
3827,1705750879,1705752221,1705752297,1,76,19
3828,1705750879,1705752221,1705752297,1,76,19
3829,1705750879,1705752223,1705752300,1,77,18
3830,1705750880,1705752276,1705752352,1,76,17
3831,1705750880,1705752313,1705752390,1,77,17
3832,1705750880,1705752314,1705752393,1,79,18
3833,1705750881,1705752316,1705752392,1,76,18
3834,1705750881,1705752368,1705752444,1,76,18
3835,1705750881,1705752406,1705752485,1,79,17
3836,1705750882,1705752408,1705752484,1,76,18
3837,1705750882,1705752409,1705752486,1,77,18
3838,1705750882,1705752461,1705752542,1,81,19
3839,1705750883,1705752500,1705752595,1,95,25
3840,1705750883,1705752500,1705752581,1,81,19
3841,1705750883,1705752502,1705752584,1,82,19
3842,1705750883,1705752558,1705752654,1,96,38
3843,1705750884,1705752607,1705752690,1,83,17
3844,1705750884,1705752607,1705752689,1,82,50
3845,1705750884,1705752607,1705752693,1,86,44
3846,1705750885,1705752659,1705752746,1,87,44
3847,1705750885,1705752705,1705752787,1,82,38
3848,1705750885,1705752705,1705752783,1,78,53
3849,1705750886,1705752707,1705752786,1,79,52
3850,1705750886,1705752762,1705752839,1,77,44
3851,1705750886,1705752800,1705752875,1,75,35
3852,1705750887,1705752802,1705752878,1,76,29
3853,1705750887,1705752803,1705752882,1,79,38
3854,1705750887,1705752856,1705752933,1,77,21
3855,1705750888,1705752892,1705752974,1,82,35
3856,1705750888,1705752895,1705752976,1,81,29
3857,1705750888,1705752899,1705752980,1,81,38
3858,1705750888,1705752949,1705753031,1,82,21
3859,1705750889,1705752990,1705753070,1,80,18
3860,1705750889,1705752993,1705753073,1,80,18
3861,1705750889,1705752996,1705753077,1,81,38
3862,1705750890,1705753048,1705753127,1,79,20
3863,1705750890,1705753087,1705753165,1,78,18
3864,1705750890,1705753089,1705753165,1,76,18
3865,1705750891,1705753091,1705753175,1,84,24
3866,1705750891,1705753182,1705753257,1,75,19
3867,1705750892,1705753182,1705753258,1,76,19
3868,1705750892,1705753192,1705753268,1,76,77
3869,1705750892,1705753237,1705753312,1,75,54
3870,1705750892,1705753273,1705753355,1,82,43
3871,1705750893,1705753273,1705753349,1,76,35
3872,1705750893,1705753275,1705753351,1,76,59
3873,1705750893,1705753330,1705753408,1,78,21
3874,1705750894,1705753365,1705753447,1,82,35
3875,1705750894,1705753368,1705753449,1,81,59
3876,1705750894,1705753378,1705753460,1,82,43
3877,1705750895,1705753424,1705753506,1,82,21
3878,1705750895,1705753465,1705753547,1,82,17
3879,1705750895,1705753465,1705753545,1,80,18
3880,1705750896,1705753477,1705753559,1,82,18
3881,1705750896,1705753519,1705753604,1,85,25
3882,1705751052,1705751407,1705758659,1,7252,25
3883,1705751600,1705751600,1705752631,1,1031,28
3884,1705751600,1705751601,1705752631,1,1030,28
3885,1705751655,1705766425,1705769995,1,3570,88
3886,1705751718,1705751719,1705752631,1,912,28
3887,1705751719,1705751719,1705752631,1,912,31
3888,1705751751,1705751752,1705751783,1,31,52
3889,1705752068,1705752902,1705757924,1,5022,20
3890,1705752069,1705752273,1705752568,2,295,47
3891,1705752075,1705752650,1705753135,2,485,24
3892,1705752082,1705752650,1705753014,2,364,24
3893,1705752090,1705752521,1705752939,2,418,29
3894,1705752097,1705752776,1705753108,2,332,23
3895,1705752117,1705772699,1705793673,1,20974,22
3896,1705752118,1705772792,1705793657,1,20865,35
3897,1705752119,1705772792,1705793678,1,20886,49
3898,1705752122,1705772792,1705793264,1,20472,26
3899,1705752124,1705772792,1705793293,1,20501,25
3900,1705752124,1705772792,1705793304,1,20512,23
3901,1705752180,1705752502,1705759732,1,7230,26
3902,1705752383,1705766676,1705770248,1,3572,82
3903,1705752396,1705772577,1705859019,1,86442,181
4239,1705752396,1705772334,1705856941,1,84607,181
4240,1705752396,1705772334,1705858780,1,86446,180
4243,1705752396,1705772455,1705850766,1,78311,201
4244,1705752396,1705772455,1705858899,1,86444,204
4246,1705752396,1705772577,1705853262,1,80685,182
3904,1705752582,1705755554,1705760597,1,5043,30
3905,1705752603,1705752642,1705754131,1,1489,46
3906,1705752604,1705752652,1705754131,1,1479,28
3907,1705752604,1705752652,1705754131,1,1479,28
3908,1705752604,1705752652,1705754131,1,1479,29
3909,1705752647,1705772792,1705793322,1,20530,23
3910,1705752649,1705773035,1705793524,1,20489,23
3911,1705752673,1705752777,1705760013,1,7236,27
3912,1705752729,1705752731,1705752957,1,226,52
3913,1705752730,1705752776,1705756903,1,4127,118
3914,1705752786,1705753564,1705753640,1,76,17
3915,1705752786,1705753564,1705753640,1,76,18
3916,1705752787,1705753564,1705753644,1,80,20
3917,1705752787,1705753620,1705753696,1,76,18
3918,1705752787,1705753656,1705753733,1,77,18
3919,1705752788,1705753658,1705753736,1,78,17
3920,1705752788,1705753661,1705753738,1,77,22
3921,1705752788,1705753712,1705753788,1,76,18
3922,1705752788,1705753751,1705753827,1,76,38
3923,1705752789,1705753754,1705753831,1,77,62
3924,1705752789,1705753756,1705753832,1,76,53
3925,1705752790,1705753844,1705753919,1,75,38
3926,1705752790,1705753847,1705753923,1,76,62
3927,1705752790,1705753849,1705753925,1,76,53
3928,1705752791,1705753896,1705753974,1,78,19
3929,1705752791,1705753936,1705754011,1,75,17
3930,1705752791,1705753940,1705754015,1,75,21
3931,1705752791,1705753942,1705754018,1,76,18
3932,1705752792,1705753990,1705754066,1,76,19
3933,1705752792,1705754027,1705754102,1,75,52
3934,1705752792,1705754031,1705754109,1,78,21
3935,1705752793,1705754034,1705754112,1,78,18
3936,1705752793,1705754082,1705754158,1,76,18
3937,1705752793,1705754141,1705754216,1,75,18
3938,1705752794,1705754141,1705754219,1,78,20
3939,1705752794,1705754141,1705754219,1,78,18
3940,1705752794,1705754174,1705754250,1,76,18
3941,1705752794,1705754235,1705754311,1,76,56
3942,1705752795,1705754235,1705754311,1,76,57
3943,1705752795,1705754281,1705754357,1,76,53
3944,1705752795,1705754318,1705754408,1,90,25
3945,1705752796,1705754336,1705754413,1,77,57
3946,1705752796,1705754336,1705754413,1,77,56
3947,1705752796,1705754373,1705754453,1,80,19
3948,1705752797,1705754424,1705754504,1,80,19
3949,1705752797,1705754429,1705754509,1,80,21
3950,1705752797,1705754429,1705754510,1,81,18
3951,1705752798,1705754521,1705754602,1,81,43
3952,1705752798,1705754526,1705754606,1,80,21
3953,1705752798,1705754527,1705754609,1,82,18
3954,1705752799,1705754562,1705754644,1,82,18
3955,1705752799,1705754623,1705754705,1,82,18
3956,1705752799,1705754623,1705754705,1,82,22
3957,1705752800,1705754626,1705754708,1,82,53
3958,1705752800,1705754660,1705754738,1,78,18
3959,1705752800,1705754721,1705754801,1,80,27
3960,1705752800,1705754721,1705754801,1,80,18
3961,1705752801,1705754724,1705754808,1,84,18
3962,1705752801,1705754759,1705754840,1,81,59
3963,1705752801,1705754817,1705754898,1,81,27
3964,1705752802,1705754818,1705754899,1,81,18
3965,1705752802,1705754824,1705754904,1,80,18
3966,1705752802,1705754856,1705754936,1,80,19
3967,1705752803,1705754918,1705754994,1,76,18
3968,1705752803,1705754918,1705754994,1,76,20
3969,1705752803,1705754925,1705755003,1,78,18
3970,1705752804,1705754957,1705755032,1,75,59
3971,1705752804,1705755018,1705755112,1,94,18
3972,1705752804,1705755018,1705755094,1,76,18
3973,1705752805,1705755018,1705755094,1,76,20
3974,1705752805,1705755049,1705755124,1,75,59
3975,1705752805,1705755111,1705755187,1,76,53
3976,1705752805,1705755111,1705755187,1,76,55
3977,1705752942,1705752974,1705753075,1,101,23
3978,1705753076,1705753093,1705753252,1,159,53
3979,1705753099,1705755679,1705760733,1,5054,21
3980,1705753201,1705754289,1705754628,2,339,124
3981,1705753208,1705754418,1705754753,2,335,23
3982,1705753215,1705754670,1705754987,2,317,44
3983,1705753222,1705755050,1705755239,2,189,44
3984,1705753229,1705755679,1705755996,2,317,24
3985,1705753251,1705753285,1705753371,1,86,22
3986,1705753335,1705754147,1705754959,1,812,28
3987,1705753335,1705754147,1705754961,1,814,34
3988,1705753335,1705754148,1705754962,1,814,28
3989,1705753336,1705754337,1705755204,1,867,28
3990,1705753349,1705759207,1705764255,1,5048,21
3991,1705753378,1705753388,1705753502,1,114,22
3992,1705753622,1705753622,1705753739,1,117,18
3993,1705753728,1705753750,1705756662,1,2912,19
3994,1705753739,1705754147,1705754297,1,150,25
3995,1705753965,1705761620,1705766677,1,5057,41
3996,1705754064,1705754289,1705756510,1,2221,28
3997,1705754195,1705783116,1705869559,8,86443,382
3998,1705754196,1705754418,1705754492,1,74,16
3999,1705754202,1705754233,1705754321,1,88,18
4000,1705754318,1705754977,1705762199,1,7222,24
4001,1705754339,1705755680,1705755747,1,67,18
4002,1705754369,1705754976,1705762199,1,7223,18
4003,1705754750,1705774656,1705783356,1,8700,96
4004,1705754750,1705775642,1705784259,1,8617,58
4005,1705754750,1705775889,1705787049,1,11160,58
4006,1705754751,1705775889,1705788990,1,13101,69
4007,1705754751,1705775889,1705786758,1,10869,72
4008,1705754751,1705775889,1705786095,1,10206,92
4009,1705754752,1705776259,1705785982,1,9723,101
4010,1705754752,1705776637,1705778574,1,1937,72
4011,1705754752,1705776514,1705784831,1,8317,58
4012,1705754753,1705776514,1705785527,1,9013,74
4013,1705754753,1705776881,1705788528,1,11647,71
4014,1705754753,1705777248,1705783642,1,6394,70
4015,1705754753,1705777375,1705784902,1,7527,58
4016,1705754754,1705777375,1705790253,1,12878,58
4017,1705754754,1705777500,1705785003,1,7503,77
4018,1705754754,1705777748,1705782847,1,5099,89
4019,1705754755,1705777995,1705785633,1,7638,57
4020,1705754755,1705777995,1705787608,1,9613,64
4021,1705754755,1705778117,1705786768,1,8651,57
4022,1705754756,1705778608,1705785823,1,7215,62
4023,1705754756,1705778731,1705788404,1,9673,101
4024,1705754756,1705778976,1705787367,1,8391,58
4025,1705754756,1705778976,1705787301,1,8325,58
4026,1705754757,1705778976,1705787236,1,8260,66
4027,1705754757,1705779584,1705789357,1,9773,58
4028,1705754757,1705779828,1705788951,1,9123,58
4029,1705754758,1705780071,1705789751,1,9680,71
4030,1705754758,1705780537,1705790803,1,10266,86
4031,1705754758,1705780614,1705790891,1,10277,80
4032,1705754759,1705780678,1705789721,1,9043,80
4033,1705754759,1705781716,1705795647,1,13931,83
4034,1705754759,1705781716,1705795769,1,14053,92
4035,1705754760,1705781716,1705795483,1,13767,70
4036,1705754760,1705781716,1705795786,1,14070,84
4037,1705754760,1705781717,1705795479,1,13762,92
4038,1705754760,1705781719,1705795386,1,13667,70
4039,1705754761,1705782831,1705796960,1,14129,59
4040,1705754761,1705782864,1705797138,1,14274,88
4041,1705754761,1705783116,1705795927,1,12811,84
4042,1705754762,1705783116,1705795407,1,12291,85
4043,1705754762,1705783116,1705793216,1,10100,85
4044,1705754762,1705783116,1705794694,1,11578,85
4045,1705754763,1705783116,1705795765,1,12649,84
4046,1705754763,1705783116,1705792283,1,9167,85
4047,1705754763,1705783116,1705792485,1,9369,84
4048,1705754764,1705783116,1705793567,1,10451,83
4049,1705754764,1705783116,1705792582,1,9466,84
4050,1705754764,1705783116,1705793092,1,9976,84
4051,1705754764,1705783116,1705790728,1,7612,84
4052,1705754765,1705783116,1705790876,1,7760,84
4053,1705754765,1705783116,1705790546,1,7430,84
4054,1705754765,1705783116,1705795042,1,11926,85
4055,1705754766,1705783116,1705793913,1,10797,84
4056,1705754766,1705783116,1705794230,1,11114,84
4057,1705754766,1705783116,1705792507,1,9391,106
4058,1705754767,1705783116,1705793282,1,10166,107
4059,1705754767,1705783116,1705793140,1,10024,85
4060,1705754767,1705783116,1705792776,1,9660,85
4061,1705754767,1705783116,1705793087,1,9971,85
4062,1705754768,1705783116,1705792296,1,9180,84
4063,1705754768,1705783116,1705792301,1,9185,84
4064,1705754768,1705783116,1705792267,1,9151,84
4065,1705754769,1705783116,1705794461,1,11345,85
4066,1705754769,1705783116,1705791549,1,8433,85
4067,1705754769,1705783116,1705793496,1,10380,85
4068,1705754830,1705754924,1705756531,1,1607,47
4069,1705754930,1705762759,1705769992,1,7233,26
4070,1705755078,1705755078,1705756099,1,1021,25
4071,1705755081,1705773936,1705793472,1,19536,58
4072,1705755082,1705773998,1705793576,1,19578,23
4073,1705755083,1705774065,1705793634,1,19569,44
4074,1705755083,1705774180,1705793667,1,19487,76
4075,1705755084,1705774217,1705793297,1,19080,44
4076,1705755084,1705774363,1705793485,1,19122,97
4077,1705755441,1705764293,1705771552,1,7259,86
4078,1705755698,1705755698,1705756832,1,1134,28
4079,1705755698,1705755698,1705756832,1,1134,28
4080,1705755698,1705755702,1705756832,1,1130,30
4081,1705755698,1705755702,1705756833,1,1131,28
4082,1705755767,1705755768,1705762347,1,6579,21
4083,1705755778,1705756116,1705756477,1,361,25
4084,1705756121,1705756553,1705761153,1,4600,45
4085,1705756164,1705759836,1705760145,2,309,79
4086,1705756170,1705759962,1705760176,2,214,86
4087,1705756178,1705760087,1705760388,2,301,58
4088,1705756185,1705760213,1705760403,2,190,38
4089,1705756192,1705760213,1705760497,2,284,23
4090,1705756839,1705756858,1705759418,1,2560,28
4091,1705756839,1705756858,1705759418,1,2560,28
4092,1705756839,1705756858,1705759418,1,2560,30
4093,1705756840,1705756858,1705759418,1,2560,28
4094,1705757123,1705773266,1705781699,1,8433,58
4095,1705757127,1705773505,1705781700,1,8195,80
4096,1705757134,1705773774,1705781700,1,7926,58
4097,1705757139,1705773810,1705781700,1,7890,44
4098,1705757143,1705773829,1705773887,1,58,40
4099,1705757147,1705773862,1705773919,1,57,58
4100,1705757152,1705773862,1705781700,1,7838,46
4101,1705757155,1705773903,1705781700,1,7797,47
4102,1705757208,1705757220,1705764454,1,7234,21
4103,1705757241,1705771962,1705772280,1,318,95
4104,1705757259,1705772088,1705858512,1,86424,50
4105,1705757264,1705772088,1705827714,1,55626,63
4106,1705757775,1705772334,1705772433,1,99,76
4107,1705757780,1705772334,1705772437,1,103,80
4108,1705757924,1705766425,1705771429,1,5004,23
4109,1705758318,1705758706,1705759784,1,1078,18
4110,1705758659,1705766801,1705774049,1,7248,48
4111,1705758847,1705783116,1705821214,1,38098,85
4366,1705758847,1705783116,1705821143,1,38027,86
4367,1705758847,1705783116,1705821142,1,38026,84
4368,1705758847,1705783116,1705821123,1,38007,84
4369,1705758847,1705783116,1705821113,1,37997,84
4370,1705758847,1705783116,1705821260,1,38144,83
4371,1705758847,1705783116,1705820915,1,37799,84
4372,1705758847,1705783116,1705783188,1,72,97
4373,1705758847,1705783116,1705821019,1,37903,85
4374,1705758847,1705783116,1705783188,1,72,84
4375,1705758847,1705783116,1705821218,1,38102,84
4376,1705758847,1705783116,1705821264,1,38148,91
4377,1705758847,1705783116,1705821085,1,37969,85
4378,1705758847,1705783116,1705821318,1,38202,85
4379,1705758847,1705783116,1705821041,1,37925,85
4380,1705758847,1705783116,1705821149,1,38033,85
4381,1705758847,1705783116,1705821170,1,38054,85
4382,1705758847,1705783116,1705821126,1,38010,85
4383,1705758847,1705783116,1705821086,1,37970,85
4384,1705758847,1705783116,1705821196,1,38080,85
4385,1705758847,1705783116,1705821231,1,38115,84
4386,1705758847,1705783116,1705821137,1,38021,85
4387,1705758847,1705783116,1705783188,1,72,84
4388,1705758847,1705783116,1705821201,1,38085,84
4389,1705758847,1705783116,1705821028,1,37912,84
4390,1705758847,1705783116,1705821392,1,38276,84
4391,1705758847,1705783116,1705821192,1,38076,85
4392,1705758847,1705783116,1705783188,1,72,84
4393,1705758847,1705783116,1705821329,1,38213,84
4394,1705758847,1705783116,1705783188,1,72,85
4112,1705759433,1705774425,1705860851,1,86426,17
4113,1705759473,1705774472,1705805353,1,30881,57
4114,1705759511,1705759511,1705762431,1,2920,29
4115,1705759511,1705759511,1705762431,1,2920,28
4116,1705759511,1705759515,1705762431,1,2916,29
4117,1705759512,1705759515,1705762431,1,2916,31
4118,1705759753,1705759754,1705762392,1,2638,57
4119,1705759792,1705759836,1705765266,1,5430,35
4120,1705760013,1705767173,1705774408,1,7235,25
4121,1705760423,1705775689,1705862110,4,86421,62
4122,1705760423,1705862216,1705948656,4,86440,36
4123,1705760423,1705949833,1706036265,4,86432,65
4124,1705760424,1706038332,1706124776,4,86444,103
4125,1705760597,1705767049,1705772070,1,5021,21
4126,1705760626,1705766425,1705766690,2,265,87
4127,1705760633,1705766676,1705766958,2,282,28
4128,1705760639,1705766676,1705767092,2,416,21
4129,1705760646,1705766801,1705766988,2,187,38
4130,1705760652,1705766801,1705767052,2,251,30
4131,1705760733,1705767049,1705772071,1,5022,37
4132,1705761849,1705761850,1705763404,1,1554,19
4133,1705762198,1705764927,1705768570,1,3643,56
4134,1705762355,1705762359,1705769594,1,7235,31
4135,1705762394,1705762394,1705769624,1,7230,36
4136,1705762432,1705762436,1705763763,1,1327,28
4137,1705762433,1705762436,1705763763,1,1327,28
4138,1705762433,1705762450,1705763763,1,1313,29
4139,1705762433,1705762450,1705763763,1,1313,28
4140,1705762673,1705783116,1705798883,1,15767,84
4141,1705762677,1705783116,1705798885,1,15769,84
4142,1705762683,1705783116,1705798888,1,15772,84
4143,1705762689,1705783116,1705798890,1,15774,84
4144,1705762898,1705836227,1705839850,16,3623,39
4145,1705762898,1705839857,1705843481,16,3624,36
4146,1705762898,1705827013,1705830641,4,3628,48
4147,1705762899,1705830742,1705834391,4,3649,31
4148,1705762899,1705833625,1705837270,8,3645,52
4149,1705762899,1705837273,1705840901,8,3628,31
4150,1705763480,1705763487,1705766501,1,3014,18
4151,1705763765,1705763769,1705763972,1,203,22
4152,1705763765,1705763769,1705763971,1,202,19
4153,1705763765,1705763987,1705764171,1,184,19
4154,1705763766,1705763989,1705764176,1,187,22
4155,1705763766,1705764188,1705764374,1,186,19
4156,1705763766,1705764192,1705764382,1,190,75
4157,1705763767,1705764392,1705764583,1,191,68
4158,1705763767,1705764402,1705764596,1,194,39
4159,1705763767,1705764471,1705764651,1,180,19
4160,1705763776,1705763779,1705766132,1,2353,29
4161,1705763776,1705763779,1705765710,1,1931,28
4162,1705763776,1705763779,1705766132,1,2353,28
4163,1705763776,1705763780,1705765710,1,1930,28
4164,1705764255,1705767173,1705772198,1,5025,21
4165,1705764667,1705764668,1705771906,1,7238,22
4166,1705764825,1705764840,1705765751,1,911,125
4167,1705765106,1705765122,1705765340,1,218,131
4168,1705765154,1705765357,1705772229,1,6872,131
4169,1705765245,1705765727,1705772221,1,6494,28
4170,1705765754,1705765767,1705765964,1,197,107
3229,1705765846,1705766177,1705776027,1,9850,57
3230,1705765846,1705766177,1705767981,1,1804,56
4171,1705766003,1705773253,1705859645,1,86392,40
4172,1705766287,1705766801,1705768861,1,2060,38
4173,1705766614,1705766632,1705770745,1,4113,18
4174,1705766625,1705766632,1705766660,1,28,18
4175,1705766660,1705766674,1705767080,1,406,121
4176,1705766677,1705767549,1705772565,1,5016,21
4177,1705766919,1705766920,1705768855,1,1935,28
4178,1705766919,1705766920,1705768859,1,1939,28
4179,1705766920,1705766920,1705768917,1,1997,40
4180,1705767073,1705767173,1705767417,2,244,28
4181,1705767080,1705767173,1705767415,2,242,22
4182,1705767087,1705767173,1705767360,2,187,30
4183,1705767093,1705767549,1705767752,2,203,28
4184,1705767100,1705767549,1705767782,2,233,22
4185,1705767295,1705783116,1705812534,1,29418,83
4186,1705767295,1705783116,1705812534,1,29418,84
4187,1705767296,1705783116,1705812534,1,29418,84
4188,1705767296,1705783116,1705812539,1,29423,84
4189,1705767296,1705783116,1705812534,1,29418,97
4190,1705767298,1705783116,1705812534,1,29418,84
4191,1705767299,1705783116,1705812534,1,29418,107
4192,1705767299,1705783116,1705812534,1,29418,91
4193,1705767372,1705767373,1705768710,1,1337,46
4194,1705767822,1705768165,1705770062,1,1897,80
4195,1705767841,1705767918,1705768148,2,230,28
4196,1705767847,1705767918,1705768134,2,216,22
4197,1705767853,1705767918,1705768140,2,222,45
4198,1705767860,1705767918,1705768132,2,214,23
4199,1705767866,1705767918,1705768123,2,205,23
4200,1705768129,1705768742,1705771241,1,2499,42
4201,1705768131,1705768871,1705773404,1,4533,28
4202,1705768240,1705768288,1705768546,2,258,28
4203,1705768247,1705768288,1705768480,2,192,22
4204,1705768255,1705768288,1705768481,2,193,45
4205,1705768262,1705768288,1705768471,2,183,23
4206,1705768269,1705768288,1705768470,2,182,23
4207,1705768643,1705768658,1705768901,2,243,28
4208,1705768876,1705768906,1705773980,1,5074,20
4209,1705769635,1705769636,1705776858,1,7222,98
4210,1705769992,1705778608,1705785853,1,7245,63
4211,1705770562,1705775766,1705789759,1,13993,28
4212,1705770629,1705775889,1705789772,1,13883,26
4213,1705770695,1705776136,1705789773,1,13637,26
4214,1705770744,1705776136,1705781657,1,5521,21
4215,1705770899,1705770904,1705771875,1,971,183
4216,1705770988,1705783116,1705786665,2,3549,84
4217,1705771015,1705771022,1705774669,1,3647,28
4218,1705771015,1705771022,1705774669,1,3647,28
4219,1705771015,1705771022,1705774669,1,3647,41
4220,1705771016,1705771891,1705775509,1,3618,176
4221,1705771075,1705776259,1705787205,1,10946,44
4222,1705771130,1705776637,1705789541,1,12904,54
4223,1705771162,1705776514,1705784776,1,8262,24
4224,1705771221,1705776514,1705787032,1,10518,46
4225,1705771245,1705771257,1705773406,1,2149,37
4226,1705771429,1705778608,1705783684,1,5076,21
4227,1705771468,1705775150,1705775671,2,521,62
4228,1705771478,1705776759,1705777283,2,524,63
4229,1705771487,1705777375,1705777911,2,536,69
4230,1705771497,1705778608,1705779140,2,532,67
4231,1705771507,1705778608,1705779149,2,541,63
4232,1705771552,1705778608,1705785853,1,7245,26
4233,1705772070,1705778608,1705783684,1,5076,21
4234,1705772071,1705778608,1705783684,1,5076,21
4235,1705772125,1705772141,1705772225,1,84,18
4236,1705772198,1705779220,1705784270,1,5050,67
4237,1705772306,1705772316,1705772929,1,613,52
4238,1705772323,1705772324,1705779565,1,7241,21
4241,1705772345,1705772345,1705779590,1,7245,21
4242,1705772347,1705783117,1705793165,2,10048,491
4245,1705772565,1705779220,1705784270,1,5050,62
4247,1705772630,1705773422,1705780653,1,7231,40
4248,1705772637,1705773702,1705780924,1,7222,125
4249,1705772726,1705772991,1705773018,1,27,30
4250,1705772738,1705780537,1705802168,256,21631,469
4251,1705772776,1705776637,1705776769,1,132,20
4252,1705772817,1705783116,1705819749,1,36633,83
4253,1705772974,1705773035,1705774156,1,1121,100
4254,1705773018,1705773421,1705773685,1,264,125
4255,1705774049,1705779220,1705786453,1,7233,63
4256,1705774408,1705779220,1705786453,1,7233,62
4257,1705774557,1705774558,1705774778,1,220,53
4258,1705774964,1705774965,1705776050,1,1085,57
4259,1705775367,1705823149,1705823198,4,49,22
4260,1705775369,1705823504,1705823551,4,47,30
4261,1705775369,1705823567,1705823612,4,45,20
4262,1705775369,1705823629,1705823673,4,44,20
4263,1705775370,1705823690,1705823735,4,45,20
4264,1705775370,1705823751,1705823796,4,45,20
4265,1705775370,1705823813,1705823858,4,45,20
4266,1705775372,1705824119,1705824164,4,45,52
4267,1705775373,1705824426,1705824500,4,74,20
4268,1705775373,1705824516,1705824561,4,45,20
4269,1705775373,1705824578,1705824623,4,45,20
4270,1705775374,1705824640,1705824684,4,44,20
4271,1705775374,1705824701,1705824746,4,45,20
4272,1705775374,1705824762,1705824807,4,45,20
4273,1705775375,1705824824,1705824868,4,44,20
4274,1705775375,1705824885,1705824930,4,45,20
4275,1705775375,1705824946,1705824991,4,45,31
4276,1705775375,1705825008,1705825052,4,44,31
4277,1705775376,1705825069,1705825114,4,45,20
4278,1705775376,1705825130,1705825175,4,45,20
4279,1705775376,1705825191,1705825236,4,45,20
4280,1705775379,1705825943,1705825991,4,48,18
4281,1705775380,1705826009,1705826054,4,45,18
4282,1705775380,1705826137,1705826182,4,45,68
4283,1705775381,1705826202,1705826247,4,45,68
4284,1705775381,1705826265,1705826310,4,45,19
4285,1705775381,1705826328,1705826373,4,45,19
4286,1705775381,1705826390,1705826435,4,45,19
4287,1705775382,1705826452,1705826497,4,45,70
4288,1705775544,1705775545,1705777370,1,1825,81
4289,1705775730,1705775736,1705776958,1,1222,121
4290,1705775812,1705775813,1705779442,1,3629,51
4291,1705775812,1705775813,1705779442,1,3629,40
4292,1705775813,1705776067,1705779711,1,3644,39
4293,1705775813,1705776975,1705780621,1,3646,40
4294,1705775906,1705777375,1705782815,1,5440,24
4295,1705776082,1705783116,1705846929,1,63813,492
4296,1705776320,1705776875,1705777990,1,1115,92
4297,1705776841,1705783117,1705788991,1,5874,85
4298,1705777383,1705783117,1705799684,1,16567,86
4299,1705777402,1705783117,1705799379,1,16262,86
4300,1705777433,1705777436,1705778382,1,946,63
4301,1705777433,1705783116,1705783155,16,39,176
4302,1705778034,1705778051,1705778158,1,107,62
4303,1705778366,1705778366,1705779457,1,1091,88
4304,1705778470,1705778473,1705779567,1,1094,61
4305,1705778590,1705783117,1705869506,2,86389,99
4306,1705778596,1705783117,1705869556,2,86439,87
4307,1705778837,1705779462,1705781281,1,1819,51
4308,1705779167,1705783117,1705783219,1,102,84
4309,1705779167,1705783117,1705783205,1,88,84
4310,1705779167,1705783117,1705783211,1,94,85
4311,1705779167,1705783117,1705796752,1,13635,84
4312,1705779167,1705783117,1705783217,1,100,86
4313,1705779167,1705783117,1705783217,1,100,85
4314,1705779167,1705783117,1705783216,1,99,84
4315,1705779167,1705783117,1705783213,1,96,84
4316,1705779167,1705783117,1705796755,1,13638,84
4317,1705779167,1705783117,1705783216,1,99,84
4318,1705779167,1705783117,1705783213,1,96,86
4319,1705779167,1705783117,1705796757,1,13640,86
4320,1705779167,1705783117,1705796760,1,13643,88
4321,1705779167,1705783117,1705783207,1,90,86
4322,1705779167,1705783117,1705783216,1,99,86
4323,1705779167,1705783117,1705783217,1,100,86
4324,1705779167,1705783117,1705783213,1,96,86
4325,1705779167,1705783117,1705783213,1,96,86
4326,1705779167,1705783117,1705783213,1,96,86
4327,1705779167,1705783117,1705783206,1,89,86
4328,1705779167,1705783117,1705783212,1,95,86
4329,1705779167,1705783117,1705783212,1,95,86
4330,1705779167,1705783117,1705783212,1,95,113
4331,1705779167,1705783117,1705796763,1,13646,85
4332,1705779167,1705783117,1705783215,1,98,86
4333,1705779167,1705783117,1705783215,1,98,86
4334,1705779167,1705783117,1705796765,1,13648,86
4335,1705779167,1705783117,1705783216,1,99,86
4336,1705779167,1705783117,1705783215,1,98,84
4337,1705779167,1705783117,1705783213,1,96,84
4338,1705779167,1705783117,1705783207,1,90,84
4339,1705779167,1705783117,1705783213,1,96,85
4340,1705779167,1705783117,1705783209,1,92,84
4341,1705779167,1705783117,1705783213,1,96,84
4342,1705779167,1705783117,1705783209,1,92,83
4343,1705779167,1705783117,1705783213,1,96,84
4344,1705779424,1705783117,1705783676,2,559,83
4345,1705779433,1705783117,1705783672,2,555,83
4346,1705779443,1705783117,1705783668,2,551,84
4347,1705779453,1705783117,1705783671,2,554,84
4348,1705779462,1705783117,1705783667,2,550,84
4349,1705779621,1705779621,1705780659,1,1038,88
4350,1705779624,1705779625,1705780693,1,1068,61
4351,1705780407,1705780408,1705786384,1,5976,34
4352,1705781521,1705781522,1705782714,1,1192,177
4353,1705782064,1705782065,1705782163,1,98,30
4354,1705782137,1705783116,1705844802,1,61686,107
4355,1705782143,1705783117,1705833979,1,50862,107
4356,1705782181,1705783117,1705783230,1,113,99
4357,1705782185,1705783117,1705783230,1,113,101
4358,1705782474,1705782474,1705782904,1,430,61
4359,1705782654,1705783116,1705783195,1,79,84
4360,1705782889,1705783116,1705783258,1,142,86
4361,1705782889,1705783116,1705843153,1,60037,146
4362,1705782889,1705783116,1705843153,1,60037,144
4363,1705782889,1705783116,1705843153,1,60037,145
4364,1705782889,1705783116,1705783258,1,142,84
4365,1705782919,1705783117,1705783157,1,40,86
4395,1705783181,1705783200,1705867834,4,84634,39
4396,1705783181,1705783200,1705867834,4,84634,25
4397,1705783190,1705783200,1705783231,1,31,19
4398,1705783386,1705783387,1705783465,1,78,135
4399,1705783438,1705783439,1705783596,1,157,43
4400,1705783438,1705783439,1705843482,1,60043,145
4401,1705783630,1705783630,1705785660,1,2030,151
4402,1705783684,1705783689,1705788681,1,4992,50
4403,1705783684,1705783689,1705786979,1,3290,21
4404,1705783684,1705783689,1705788713,1,5024,23
4405,1705783709,1705783711,1705784186,6,475,36
4406,1705783719,1705783720,1705784250,2,530,63
4407,1705783729,1705783733,1705784254,2,521,71
4408,1705783738,1705783746,1705784273,2,527,62
4409,1705783748,1705783749,1705784280,2,531,72
4410,1705783757,1705783758,1705784284,2,526,61
4411,1705783779,1705783780,1705789205,1,5425,18
4412,1705783809,1705783827,1705868458,4,84631,26
4413,1705784270,1705784280,1705789309,1,5029,21
4414,1705784270,1705784280,1705786979,1,2699,34
4415,1705784375,1705784376,1705784874,2,498,70
4416,1705784385,1705784386,1705784890,2,504,72
4417,1705784394,1705784398,1705784903,2,505,62
4418,1705784403,1705784404,1705784922,2,518,67
4419,1705784412,1705784413,1705784921,2,508,62
4420,1705784460,1705867203,1705872302,1,5099,75
4421,1705784461,1705867203,1705883391,1,16188,74
4422,1705784471,1705869336,1705887179,1,17843,74
4423,1705784472,1705869336,1705887108,1,17772,75
4424,1705784472,1705869336,1705886774,1,17438,85
4425,1705784483,1705869336,1705887957,1,18621,76
4426,1705784483,1705869336,1705888790,1,19454,75
4427,1705784494,1705869336,1705888530,1,19194,77
4428,1705784494,1705869336,1705887072,1,17736,76
4429,1705784495,1705869336,1705886424,1,17088,90
4430,1705784505,1705869336,1705887965,1,18629,76
4431,1705784506,1705869336,1705886596,1,17260,75
4432,1705784516,1705869336,1705886663,1,17327,75
4433,1705784517,1705869336,1705888348,1,19012,75
4434,1705784527,1705869347,1705887743,1,18396,75
4435,1705784528,1705869347,1705887057,1,17710,75
4436,1705784538,1705869347,1705886294,1,16947,75
4437,1705784539,1705869347,1705886818,1,17471,75
4438,1705784539,1705869347,1705887760,1,18413,77
4439,1705784550,1705869347,1705888043,1,18696,76
4440,1705784550,1705869347,1705886555,1,17208,77
4441,1705784561,1705869347,1705888649,1,19302,77
4442,1705784561,1705869347,1705886609,1,17262,77
4443,1705784562,1705869347,1705885842,1,16495,75
4444,1705784572,1705869347,1705888121,1,18774,75
4445,1705784573,1705869347,1705885995,1,16648,77
4446,1705784584,1705869347,1705887069,1,17722,75
4447,1705784584,1705869347,1705887368,1,18021,75
4448,1705784585,1705869347,1705887574,1,18227,75
4449,1705784595,1705869347,1705886367,1,17020,75
4450,1705784596,1705869347,1705886913,1,17566,97
4451,1705784606,1705869347,1705887115,1,17768,75
4452,1705784607,1705869347,1705886067,1,16720,74
4453,1705784607,1705869347,1705886624,1,17277,75
4454,1705784618,1705869347,1705888571,1,19224,76
4455,1705784618,1705869347,1705888144,1,18797,75
4456,1705784629,1705869347,1705886316,1,16969,76
4457,1705784629,1705869347,1705885786,1,16439,77
4458,1705784630,1705869347,1705887414,1,18067,76
4459,1705784640,1705869347,1705887399,1,18052,77
4460,1705784641,1705869347,1705888112,1,18765,77
4461,1705784651,1705869347,1705886770,1,17423,113
4462,1705784652,1705869347,1705888855,1,19508,75
4463,1705784652,1705869347,1705886730,1,17383,173
4464,1705784652,1705784656,1705788303,1,3647,50
4465,1705784663,1705869347,1705887731,1,18384,75
4466,1705784663,1705869347,1705886768,1,17421,75
4467,1705784674,1705869347,1705886996,1,17649,75
4468,1705784674,1705869347,1705887736,1,18389,75
4469,1705784685,1705869347,1705887857,1,18510,75
4470,1705784685,1705869347,1705886183,1,16836,76
4471,1705784696,1705869347,1705887738,1,18391,75
4472,1705784696,1705869347,1705888944,1,19597,75
4473,1705784878,1705784908,1705802055,1,17147,25
4474,1705785031,1705785031,1705785543,2,512,72
4475,1705785040,1705785040,1705785552,2,512,62
4476,1705785049,1705785049,1705785559,2,510,70
4477,1705785058,1705785064,1705785604,2,540,67
4478,1705785067,1705785071,1705785620,2,549,62
4479,1705785253,1705785253,1705785376,2,123,94
4480,1705785539,1705785540,1705790880,1,5340,418
4481,1705785669,1705785676,1705785791,1,115,150
4482,1705785669,1705785676,1705785791,1,115,36
4483,1705785686,1705785687,1705786216,2,529,71
4484,1705785696,1705785698,1705786213,2,515,64
4485,1705785705,1705785709,1705786221,2,512,66
4486,1705785714,1705785715,1705786240,2,525,72
4487,1705785723,1705785724,1705786248,2,524,65
4488,1705785853,1705785853,1705793079,1,7226,44
4489,1705785853,1705785853,1705793079,1,7226,26
4490,1705786208,1705786209,1705788387,1,2178,46
4491,1705786342,1705786343,1705786900,2,557,72
4492,1705786351,1705786352,1705786904,2,552,65
4493,1705786354,1705786356,1705788523,1,2167,38
4494,1705786363,1705786365,1705786936,2,571,62
4495,1705786372,1705786469,1705787035,2,566,63
4496,1705786381,1705786686,1705787230,2,544,63
4497,1705786396,1705786396,1705798115,1,11719,47
4498,1705786423,1705786425,1705786453,1,28,30
4499,1705786452,1705786469,1705786548,1,79,30
4500,1705786452,1705786753,1705793985,1,7232,62
4501,1705786453,1705786775,1705794015,1,7240,58
4502,1705786674,1705794277,1705807191,60,12914,84
4503,1705786755,1705786787,1705786856,1,69,57
4504,1705786851,1705786851,1705791836,1,4985,28
4505,1705787064,1705787066,1705787168,1,102,58
4506,1705787065,1705787066,1705787135,1,69,28
4507,1705787065,1705787066,1705787115,2,49,19
4508,1705787073,1705787075,1705787155,1,80,17
4509,1705787168,1705787168,1705792192,1,5024,22
4510,1705787302,1705787310,1705787820,2,510,72
4511,1705787311,1705787311,1705787820,2,509,65
4512,1705787319,1705787320,1705787854,2,534,73
4513,1705787328,1705787331,1705787845,2,514,62
4514,1705787336,1705787337,1705787861,2,524,63
4515,1705787358,1705787359,1705787433,1,74,18
4516,1705787399,1705787402,1705792424,1,5022,21
4517,1705787405,1705787420,1705787631,1,211,140
4518,1705787664,1705787664,1705796631,1,8967,108
4519,1705787668,1705787669,1705796383,1,8714,108
4520,1705787676,1705787677,1705796418,1,8741,106
4521,1705787680,1705787681,1705796587,1,8906,107
4522,1705787684,1705787685,1705796323,1,8638,105
4523,1705787687,1705787689,1705796294,1,8605,105
4524,1705787693,1705787694,1705794217,1,6523,96
4525,1705787697,1705787698,1705794251,1,6553,95
4526,1705787701,1705787702,1705794219,1,6517,95
4527,1705787704,1705787722,1705794244,1,6522,96
4528,1705787708,1705787839,1705794439,1,6600,97
4529,1705787711,1705787839,1705794365,1,6526,96
4530,1705787724,1705787861,1705793816,1,5955,62
4531,1705787729,1705787738,1705787899,1,161,146
4532,1705787730,1705787879,1705797847,1,9968,62
4533,1705787731,1705787837,1705796870,1,9033,28
4534,1705787736,1705787879,1705797907,1,10028,73
4535,1705787739,1705787879,1705802321,1,14442,63
4536,1705787746,1705787879,1705787915,1,36,62
4537,1705787749,1705787882,1705787919,1,37,63
4538,1705787753,1705787931,1705797895,1,9964,54
4539,1705787758,1705787931,1705827170,1,39239,62
4540,1705787767,1705787837,1705787904,1,67,21
4541,1705787940,1705787941,1705796938,1,8997,24
4542,1705787945,1705789064,1705798080,1,9016,23
4543,1705787950,1705789072,1705798080,1,9008,62
4544,1705787954,1705788359,1705788883,2,524,83
4545,1705787955,1705789121,1705798160,1,9039,23
4546,1705787962,1705788420,1705788927,2,507,83
4547,1705787971,1705788546,1705789055,2,509,71
4548,1705787979,1705788901,1705789424,2,523,83
4549,1705787991,1705788934,1705789458,2,524,63
4550,1705788081,1705788943,1705789048,2,105,83
4551,1705788106,1705788123,1705788377,1,254,134
4552,1705788137,1705789008,1705789096,2,88,58
4553,1705788214,1705788214,1705788270,1,56,39
4554,1705788282,1705788286,1705788343,1,57,39
4555,1705788536,1705788537,1705788733,1,196,49
4556,1705788592,1705788698,1705788810,1,112,116
4557,1705788596,1705788730,1705788832,1,102,21
4558,1705788630,1705788826,1705797762,1,8936,116
4559,1705788636,1705789492,1705793844,1,4352,83
4560,1705788681,1705789121,1705794128,1,5007,22
4561,1705788713,1705789417,1705794429,1,5012,20
4562,1705788741,1705788752,1705788902,1,150,39
4563,1705788950,1705788951,1705788979,1,28,40
4564,1705788978,1705788999,1705789155,1,156,108
4565,1705788998,1705788999,1705789166,1,167,58
4566,1705789019,1705789064,1705789215,1,151,46
4567,1705789067,1705789072,1705796159,1,7087,71
4568,1705789130,1705789188,1705789376,1,188,19
4569,1705789194,1705789222,1705789376,1,154,19
4570,1705789230,1705789237,1705791944,1,2707,53
4571,1705789237,1705789325,1705791946,1,2621,32
4572,1705789277,1705789492,1705794261,1,4769,19
4573,1705789309,1705789481,1705794536,1,5055,63
4574,1705789338,1705789392,1705789496,2,104,18
4575,1705789344,1705789441,1705789476,2,35,83
4576,1705789480,1705789481,1705789592,1,111,61
4577,1705789515,1705789515,1705790079,2,564,62
4578,1705789551,1705789558,1705789753,1,195,112
4579,1705789568,1705789568,1705809033,1,19465,31
4580,1705789611,1705789612,1705789664,1,52,18
4581,1705789620,1705789683,1705803623,1,13940,20
4582,1705789728,1705789781,1705789841,2,60,18
4583,1705789802,1705789803,1705792114,1,2311,29
4584,1705789854,1705789855,1705790277,1,422,39
4585,1705789921,1705789922,1705789943,1,21,40
4586,1705789943,1705789949,1705790113,1,164,146
4587,1705790092,1705790092,1705794233,1,4141,19
4588,1705790206,1705790207,1705790234,1,27,40
4589,1705790234,1705790239,1705790409,1,170,146
4590,1705790348,1705790351,1705826441,1,36090,60
4591,1705790370,1705790373,1705795252,1,4879,19
4592,1705790402,1705790403,1705795194,1,4791,20
4593,1705790409,1705790421,1705790689,1,268,18
4594,1705790430,1705790431,1705795943,1,5512,22
4595,1705790464,1705790465,1705795927,1,5462,19
4596,1705790491,1705790491,1705795633,1,5142,22
4597,1705790511,1705790513,1705795299,1,4786,24
4598,1705790533,1705790535,1705795538,1,5003,19
4599,1705790566,1705790566,1705794955,1,4389,57
4600,1705790593,1705790593,1705795838,1,5245,20
4601,1705790613,1705790617,1705795037,1,4420,20
4602,1705790644,1705790644,1705796036,1,5392,26
4603,1705790672,1705790674,1705795361,1,4687,23
4604,1705790696,1705790707,1705795309,1,4602,19
4605,1705790696,1705790696,1705792795,1,2099,21
4606,1705790730,1705790745,1705795192,1,4447,18
4607,1705790765,1705790791,1705791337,1,546,99
4608,1705790772,1705790820,1705791329,1,509,60
4609,1705790852,1705791956,1705799944,1,7988,22
4610,1705790857,1705790903,1705791967,1,1064,31
4611,1705790863,1705790907,1705791971,1,1064,54
4612,1705790878,1705791956,1705797142,1,5186,25
4613,1705790899,1705791082,1705793154,1,2072,31
4614,1705790905,1705791346,1705793509,1,2163,33
4615,1705790916,1705791956,1705796093,1,4137,22
4616,1705790943,1705791956,1705801169,1,9213,23
4617,1705790977,1705791354,1705795091,1,3737,56
4618,1705790983,1705791401,1705795153,1,3752,31
4619,1705790990,1705791956,1705796982,1,5026,24
4620,1705791017,1705791956,1705796306,1,4350,42
4621,1705791039,1705791956,1705797019,1,5063,40
4622,1705791073,1705791956,1705794958,1,3002,22
4623,1705791099,1705791956,1705796626,1,4670,23
4624,1705791124,1705791956,1705796170,1,4214,23
4625,1705791148,1705791956,1705795399,1,3443,23
4626,1705791165,1705791409,1705791986,1,577,25
4627,1705791170,1705791956,1705796914,1,4958,22
4628,1705791192,1705791956,1705796212,1,4256,23
4629,1705791203,1705791562,1705791989,1,427,43
4630,1705791232,1705792101,1705792168,3,67,40
4631,1705791278,1705792101,1705792166,3,65,26
4632,1705791326,1705791956,1705796940,1,4984,23
4633,1705791356,1705791956,1705797674,1,5718,25
4634,1705791376,1705791384,1705791612,1,228,20
4635,1705791407,1705791956,1705797993,1,6037,23
4636,1705791440,1705791956,1705797016,1,5060,23
4637,1705791469,1705791956,1705797531,1,5575,22
4638,1705791494,1705791956,1705798746,1,6790,23
4639,1705791561,1705791956,1705796722,1,4766,23
4640,1705791713,1705791713,1705791850,1,137,18
4641,1705791713,1705791713,1705791853,1,140,40
4642,1705791713,1705791715,1705791853,1,138,43
4643,1705791714,1705791862,1705791975,1,113,28
4644,1705791714,1705791841,1705791940,1,99,26
4645,1705791714,1705791862,1705791966,1,104,30
4646,1705791714,1705791862,1705791973,1,111,40
4647,1705791715,1705791956,1705792035,1,79,18
4648,1705791716,1705792040,1705792136,1,96,18
4649,1705791716,1705791980,1705792058,1,78,68
4650,1705791716,1705791980,1705792057,1,77,30
4651,1705791717,1705791980,1705792056,1,76,39
4652,1705791717,1705792069,1705792146,1,77,20
4653,1705791717,1705792069,1705792147,1,78,30
4654,1705791717,1705792069,1705792146,1,77,31
4655,1705791718,1705792162,1705792240,1,78,30
4656,1705791718,1705792162,1705792240,1,78,39
4657,1705791718,1705792162,1705792240,1,78,19
4658,1705791719,1705792162,1705792239,1,77,26
4659,1705791719,1705792245,1705792325,1,80,18
4660,1705791719,1705792245,1705792324,1,79,26
4661,1705791720,1705792245,1705792324,1,79,30
4662,1705791720,1705792245,1705792325,1,80,31
4663,1705791720,1705792331,1705792409,1,78,39
4664,1705791720,1705792331,1705792409,1,78,18
4665,1705791721,1705792331,1705792411,1,80,26
4666,1705791721,1705792331,1705792432,1,101,18
4667,1705791721,1705792421,1705792500,1,79,30
4668,1705791722,1705792421,1705792538,1,117,50
4669,1705791722,1705792421,1705792499,1,78,18
4670,1705791722,1705792439,1705792519,1,80,74
4671,1705791723,1705792524,1705792602,1,78,18
4672,1705791723,1705792524,1705792602,1,78,18
4673,1705791723,1705792524,1705792601,1,77,26
4674,1705791724,1705792545,1705792621,1,76,74
4675,1705791724,1705792616,1705792745,1,129,31
4676,1705791724,1705792616,1705792720,1,104,18
4677,1705791724,1705792616,1705792744,1,128,26
4678,1705791725,1705792634,1705792741,1,107,18
4679,1705791725,1705792725,1705792802,1,77,39
4680,1705791725,1705792753,1705792832,1,79,25
4681,1705791726,1705792753,1705792830,1,77,18
4682,1705791726,1705792753,1705792830,1,77,26
4683,1705791726,1705792808,1705792897,1,89,30
4684,1705791727,1705792837,1705792928,1,91,39
4685,1705791727,1705792913,1705792991,1,78,49
4686,1705791727,1705792944,1705793036,1,92,18
4687,1705791728,1705792944,1705793032,1,88,26
4688,1705791728,1705792837,1705792928,1,91,26
4689,1705791728,1705792837,1705792927,1,90,30
4690,1705791728,1705792944,1705793021,1,77,71
4691,1705791729,1705793008,1705793084,1,76,31
4692,1705791729,1705793029,1705793120,1,91,31
4693,1705791729,1705793041,1705793119,1,78,31
4694,1705791730,1705793041,1705793125,1,84,18
4695,1705791730,1705793135,1705793213,1,78,31
4696,1705791731,1705793135,1705793213,1,78,31
4697,1705791731,1705793135,1705793212,1,77,18
4698,1705791731,1705793192,1705793271,1,79,91
4699,1705791732,1705793225,1705793311,1,86,26
4700,1705791732,1705793225,1705793308,1,83,32
4701,1705791732,1705793225,1705793311,1,86,18
4702,1705791732,1705793281,1705793390,1,109,57
4703,1705791733,1705793327,1705793412,1,85,47
4704,1705791756,1705793419,1705793502,1,83,38
4705,1705791757,1705793320,1705793405,1,85,21
4706,1705791757,1705793320,1705793405,1,85,30
4707,1705791757,1705793419,1705793506,1,87,33
4708,1705791758,1705793419,1705793504,1,85,21
4709,1705791758,1705793419,1705793503,1,84,26
4710,1705791758,1705793519,1705793598,1,79,31
4711,1705791758,1705793519,1705793597,1,78,18
4712,1705791759,1705793519,1705793600,1,81,56
4713,1705791759,1705793519,1705793598,1,79,30
4714,1705791759,1705793606,1705793683,1,77,32
4715,1705791760,1705793606,1705793685,1,79,21
4716,1705791760,1705793606,1705793683,1,77,26
4717,1705791760,1705793606,1705793693,1,87,20
4718,1705791761,1705793690,1705793770,1,80,65
4719,1705791761,1705793690,1705793768,1,78,65
4720,1705791761,1705793690,1705793779,1,89,67
4721,1705791761,1705793698,1705793774,1,76,18
4722,1705791762,1705793784,1705793864,1,80,82
4723,1705791762,1705793784,1705793864,1,80,21
4724,1705791762,1705793784,1705793866,1,82,62
4725,1705791763,1705793784,1705793864,1,80,20
4726,1705791763,1705793871,1705793950,1,79,30
4727,1705791763,1705793871,1705793953,1,82,20
4728,1705791764,1705793871,1705793958,1,87,143
4729,1705791764,1705793871,1705793950,1,79,32
4730,1705791764,1705793966,1705794044,1,78,21
4731,1705791764,1705793966,1705794048,1,82,30
4732,1705791765,1705793966,1705794043,1,77,20
4733,1705791765,1705793966,1705794043,1,77,35
4734,1705791765,1705794140,1705794217,1,77,21
4735,1705791766,1705794140,1705794217,1,77,30
4736,1705791767,1705794140,1705794216,1,76,20
4737,1705791767,1705794140,1705794218,1,78,30
4738,1705791768,1705794249,1705794389,1,140,48
4739,1705791768,1705794249,1705794390,1,141,69
4740,1705791768,1705794249,1705794391,1,142,76
4741,1705791769,1705794249,1705794391,1,142,63
4742,1705791769,1705794398,1705794493,1,95,21
4743,1705791769,1705794398,1705794491,1,93,30
4744,1705791770,1705794398,1705794492,1,94,66
4745,1705791770,1705794398,1705794491,1,93,21
4746,1705791770,1705794499,1705794588,1,89,18
4747,1705791771,1705794499,1705794584,1,85,32
4748,1705791771,1705794499,1705794588,1,89,30
4749,1705791771,1705794499,1705794598,1,99,33
4750,1705791772,1705794604,1705794691,1,87,30
4751,1705791772,1705794604,1705794690,1,86,21
4752,1705791772,1705794604,1705794690,1,86,21
4753,1705791772,1705794604,1705794690,1,86,26
4754,1705791773,1705794701,1705794792,1,91,18
4755,1705791773,1705791956,1705792017,2,61,21
4756,1705791773,1705794701,1705794789,1,88,30
4757,1705791774,1705794701,1705794791,1,90,41
4758,1705791774,1705794701,1705794789,1,88,20
4759,1705791774,1705794805,1705794893,1,88,30
4760,1705791775,1705794805,1705794893,1,88,21
4761,1705791775,1705794805,1705794892,1,87,30
4762,1705791775,1705794805,1705794896,1,91,32
4763,1705791776,1705794908,1705794989,1,81,20
4764,1705791776,1705794901,1705794989,1,88,30
4765,1705791779,1705791956,1705792007,2,51,22
4766,1705791813,1705791814,1705791983,1,169,27
4767,1705791901,1705791902,1705817344,1,25442,27
4768,1705792188,1705792188,1705792314,2,126,21
4769,1705792192,1705792197,1705797260,1,5063,20
4770,1705792197,1705792197,1705792228,1,31,18
4771,1705792216,1705792219,1705798242,1,6023,44
4772,1705792256,1705792256,1705807198,1,14942,33
4773,1705792264,1705792273,1705792346,2,73,21
4774,1705792318,1705792331,1705793507,1,1176,29
4775,1705792424,1705792439,1705797502,1,5063,24
4776,1705792515,1705792524,1705792588,1,64,16
4777,1705792552,1705792563,1705792798,1,235,32
4778,1705792633,1705792634,1705792875,2,241,90
4779,1705792753,1705792753,1705818201,1,25448,27
4780,1705792790,1705792790,1705796899,2,4109,81
4781,1705792842,1705792843,1705792881,1,38,31
4782,1705792954,1705792954,1705793160,1,206,39
4783,1705793079,1705793080,1705800316,1,7236,26
4784,1705793079,1705793080,1705800316,1,7236,26
4785,1705793147,1705793148,1705793227,1,79,22
4786,1705793288,1705793289,1705793395,4,106,39
4787,1705793420,1705793421,1705816744,1,23323,36
4788,1705793490,1705793490,1705793717,2,227,96
4789,1705793522,1705793522,1705793550,1,28,32
4790,1705793550,1705793561,1705793855,1,294,31
4791,1705793746,1705793747,1705799914,1,6167,46
4792,1705793755,1705793756,1705797893,1,4137,25
4793,1705793796,1705793796,1705797496,1,3700,32
4794,1705793801,1705793805,1705797537,1,3732,32
4795,1705793937,1705793937,1705880302,1,86365,96
4796,1705793985,1705793985,1705801215,1,7230,47
4797,1705794000,1705794000,1705796918,1,2918,32
4798,1705794002,1705794008,1705794091,1,83,32
4799,1705794005,1705794008,1705796920,1,2912,54
4800,1705794015,1705794019,1705801275,1,7256,47
4801,1705794057,1705794057,1705794150,2,93,79
4802,1705794128,1705794140,1705799199,1,5059,39
4803,1705794149,1705794158,1705794401,1,243,84
4804,1705794157,1705794158,1705801431,1,7273,21
4805,1705794310,1705794406,1705880839,3,86433,46
4806,1705794429,1705794448,1705799471,1,5023,22
4807,1705794442,1705794448,1705799322,1,4874,36
4808,1705794447,1705794448,1705801393,1,6945,32
4809,1705794491,1705794491,1705796370,1,1879,32
4810,1705794498,1705794499,1705796719,1,2220,31
4811,1705794528,1705794529,1705797075,1,2546,42
4812,1705794536,1705794536,1705797872,1,3336,32
4813,1705794536,1705794552,1705799567,1,5015,23
4814,1705794566,1705794716,1705799573,1,4857,59
4815,1705794570,1705795211,1705881650,3,86439,67
4816,1705794572,1705794971,1705801902,1,6931,31
4817,1705794647,1705794664,1705794864,1,200,64
4818,1705794847,1705795259,1705881679,3,86420,56
4819,1705794986,1705795005,1705877141,1,82136,67
4820,1705794988,1705795053,1705877141,1,82088,58
4821,1705794989,1705795058,1705877141,1,82083,59
4822,1705794990,1705795108,1705877141,1,82033,90
4823,1705794999,1705795005,1705795289,1,284,123
4824,1705795527,1705795543,1705795744,1,201,37
4825,1705795683,1705795683,1705795785,2,102,22
4826,1705795817,1705795818,1705809743,1,13925,21
4827,1705795904,1705795922,1705796082,1,160,106
4828,1705796304,1705796312,1705796522,1,210,105
4829,1705796351,1705796351,1705796452,2,101,21
4830,1705796870,1705796876,1705805880,1,9004,23
4831,1705796875,1705796876,1705810544,1,13668,24
4832,1705796938,1705796951,1705805974,1,9023,24
4833,1705796950,1705796951,1705800004,1,3053,33
4834,1705796956,1705796957,1705800098,1,3141,35
4835,1705797033,1705797034,1705812752,1,15718,66
4836,1705797033,1705797034,1705812746,1,15712,60
4837,1705797033,1705797034,1705797125,1,91,23
4838,1705797033,1705797034,1705822945,1,25911,55
4839,1705797033,1705797034,1705823411,1,26377,47
4840,1705797033,1705797034,1705797125,1,91,21
4841,1705797033,1705797034,1705797122,1,88,18
4842,1705797033,1705797034,1705829106,1,32072,37
4843,1705797033,1705797034,1705883482,1,86448,92
4844,1705797033,1705797034,1705883482,1,86448,101
4845,1705797033,1705797034,1705873250,1,76216,83
4846,1705797033,1705797034,1705883395,1,86361,34
4847,1705797033,1705797034,1705873552,1,76518,83
4848,1705797033,1705797035,1705883394,1,86359,35
4849,1705797033,1705797092,1705865757,1,68665,33
4850,1705797033,1705797159,1705797217,1,58,24
4851,1705797033,1705797159,1705883515,1,86356,34
4852,1705797033,1705797159,1705797205,1,46,20
4853,1705797033,1705797159,1705797205,1,46,21
4854,1705797033,1705797159,1705797213,1,54,58
4855,1705797033,1705797222,1705823029,1,25807,60
4856,1705797033,1705797222,1705829381,1,32159,35
4857,1705797033,1705797229,1705829888,1,32659,44
4858,1705797033,1705797233,1705823520,1,26287,48
4859,1705797033,1705797276,1705797334,1,58,19
4860,1705797033,1705797351,1705865778,1,68427,31
4861,1705797033,1705797401,1705797447,1,46,17
4862,1705797033,1705797404,1705797465,1,61,73
4863,1705797033,1705797464,1705797510,1,46,17
4864,1705797033,1705797482,1705883844,1,86362,29
4865,1705797033,1705797517,1705797575,1,58,27
4866,1705797033,1705797518,1705830165,1,32647,41
4867,1705797034,1705797526,1705797570,1,44,17
4868,1705797259,1705797544,1705802557,1,5013,46
4869,1705797502,1705797544,1705802557,1,5013,26
4870,1705797645,1705797662,1705797856,1,194,134
4871,1705797663,1705797663,1705797775,2,112,18
4872,1705797700,1705797797,1705798016,2,219,91
4873,1705797701,1705797800,1705866936,1,69136,91
4874,1705797701,1705797890,1705845342,2,47452,37
4875,1705797701,1705797912,1705798080,2,168,23
4876,1705797703,1705797705,1705798932,1,1227,32
4877,1705797703,1705798097,1705798269,2,172,23
4878,1705797837,1705798132,1705834501,1,36369,57
4879,1705797949,1705798010,1705798113,2,103,28
4880,1705797985,1705798036,1705798136,2,100,18
4881,1705798080,1705798097,1705807090,1,8993,23
4882,1705798080,1705798097,1705807122,1,9025,23
4883,1705798095,1705798135,1705834835,1,36700,41
4884,1705798160,1705798165,1705807178,1,9013,23
4885,1705798176,1705798177,1705800009,1,1832,30
4886,1705798272,1705798285,1705815747,1,17462,25
4887,1705798327,1705798328,1705801382,2,3054,87
4888,1705798332,1705798333,1705798432,2,99,21
4889,1705798334,1705798337,1705825910,1,27573,75
4890,1705798465,1705798466,1705835136,1,36670,39
4891,1705798478,1705798478,1705834534,1,36056,43
4892,1705798507,1705798767,1705833353,1,34586,41
4893,1705798684,1705798912,1705799083,2,171,21
4894,1705798684,1705799008,1705844218,2,45210,67
4895,1705798684,1705799445,1705847240,2,47795,78
4896,1705798694,1705799445,1705847262,2,47817,78
4897,1705798702,1705798901,1705798991,2,90,20
4898,1705798767,1705799014,1705868218,1,69204,43
4899,1705798794,1705799135,1705835746,1,36611,38
4900,1705799039,1705799105,1705835140,1,36035,21
4901,1705799141,1705799396,1705835440,1,36044,30
4902,1705799191,1705799445,1705835469,1,36024,76
4903,1705799199,1705799255,1705804256,1,5001,40
4904,1705799242,1705799445,1705835470,1,36025,76
4905,1705799258,1705799339,1705800602,1,1263,34
4906,1705799442,1705799445,1705818110,1,18665,77
4907,1705799471,1705799488,1705804487,1,4999,22
4908,1705799567,1705799584,1705804603,1,5019,22
4909,1705799584,1705799584,1705799705,2,121,54
4910,1705800175,1705800175,1705801678,1,1503,30
4911,1705800315,1705800316,1705807547,1,7231,43
4912,1705800315,1705800316,1705807547,1,7231,29
4913,1705800512,1705800513,1705800627,2,114,92
4914,1705800800,1705800800,1705800874,2,74,18
4915,1705800976,1705800976,1705801052,2,76,18
4916,1705801215,1705801216,1705808447,1,7231,27
4917,1705801275,1705801276,1705808507,1,7231,47
4918,1705801609,1705801923,1705802052,2,129,21
4919,1705801684,1705801684,1705801777,1,93,30
4920,1705802019,1705802068,1705802169,2,101,18
4921,1705802074,1705802186,1705802279,2,93,18
4922,1705802102,1705802103,1705803935,1,1832,30
4923,1705802427,1705802427,1705802513,2,86,18
4924,1705802437,1705802530,1705802628,2,98,18
4925,1705802557,1705802575,1705807605,1,5030,46
4926,1705802557,1705802575,1705807589,1,5014,25
4927,1705802706,1705802707,1705802791,2,84,18
4928,1705802717,1705802807,1705802893,2,86,18
4929,1705802868,1705802909,1705802994,2,85,18
4930,1705802941,1705803006,1705803484,1,478,75
4931,1705803307,1705803502,1705803618,2,116,24
4932,1705803319,1705803635,1705803734,2,99,19
4933,1705803686,1705805916,1705892363,16,86447,46
4934,1705803950,1705803951,1705806596,1,2645,53
4935,1705804130,1705804130,1705804221,2,91,18
4936,1705804222,1705804241,1705804325,2,84,18
4937,1705804256,1705804261,1705809277,1,5016,22
4938,1705804408,1705804408,1705804496,2,88,36
4939,1705804417,1705804418,1705804503,2,85,17
4940,1705804487,1705804512,1705809513,1,5001,22
4941,1705804603,1705804619,1705809644,1,5025,39
4942,1705804992,1705804992,1705805320,2,328,18
4943,1705805546,1705805546,1705806781,2,1235,18
4944,1705805880,1705805897,1705814891,1,8994,22
4945,1705805974,1705805991,1705814979,1,8988,23
4946,1705806613,1705806613,1705825848,1,19235,54
4947,1705807090,1705807106,1705816118,1,9012,24
4948,1705807122,1705807138,1705816164,1,9026,23
4949,1705807178,1705807212,1705816222,1,9010,30
4950,1705807547,1705807556,1705814808,1,7252,27
4951,1705807547,1705807556,1705814808,1,7252,26
4952,1705807589,1705807594,1705812603,1,5009,43
4953,1705807605,1705807612,1705812626,1,5014,29
4954,1705807714,1705807715,1705807801,2,86,52
4955,1705807818,1705811942,1705812046,60,104,113
4956,1705808447,1705808460,1705815707,1,7247,26
4957,1705808507,1705808508,1705815732,1,7224,27
4958,1705809277,1705809293,1705814303,1,5010,22
4959,1705809513,1705809521,1705814522,1,5001,24
4960,1705809644,1705809649,1705814663,1,5014,22
4961,1705811867,1705811867,1705811913,1,46,18
4962,1705812603,1705812620,1705817677,1,5057,36
4963,1705812626,1705812642,1705817677,1,5035,24
4964,1705814182,1705814200,1705898834,4,84634,47
4965,1705814303,1705814320,1705819322,1,5002,20
4966,1705814522,1705814540,1705819535,1,4995,24
4967,1705814663,1705814679,1705819698,1,5019,42
4968,1705814807,1705814808,1705822038,1,7230,26
4969,1705814807,1705814808,1705822038,1,7230,39
4970,1705814891,1705814907,1705823892,1,8985,23
4971,1705814979,1705814996,1705824007,1,9011,46
4972,1705815048,1705815065,1705899694,4,84629,47
4973,1705815172,1705815189,1705899822,4,84633,38
4974,1705815707,1705815708,1705822940,1,7232,28
4975,1705815732,1705815733,1705822970,1,7237,26
4976,1705816118,1705816135,1705825130,1,8995,23
4977,1705816164,1705816181,1705825204,1,9023,23
4978,1705816222,1705816239,1705825252,1,9013,30
4979,1705817677,1705817693,1705822721,1,5028,31
4980,1705817677,1705817693,1705822721,1,5028,22
4981,1705819322,1705819338,1705824351,1,5013,20
4982,1705819535,1705819556,1705824581,1,5025,24
4983,1705819698,1705819721,1705824723,1,5002,42
4984,1705822038,1705822039,1705829260,1,7221,25
4985,1705822038,1705822039,1705829260,1,7221,26
4986,1705822721,1705822737,1705827760,1,5023,31
4987,1705822721,1705822737,1705827760,1,5023,22
4988,1705822940,1705822940,1705830169,1,7229,35
4989,1705822970,1705822970,1705830200,1,7230,28
4990,1705823466,1705823467,1705824263,1,796,26
4991,1705823469,1705823470,1705824313,1,843,19
4992,1705823892,1705823906,1705832923,1,9017,26
4993,1705824007,1705824014,1705833005,1,8991,22
4994,1705824351,1705824364,1705829346,1,4982,25
4995,1705824581,1705824596,1705829611,1,5015,20
4996,1705824723,1705824739,1705829776,1,5037,24
4997,1705825130,1705825130,1705834135,1,9005,45
4998,1705825204,1705825209,1705834211,1,9002,23
4999,1705825240,1705843483,1705847111,16,3628,31
5000,1705825240,1705848463,1705852090,16,3627,42
5001,1705825240,1705861270,1705864908,16,3638,64
5002,1705825240,1705866302,1705869948,16,3646,31
5003,1705825241,1705870057,1705873700,16,3643,52
5004,1705825241,1705873838,1705877481,16,3643,52
5005,1705825241,1705834466,1705838111,4,3645,74
5006,1705825242,1705838114,1705841741,4,3627,29
5007,1705825242,1705841743,1705845371,4,3628,27
5008,1705825242,1705848205,1705851851,4,3646,63
5009,1705825242,1705851934,1705855571,4,3637,26
5010,1705825243,1705855798,1705859442,4,3644,26
5011,1705825243,1705861270,1705864907,4,3637,29
5012,1705825243,1705865328,1705868957,4,3629,41
5013,1705825243,1705841103,1705844741,8,3638,32
5014,1705825244,1705847239,1705850860,8,3621,33
5015,1705825244,1705850973,1705854611,8,3638,29
5016,1705825244,1705861270,1705864907,8,3637,29
5017,1705825244,1705864955,1705868598,8,3643,31
5018,1705825245,1705868615,1705872260,8,3645,31
5019,1705825252,1705825269,1705834299,1,9030,23
5020,1705827760,1705827776,1705832794,1,5018,22
5021,1705827760,1705827776,1705832794,1,5018,21
5022,1705828013,1705828014,1705835903,1,7889,43
5023,1705828132,1705828132,1705828237,2,105,21
5024,1705828136,1705828137,1705835969,1,7832,30
5025,1705828143,1705828143,1705831526,2,3383,79
5026,1705828198,1705828199,1705837423,1,9224,21
5027,1705828270,1705828271,1705838391,1,10120,21
5028,1705828392,1705828392,1705829080,1,688,62
5029,1705828845,1705828846,1705908300,1,79454,77
5030,1705828850,1705828851,1705908300,1,79449,54
5031,1705828858,1705828858,1705908299,1,79441,30
5032,1705828863,1705828863,1705908299,1,79436,31
5033,1705828868,1705828875,1705830514,1,1639,146
5034,1705828871,1705828875,1705830673,1,1798,73
5035,1705828874,1705828875,1705830015,1,1140,86
5036,1705828878,1705828879,1705830673,1,1794,74
5037,1705828935,1705828935,1705828991,2,56,21
5038,1705829260,1705829276,1705836523,1,7247,38
5039,1705829260,1705829276,1705836530,1,7254,45
5040,1705829346,1705829362,1705834374,1,5012,25
5041,1705829413,1705829413,1705829676,1,263,67
5042,1705829467,1705829468,1705833100,1,3632,45
5043,1705829479,1705829480,1705833100,1,3620,43
5044,1705829499,1705829501,1705833129,1,3628,30
5045,1705829508,1705829509,1705833129,1,3620,31
5046,1705829611,1705829617,1705834641,1,5024,21
5047,1705829686,1705829686,1705830771,1,1085,57
5048,1705829776,1705829797,1705834824,1,5027,24
5049,1705830138,1705830139,1705830279,1,140,17
5050,1705830169,1705830170,1705837399,1,7229,32
5051,1705830200,1705830200,1705837424,1,7224,35
5052,1705830298,1705830300,1705830488,2,188,32
5053,1705830316,1705830316,1705831133,1,817,20
5054,1705830665,1705830665,1705882348,1,51683,492
5055,1705830743,1705830744,1705830816,2,72,32
5056,1705830855,1705832455,1705842272,8,9817,129
5057,1705830924,1705830925,1705833558,1,2633,307
5058,1705831089,1705831090,1705831162,2,72,32
5059,1705831786,1705831786,1705835035,2,3249,92
5060,1705832130,1705832133,1705832226,2,93,24
5061,1705832524,1705832525,1705832602,2,77,18
5062,1705832615,1705832616,1705841297,1,8681,120
5063,1705832619,1705832619,1705841198,1,8579,109
5064,1705832622,1705832625,1705841220,1,8595,129
5065,1705832625,1705832629,1705841228,1,8599,106
5066,1705832628,1705832629,1705840290,1,7661,102
5067,1705832632,1705832633,1705840289,1,7656,101
5068,1705832639,1705832641,1705839224,1,6583,95
5069,1705832641,1705832645,1705839138,1,6493,96
5070,1705832644,1705832645,1705839181,1,6536,95
5071,1705832644,1705832645,1705832719,2,74,19
5072,1705832647,1705832649,1705839310,1,6661,96
5073,1705832650,1705832653,1705838663,1,6010,90
5074,1705832653,1705832657,1705838677,1,6020,90
5075,1705832701,1705835725,1705848371,128,12646,353
5076,1705832794,1705832801,1705837842,1,5041,21
5077,1705832794,1705832801,1705837842,1,5041,22
5078,1705832923,1705832950,1705841952,1,9002,27
5079,1705833005,1705833022,1705842015,1,8993,23
5080,1705833459,1705833459,1705837090,1,3631,41
5081,1705833459,1705833459,1705837090,1,3631,43
5082,1705833459,1705833459,1705837090,1,3631,29
5083,1705833460,1705833461,1705837090,1,3629,29
5084,1705833564,1705833565,1705833805,1,240,40
5085,1705833568,1705833569,1705833801,1,232,25
5086,1705833574,1705833574,1705833790,1,216,26
5087,1705833577,1705833578,1705833761,1,183,38
5088,1705833881,1705833887,1705835645,1,1758,137
5089,1705833887,1705833887,1705835763,1,1876,96
5090,1705833890,1705833891,1705835136,1,1245,121
5091,1705833895,1705833895,1705835763,1,1868,78
5092,1705834123,1705834123,1705841352,1,7229,40
5093,1705834135,1705834151,1705843135,1,8984,44
5094,1705834211,1705834211,1705843207,1,8996,45
5095,1705834211,1705834225,1705841472,1,7247,340
5096,1705834299,1705834313,1705843306,1,8993,39
5097,1705834373,1705834421,1705839422,1,5001,22
5098,1705834641,1705834641,1705839646,1,5005,25
5099,1705834737,1705834738,1705834974,2,236,25
5100,1705834824,1705834841,1705839851,1,5010,21
5101,1705835067,1705835067,1705835127,2,60,17
5102,1705835270,1705835271,1705835303,2,32,20
5103,1705835491,1705835491,1705836856,1,1365,99
5104,1705835541,1705835541,1705836096,1,555,67
5105,1705835562,1705835582,1705836024,1,442,87
5106,1705835647,1705835647,1705838114,1,2467,32
5107,1705835731,1705835733,1705836208,2,475,27
5108,1705836007,1705836007,1705846242,2,10235,78
5109,1705836077,1705836078,1705875114,1,39036,80
5110,1705836105,1705836105,1705875109,1,39004,83
5111,1705836307,1705836308,1705836401,2,93,41
5112,1705836521,1705836529,1705846104,1,9575,22
5113,1705836528,1705836529,1705837186,2,657,34
5114,1705836530,1705836533,1705843789,1,7256,49
5115,1705836530,1705836533,1705843789,1,7256,29
5116,1705836542,1705836546,1705845772,1,9226,21
5117,1705836907,1705836907,1705837848,1,941,89
5118,1705837272,1705837273,1705837527,2,254,27
5119,1705837399,1705837400,1705844629,1,7229,35
5120,1705837424,1705837430,1705844654,1,7224,32
5121,1705837426,1705837430,1705837451,1,21,27
5122,1705837590,1705837590,1705837815,2,225,96
5123,1705837603,1705837603,1705843834,1,6231,60
5124,1705837842,1705837858,1705842869,1,5011,30
5125,1705837842,1705837858,1705842886,1,5028,22
5126,1705838392,1705838404,1705842039,1,3635,29
5127,1705838392,1705838404,1705842041,1,3637,43
5128,1705838392,1705838404,1705842041,1,3637,29
5129,1705838393,1705838404,1705842041,1,3637,37
5130,1705838526,1705838527,1705839797,1,1270,29
5131,1705838605,1705838612,1705840980,1,2368,26
5132,1705838637,1705838638,1705838856,2,218,100
5133,1705839026,1705839026,1705839105,1,79,40
5134,1705839057,1705839058,1705848797,1,9739,36
5135,1705839069,1705839070,1705848770,1,9700,21
5136,1705839218,1705839218,1705839828,1,610,67
5137,1705839422,1705839427,1705844438,1,5011,23
5138,1705839646,1705839651,1705844654,1,5003,21
5139,1705839851,1705839857,1705844880,1,5023,21
5140,1705840297,1705840297,1705840664,2,367,101
5141,1705840444,1705840445,1705841623,16,1178,134
5142,1705840446,1705841103,1705842449,16,1346,152
5143,1705840447,1705841103,1705841179,16,76,20
5144,1705840996,1705840999,1705856661,1,15662,26
5145,1705841028,1705841029,1705841370,2,341,76
5146,1705841143,1705841147,1705842458,1,1311,31
5147,1705841403,1705841403,1705872294,2,30891,148
5148,1705841566,1705841567,1705841667,1,100,28
5149,1705841567,1705841567,1705841678,1,111,28
5150,1705841567,1705841567,1705841682,1,115,36
5151,1705841567,1705841567,1705841681,1,114,20
5152,1705841568,1705841674,1705841763,1,89,33
5153,1705841568,1705841692,1705841768,1,76,28
5154,1705841568,1705841694,1705841771,1,77,28
5155,1705841568,1705841697,1705841773,1,76,21
5156,1705841569,1705841779,1705841855,1,76,36
5157,1705841569,1705841780,1705841856,1,76,96
5158,1705841569,1705841785,1705841861,1,76,29
5159,1705841570,1705841787,1705841863,1,76,29
5160,1705841570,1705841871,1705841948,1,77,37
5161,1705841570,1705841871,1705841948,1,77,21
5162,1705841571,1705841872,1705841949,1,77,96
5163,1705841571,1705841877,1705841953,1,76,28
5164,1705841571,1705841962,1705842041,1,79,28
5165,1705841572,1705841964,1705842041,1,77,37
5166,1705841572,1705841964,1705842041,1,77,21
5167,1705841572,1705841965,1705842042,1,77,43
5168,1705841573,1705842048,1705842131,1,83,28
5169,1705841574,1705842056,1705842154,1,98,33
5170,1705841574,1705842142,1705842228,1,86,28
5171,1705841574,1705842151,1705842234,1,83,28
5172,1705841574,1705842151,1705842249,1,98,27
5173,1705841575,1705842159,1705842246,1,87,36
5174,1705841575,1705842244,1705842328,1,84,30
5175,1705841575,1705842244,1705842327,1,83,18
5176,1705841576,1705842262,1705842344,1,82,63
5177,1705841576,1705842262,1705842346,1,84,18
5178,1705841576,1705842343,1705842427,1,84,28
5179,1705841577,1705842343,1705842426,1,83,23
5180,1705841577,1705842360,1705842444,1,84,28
5181,1705841577,1705842360,1705842445,1,85,36
5182,1705841578,1705842440,1705842524,1,84,18
5183,1705841578,1705842440,1705842523,1,83,30
5184,1705841578,1705842463,1705842545,1,82,28
5185,1705841579,1705842463,1705842546,1,83,18
5186,1705841579,1705842553,1705842631,1,78,30
5187,1705841579,1705842553,1705842632,1,79,18
5188,1705841580,1705842535,1705842621,1,86,28
5189,1705841580,1705842535,1705842620,1,85,23
5190,1705841580,1705842637,1705842714,1,77,29
5191,1705841581,1705842637,1705842714,1,77,18
5192,1705841581,1705842637,1705842716,1,79,28
5193,1705841581,1705842637,1705842715,1,78,23
5194,1705841581,1705842748,1705842825,1,77,55
5195,1705841582,1705842748,1705842824,1,76,30
5196,1705841582,1705842748,1705842824,1,76,47
5197,1705841582,1705842748,1705842828,1,80,18
5198,1705841583,1705842840,1705842916,1,76,53
5199,1705841583,1705842840,1705842921,1,81,28
5200,1705841584,1705842840,1705842919,1,79,23
5201,1705841584,1705842840,1705842923,1,83,36
5202,1705841584,1705842936,1705843014,1,78,28
5203,1705841585,1705842936,1705843015,1,79,18
5204,1705841585,1705842936,1705843012,1,76,23
5205,1705841585,1705842936,1705843012,1,76,53
5206,1705841585,1705843028,1705843136,1,108,36
5207,1705841586,1705843028,1705843141,1,113,20
5208,1705841586,1705843020,1705843131,1,111,18
5209,1705841586,1705843141,1705843221,1,80,28
5210,1705841587,1705843020,1705843135,1,115,28
5211,1705841644,1705841644,1705846070,1,4426,33
5212,1705841675,1705841692,1705847239,1,5547,21
5213,1705841702,1705841704,1705850022,1,8318,21
5214,1705841755,1705841757,1705846406,1,4649,20
5215,1705841823,1705841823,1705846163,1,4340,40
5216,1705841861,1705841871,1705847331,1,5460,21
5217,1705841897,1705841901,1705846172,1,4271,20
5218,1705841937,1705842897,1705928730,60,85833,85
5219,1705841952,1705841962,1705850967,1,9005,24
5220,1705841968,1705841970,1705846066,1,4096,24
5221,1705841995,1705841996,1705847365,1,5369,24
5222,1705842015,1705842030,1705851030,1,9000,27
5223,1705842159,1705842159,1705842212,2,53,18
5224,1705842869,1705842883,1705847908,1,5025,20
5225,1705842886,1705842896,1705847908,1,5012,30
5226,1705843028,1705843028,1705846081,1,3053,33
5227,1705843135,1705843141,1705852143,1,9002,25
5228,1705843207,1705843213,1705852205,1,8992,45
5229,1705843306,1705843311,1705852304,1,8993,24
5230,1705843488,1705843489,1705843530,2,41,40
5231,1705843789,1705843790,1705848311,1,4521,41
5232,1705843789,1705843790,1705848311,1,4521,27
5233,1705843934,1705843934,1705851159,1,7225,38
5234,1705843978,1705843978,1705845200,1,1222,52
5235,1705844023,1705844027,1705872859,1,28832,24
5236,1705844060,1705844061,1705844727,2,666,262
5237,1705844101,1705844101,1705872948,1,28847,21
5238,1705844200,1705844200,1705873039,1,28839,22
5239,1705844268,1705844269,1705873099,1,28830,25
5240,1705844281,1705844868,1705864695,32,19827,176
5241,1705844282,1705846256,1705860628,32,14372,92
5242,1705844282,1705846286,1705866202,32,19916,117
5243,1705844282,1705846995,1705861388,32,14393,187
5244,1705844283,1705847840,1705867737,32,19897,93
5245,1705844283,1705848463,1705862829,32,14366,78
5246,1705844283,1705855173,1705875064,32,19891,98
5247,1705844284,1705855435,1705869861,32,14426,162
5248,1705844284,1705856534,1705876488,32,19954,99
5249,1705844284,1705858733,1705873086,32,14353,98
5250,1705844284,1705859092,1705878981,32,19889,153
5251,1705844285,1705860171,1705874496,32,14325,90
5252,1705844285,1705860658,1705880543,32,19885,92
5253,1705844285,1705861195,1705881172,32,19977,92
5254,1705844286,1705861195,1705881220,32,20025,78
5255,1705844286,1705861195,1705875597,32,14402,91
5256,1705844286,1705861195,1705875624,32,14429,93
5257,1705844286,1705862837,1705882700,32,19863,87
5258,1705844287,1705861393,1705875829,32,14436,85
5259,1705844287,1705864782,1705879209,32,14427,78
5260,1705844287,1705866208,1705887832,32,21624,288
5261,1705844288,1705867747,1705882143,32,14396,172
5262,1705844288,1705869879,1705889752,32,19873,174
5263,1705844288,1705873105,1705887472,32,14367,90
5264,1705844289,1705874516,1705894341,32,19825,99
5265,1705844289,1705875086,1705889396,32,14310,98
5266,1705844289,1705875616,1705895487,32,19871,93
5267,1705844289,1705875651,1705889990,32,14339,93
5268,1705844290,1705875849,1705895727,32,19878,88
5269,1705844290,1705876506,1705890941,32,14435,91
5270,1705844290,1705879002,1705898898,32,19896,100
5271,1705844291,1705879228,1705893609,32,14381,78
5272,1705844438,1705844443,1705849442,1,4999,21
5273,1705844629,1705844630,1705848311,1,3681,27
5274,1705844654,1705844662,1705848311,1,3649,35
5275,1705844654,1705844662,1705849663,1,5001,121
5276,1705844818,1705844818,1705847310,2,2492,242
5277,1705844880,1705844886,1705849884,1,4998,24
5278,1705845423,1705845423,1705845622,5,199,40
5279,1705845666,1705845667,1705845835,5,168,21
5280,1705845726,1705845727,1705846933,1,1206,49
5281,1705845927,1705845930,1705846091,5,161,21
5282,1705846246,1705846256,1705846342,1,86,18
5283,1705846248,1705846256,1705846900,1,644,60
5284,1705846306,1705846307,1705846467,5,160,21
5285,1705846473,1705846478,1705851909,1,5431,21
5286,1705846678,1705846678,1705874858,1,28180,19
5287,1705846818,1705846819,1705847448,1,629,32
5288,1705846822,1705846823,1705847435,1,612,26
5289,1705847157,1705847157,1705847262,2,105,18
5290,1705847198,1705847198,1705856505,4,9307,35
5291,1705847404,1705847404,1705848080,1,676,50
5292,1705847475,1705847475,1705847577,2,102,57
5293,1705847504,1705847507,1705851866,1,4359,43
5294,1705847505,1705847507,1705854728,1,7221,32
5295,1705847510,1705847511,1705851856,1,4345,35
5296,1705847516,1705847517,1705851838,1,4321,50
5297,1705847519,1705847521,1705847728,2,207,28
5298,1705847520,1705847521,1705851810,1,4289,38
5299,1705847547,1705847547,1705851792,1,4245,41
5300,1705847553,1705847555,1705851780,1,4225,23
5301,1705847831,1705847832,1705847928,2,96,57
5302,1705847877,1705847878,1705848086,2,208,29
5303,1705847899,1705847900,1705847971,1,71,18
5304,1705847899,1705847900,1705847970,1,70,18
5305,1705847899,1705847900,1705847967,1,67,18
5306,1705847899,1705847900,1705847969,1,69,19
5309,1705847899,1705847945,1705847972,1,27,66
5310,1705847899,1705847945,1705847976,1,31,53
5311,1705847899,1705847983,1705848029,1,46,18
5307,1705847908,1705847924,1705852944,1,5020,21
5308,1705847908,1705847924,1705852958,1,5034,31
5312,1705848093,1705848094,1705849312,1,1218,41
5313,1705848096,1705848096,1705849310,1,1214,50
5314,1705848384,1705848400,1705848617,1,217,130
5315,1705848634,1705848634,1705855157,4,6523,100
5316,1705848778,1705848779,1705848931,1,152,17
5317,1705848779,1705848780,1705849986,1,1206,62
5318,1705848860,1705848860,1705856089,1,7229,27
5319,1705848894,1705848895,1705853237,5,4342,45
5320,1705848916,1705848917,1705856149,1,7232,25
5321,1705848924,1705905078,1705906566,128,1488,366
5322,1705848929,1705848929,1705849373,2,444,32
5323,1705849068,1705853834,1705861065,256,7231,301
5324,1705849181,1705849181,1705849226,1,45,17
5325,1705849254,1705849286,1705849549,2,263,68
5326,1705849306,1705849527,1705877141,1,27614,43
5327,1705849442,1705849527,1705854544,1,5017,21
5328,1705849495,1705849527,1705849954,2,427,32
5329,1705849663,1705849767,1705854768,1,5001,21
5330,1705849668,1705849767,1705850023,1,256,19
5331,1705849778,1705849889,1705850116,2,227,68
5332,1705849869,1705849869,1705851323,1,1454,51
5333,1705849883,1705849889,1705854899,1,5010,121
5334,1705849891,1705849892,1705851376,1,1484,37
5335,1705849929,1705850129,1705850535,2,406,31
5336,1705850006,1705850006,1705851220,1,1214,61
5337,1705850009,1705850010,1705851220,1,1210,24
5338,1705850389,1705850490,1705865750,1,15260,19
5339,1705850444,1705850490,1705850755,2,265,66
5340,1705850475,1705850490,1705857800,1,7310,23
5341,1705850482,1705850490,1705857553,1,7063,22
5342,1705850489,1705850490,1705857464,1,6974,22
5343,1705850527,1705850528,1705850746,2,218,39
5344,1705850594,1705851093,1705851142,2,49,17
5345,1705850796,1705850796,1705854432,2,3636,39
5346,1705850967,1705851093,1705860123,1,9030,23
5347,1705851007,1705853834,1705860348,4,6514,364
5348,1705851030,1705851093,1705860161,1,9068,22
5349,1705851145,1705853834,1705869928,2,16094,40
5350,1705851145,1705853834,1705854039,2,205,21
5351,1705851146,1705851213,1705851323,2,110,17
5352,1705851146,1705853868,1705934594,2,80726,45
5353,1705851167,1705851171,1705858388,1,7217,37
5354,1705851253,1705851453,1705851617,2,164,17
5355,1705851345,1705851693,1705866971,1,15278,20
5356,1705851362,1705851693,1705866959,1,15266,20
5357,1705851375,1705851814,1705867090,1,15276,42
5358,1705851389,1705851814,1705867064,1,15250,18
5359,1705851437,1705851934,1705867198,1,15264,18
5360,1705851467,1705851934,1705867132,1,15198,19
5361,1705851481,1705851934,1705867210,1,15276,19
5362,1705851495,1705852299,1705867565,1,15266,18
5363,1705851518,1705852299,1705867619,1,15320,18
5364,1705851826,1705851827,1705853044,1,1217,49
5365,1705851828,1705851831,1705853047,1,1216,33
5366,1705851913,1705851934,1705857373,1,5439,27
5367,1705851923,1705851929,1705852219,1,290,141
5368,1705851931,1705853030,1705853135,2,105,18
5369,1705852020,1705853271,1705853732,2,461,32
5370,1705852143,1705853271,1705862283,1,9012,22
5371,1705852205,1705853271,1705862283,1,9012,24
5372,1705852249,1705852250,1705853309,1,1059,62
5373,1705852250,1705852299,1705853525,1,1226,30
5374,1705852304,1705853834,1705862868,1,9034,23
5375,1705852522,1705852529,1705852761,1,232,85
5376,1705852944,1705853834,1705858934,1,5100,22
5377,1705852958,1705853834,1705858934,1,5100,21
5378,1705853230,1705853238,1705853399,1,161,136
5379,1705853232,1705853238,1705854438,1,1200,33
5380,1705853695,1705853834,1705853945,2,111,17
5381,1705853698,1705853834,1705858716,8,4882,43
5382,1705853790,1705853834,1705855057,1,1223,51
5383,1705853829,1705853834,1705853995,1,161,133
5384,1705854095,1705854096,1705854850,2,754,102
5385,1705854128,1705854129,1705919030,1,64901,21
5386,1705854129,1705854129,1705918817,1,64688,22
5387,1705854129,1705854133,1705886296,1,32163,35
5388,1705854129,1705854133,1705886460,1,32327,19
5389,1705854129,1705854133,1705886411,1,32278,19
5390,1705854130,1705854133,1705886193,1,32060,19
5391,1705854130,1705854339,1705919414,1,65075,19
5392,1705854130,1705854339,1705919334,1,64995,77
5393,1705854185,1705854339,1705860401,1,6062,78
5394,1705854189,1705854339,1705864303,1,9964,91
5395,1705854193,1705854339,1705864319,1,9980,90
5396,1705854196,1705854339,1705868789,1,14450,77
5397,1705854200,1705854339,1705865811,1,11472,78
5398,1705854203,1705854339,1705854441,2,102,78
5399,1705854204,1705854339,1705854398,1,59,91
5400,1705854207,1705854339,1705864347,1,10008,77
5401,1705854210,1705854339,1705857613,1,3274,91
5402,1705854328,1705854339,1705854534,1,195,133
5403,1705854416,1705854417,1705858062,2,3645,46
5404,1705854446,1705854446,1705916945,2,62499,53
5405,1705854544,1705854551,1705859580,1,5029,23
5406,1705854631,1705854632,1705881902,2,27270,39
5407,1705854700,1705854701,1705855901,1,1200,49
5408,1705854732,1705854745,1705862167,2,7422,91
5409,1705854768,1705854787,1705859845,1,5058,21
5410,1705854815,1705854823,1705855091,1,268,30
5411,1705854834,1705854834,1705857169,1,2335,29
5412,1705854891,1705854892,1705854919,1,27,30
5413,1705854899,1705854904,1705859957,1,5053,21
5414,1705854903,1705854904,1705856109,1,1205,42
5415,1705854919,1705854924,1705855145,1,221,121
5416,1705855052,1705855052,1705866297,1,11245,134
5417,1705855237,1705855237,1705856013,1,776,61
5418,1705855427,1705855435,1705855595,1,160,134
5419,1705855663,1705855663,1705855691,1,28,32
5420,1705855691,1705855705,1705855861,1,156,31
5421,1705855764,1705919431,1705980794,1,61363,21
5422,1705855765,1705919431,1705980951,1,61520,19
5423,1705855765,1705919431,1705949887,1,30456,24
5424,1705855765,1705919431,1705949733,1,30302,20
5425,1705855765,1705919431,1705949816,1,30385,21
5426,1705855766,1705919431,1705950040,1,30609,20
5427,1705855766,1705919431,1705981037,1,61606,35
5428,1705855766,1705919431,1705981341,1,61910,21
5429,1705856050,1705856056,1705856216,1,160,133
5430,1705856089,1705856106,1705863354,1,7248,26
5431,1705856149,1705856166,1705863413,1,7247,26
5432,1705856646,1705856646,1705857865,1,1219,49
5433,1705856683,1705856683,1705858109,1,1426,57
5434,1705856731,1705856731,1705858109,1,1378,59
5435,1705856731,1705856735,1705858109,1,1374,59
5436,1705856732,1705856735,1705858109,1,1374,59
5437,1705856732,1705856735,1705858109,1,1374,59
5438,1705856751,1705858128,1705858214,2,86,71
5439,1705856801,1705856801,1705859365,1,2564,215
5440,1705856809,1705856819,1705856980,1,161,38
5441,1705856938,1705856957,1705857861,1,904,34
5442,1705856966,1705856969,1705860611,1,3642,43
5443,1705856967,1705856969,1705860611,1,3642,41
5444,1705857006,1705857389,1705857820,1,431,25
5445,1705857090,1705857480,1705860876,1,3396,34
5446,1705857102,1705857570,1705858093,1,523,21
5447,1705857174,1705857629,1705860650,1,3021,45
5448,1705857200,1705857817,1705869135,1,11318,26
5449,1705857262,1705857836,1705868912,1,11076,30
5450,1705857275,1705857877,1705860806,1,2929,21
5451,1705857363,1705858123,1705861258,1,3135,31
5452,1705857369,1705858125,1705861222,1,3097,57
5453,1705857394,1705858125,1705861638,1,3513,59
5454,1705857399,1705858126,1705861819,1,3693,59
5455,1705857468,1705858234,1705862082,1,3848,66
5456,1705857474,1705858234,1705864163,1,5929,71
5457,1705857506,1705858340,1705863132,1,4792,78
5458,1705857511,1705858340,1705865323,1,6983,76
5459,1705857695,1705858343,1705858406,1,63,78
5460,1705857703,1705858343,1705872655,1,14312,77
5461,1705858224,1705858343,1705862732,1,4389,76
5462,1705858355,1705858358,1705858439,2,81,77
5463,1705858462,1705858462,1705858537,2,75,95
5464,1705858588,1705858590,1705859304,2,714,103
5465,1705858613,1705858613,1705858681,1,68,37
5466,1705858674,1705858691,1705858966,1,275,89
5467,1705858803,1705858803,1705865779,1,6976,30
5468,1705858824,1705858826,1705865779,1,6953,149
5469,1705858863,1705858864,1705865779,1,6915,34
5470,1705858927,1705858928,1705866122,1,7194,24
5471,1705858934,1705858941,1705863999,1,5058,173
5472,1705858934,1705858950,1705863974,1,5024,22
5473,1705859155,1705859155,1705859712,1,557,126
5474,1705859317,1705859318,1705859581,2,263,101
5475,1705859432,1705859570,1705946014,1,86444,180
5476,1705859432,1705859433,1705941322,1,81889,181
5477,1705859432,1705859433,1705945863,1,86430,182
5479,1705859432,1705859568,1705937511,1,77943,179
5480,1705859432,1705859570,1705946014,1,86444,179
5481,1705859432,1705859570,1705942255,1,82685,180
5478,1705859466,1705859467,1705859537,1,70,31
5482,1705859572,1705859586,1705861454,1,1868,199
5483,1705859580,1705859597,1705864591,1,4994,23
5484,1705859636,1705861393,1705883031,1,21638,40
5485,1705859636,1705898480,1705920116,1,21636,39
5486,1705859636,1705920170,1705941814,1,21644,37
5487,1705859637,1705976452,1705998078,1,21626,39
5488,1705859641,1705861393,1705883031,1,21638,38
5489,1705859642,1705898720,1705920357,1,21637,42
5490,1705859642,1705920411,1705942054,1,21643,40
5491,1705859642,1705978164,1705999788,1,21624,43
5492,1705859658,1705861393,1705883031,1,21638,37
5493,1705859658,1705898720,1705920357,1,21637,36
5494,1705859659,1705920411,1705942054,1,21643,49
5495,1705859659,1705978164,1705999788,1,21624,36
5496,1705859665,1705861518,1705883151,1,21633,41
5497,1705859666,1705898720,1705920357,1,21637,40
5498,1705859666,1705920531,1705942175,1,21644,38
5499,1705859666,1705981419,1706003060,1,21641,40
5500,1705859680,1705974467,1705996096,1,21629,22
5501,1705859680,1706122062,1706143697,1,21635,20
5502,1705859681,1706169209,1706190832,1,21623,21
5503,1705859681,1706355625,1706377257,1,21632,124
5504,1705859687,1705978043,1705999666,1,21623,20
5505,1705859687,1706122186,1706143820,1,21634,20
5506,1705859687,1706169450,1706191072,1,21622,21
5507,1705859687,1706355625,1706377256,1,21631,131
5508,1705859700,1705861518,1705883151,1,21633,48
5509,1705859700,1705898720,1705920357,1,21637,46
5510,1705859701,1705920772,1705942415,1,21643,68
5511,1705859701,1705998570,1706020200,1,21630,49
5512,1705859706,1705861519,1705883151,1,21632,75
5513,1705859707,1705898720,1705920358,1,21638,52
5514,1705859707,1705920772,1705942415,1,21643,57
5515,1705859707,1706064367,1706085996,1,21629,55
5516,1705859720,1705861519,1705883151,1,21632,56
5517,1705859720,1705898720,1705920357,1,21637,54
5518,1705859721,1705921015,1705942655,1,21640,58
5519,1705859721,1706065708,1706087346,1,21638,55
5520,1705859726,1705861519,1705883151,1,21632,65
5521,1705859726,1705898720,1705920358,1,21638,63
5522,1705859727,1705921015,1705942655,1,21640,64
5523,1705859727,1706068157,1706089807,1,21650,65
5524,1705859740,1705861519,1705883152,1,21633,63
5525,1705859740,1705898840,1705920478,1,21638,64
5526,1705859740,1705921015,1705942655,1,21640,63
5527,1705859740,1706068402,1706090047,1,21645,69
5528,1705859747,1705861519,1705883152,1,21633,75
5529,1705859747,1705898960,1705920598,1,21638,78
5530,1705859747,1705921151,1705942775,1,21624,88
5531,1705859748,1706100784,1706122406,1,21622,76
5532,1705859748,1705859759,1705860980,1,1221,37
5533,1705859750,1705859759,1705860965,1,1206,34
5534,1705859795,1705859863,1705859952,4,89,18
5535,1705859830,1705898960,1705920595,2,21635,47
5536,1705859830,1705921151,1705942772,2,21621,38
5537,1705859830,1706069369,1706091004,2,21635,25
5538,1705859831,1706168846,1706190472,2,21626,24
5539,1705859845,1705859982,1705865007,1,5025,21
5540,1705859888,1705859888,1705860087,1,199,44
5541,1705859957,1705859982,1705864992,1,5010,21
5542,1705859970,1705859982,1705860454,1,472,133
5543,1705859974,1705859982,1705860036,1,54,38
5544,1705860056,1705860110,1705860154,4,44,32
5545,1705860123,1705860148,1705869153,1,9005,23
5546,1705860161,1705860166,1705869166,1,9000,23
5547,1705860287,1705860296,1705861076,1,780,62
5548,1705860319,1705860319,1705860393,1,74,19
5549,1705860326,1705860337,1705860437,1,100,30
5550,1705860424,1705860425,1705860539,4,114,19
5551,1705860432,1705860433,1705860564,1,131,55
5552,1705860588,1705860592,1705860673,1,81,19
5553,1705860627,1705860640,1705860737,1,97,88
5554,1705860645,1705860658,1705860787,1,129,31
5555,1705860701,1705860701,1705865751,1,5050,19
5556,1705860706,1705860708,1705860736,1,28,51
5557,1705860731,1705860732,1705866582,1,5850,20
5558,1705860736,1705860747,1705861265,1,518,132
5559,1705860746,1705860747,1705860927,1,180,37
5560,1705860751,1705860752,1705865716,1,4964,21
5561,1705860753,1705860759,1705860937,1,178,58
5562,1705860761,1705860761,1705860822,1,61,88
5563,1705860798,1705860798,1705866107,1,5309,20
5564,1705860814,1705860814,1705863352,2,2538,86
5565,1705860826,1705860828,1705865834,1,5006,21
5566,1705860851,1705860854,1705863396,2,2542,86
5567,1705860857,1705860858,1705866346,1,5488,19
5568,1705860866,1705860867,1705861513,1,646,492
5569,1705860879,1705860892,1705863324,2,2432,85
5570,1705860904,1705861195,1705863720,2,2525,86
5571,1705860945,1705861195,1705866528,1,5333,27
5572,1705860969,1705861195,1705866467,1,5272,28
5573,1705860996,1705861195,1705866000,1,4805,19
5574,1705861041,1705861195,1705866316,1,5121,19
5575,1705861069,1705861195,1705865658,1,4463,20
5576,1705861079,1705861080,1705863031,1,1951,58
5577,1705861091,1705861195,1705865882,1,4687,20
5578,1705861105,1705861195,1705861537,4,342,45
5579,1705861126,1705861128,1705861254,1,126,44
5580,1705861220,1705861220,1705861337,1,117,51
5581,1705861227,1705861228,1705861307,1,79,30
5582,1705861227,1705861228,1705865610,1,4382,22
5583,1705861235,1705861235,1705861388,1,153,30
5584,1705861241,1705861270,1705861348,1,78,51
5585,1705861270,1705861270,1705870291,1,9021,42
5586,1705861299,1705861299,1705870322,1,9023,21
5587,1705861329,1705861329,1705865442,1,4113,20
5588,1705861348,1705861356,1705861532,1,176,154
5589,1705861355,1705861356,1705868452,1,7096,19
5590,1705861380,1705861384,1705866781,1,5397,20
5591,1705861425,1705861428,1705861480,1,52,97
5592,1705861530,1705861548,1705861665,1,117,45
5593,1705861530,1705861548,1705861665,1,117,46
5594,1705861531,1705861548,1705861665,1,117,195
5595,1705861531,1705861548,1705861725,1,177,492
5596,1705861531,1705861680,1705861791,1,111,51
5597,1705861532,1705861680,1705861791,1,111,30
5598,1705861532,1705861680,1705861792,1,112,31
5599,1705861533,1705861803,1705861881,1,78,32
5600,1705861533,1705861803,1705861897,1,94,400
5601,1705861533,1705861803,1705861925,1,122,30
5602,1705861534,1705861838,1705861924,1,86,45
5603,1705861534,1705861886,1705861972,1,86,33
5604,1705861534,1705861904,1705861993,1,89,23
5605,1705861535,1705861936,1705862021,1,85,32
5606,1705861535,1705861936,1705862041,1,105,400
5607,1705861535,1705861977,1705862058,1,81,57
5608,1705861535,1705862001,1705862079,1,78,31
5609,1705861536,1705862028,1705862107,1,79,44
5610,1705861536,1705862046,1705862123,1,77,49
5611,1705861536,1705862064,1705862155,1,91,400
5612,1705861537,1705862088,1705862165,1,77,57
5613,1705861537,1705862131,1705862207,1,76,79
5614,1705861537,1705862131,1705862208,1,77,38
5615,1705861538,1705862163,1705862239,1,76,33
5616,1705861538,1705862172,1705862261,1,89,25
5617,1705861538,1705862216,1705862318,1,102,416
5618,1705861539,1705862216,1705862302,1,86,88
5619,1705861539,1705861548,1705938473,1,76925,492
5620,1705861539,1705862244,1705862323,1,79,44
5621,1705861539,1705862268,1705862347,1,79,38
5622,1705861540,1705862312,1705862399,1,87,32
5623,1705861540,1705862331,1705862418,1,87,37
5624,1705861540,1705862331,1705862463,1,132,19
5625,1705861541,1705862354,1705862440,1,86,45
5626,1705861541,1705862409,1705862495,1,86,30
5627,1705861541,1705862427,1705862510,1,83,69
5628,1705861542,1705862448,1705862536,1,88,31
5629,1705861542,1705862479,1705862562,1,83,67
5630,1705861542,1705862504,1705862606,1,102,414
5631,1705861543,1705862516,1705862601,1,85,18
5632,1705861543,1705862553,1705862637,1,84,32
5633,1705861543,1705862571,1705862655,1,84,31
5634,1705861544,1705862672,1705862756,1,84,65
5635,1705861544,1705862672,1705862760,1,88,18
5636,1705861544,1705862611,1705862696,1,85,26
5637,1705861545,1705862611,1705862697,1,86,30
5638,1705861545,1705862704,1705862787,1,83,32
5639,1705861545,1705862704,1705862796,1,92,385
5640,1705861545,1705862773,1705862859,1,86,37
5641,1705861546,1705862773,1705862860,1,87,31
5642,1705861546,1705862793,1705862878,1,85,37
5643,1705861546,1705862802,1705862888,1,86,19
5644,1705861547,1705862877,1705862957,1,80,78
5645,1705861547,1705862877,1705862957,1,80,31
5646,1705861547,1705862887,1705862974,1,87,26
5647,1705861548,1705862894,1705862980,1,86,30
5648,1705861548,1705862964,1705863043,1,79,30
5649,1705861548,1705862964,1705863047,1,83,32
5650,1705861549,1705862979,1705863055,1,76,78
5651,1705861549,1705862990,1705863068,1,78,31
5652,1705861550,1705863054,1705863153,1,99,66
5653,1705861550,1705863054,1705863132,1,78,26
5654,1705861550,1705863062,1705863139,1,77,31
5655,1705861550,1705863078,1705863156,1,78,37
5656,1705861551,1705863149,1705863232,1,83,32
5657,1705861565,1705863149,1705863234,1,85,30
5658,1705861565,1705863168,1705863252,1,84,31
5659,1705861565,1705863168,1705863253,1,85,27
5660,1705861566,1705863246,1705863327,1,81,40
5661,1705861566,1705863246,1705863330,1,84,40
5662,1705861567,1705863264,1705863341,1,77,36
5663,1705861567,1705863264,1705863342,1,78,32
5664,1705861567,1705863340,1705863422,1,82,32
5665,1705861568,1705863340,1705863424,1,84,27
5666,1705861568,1705863430,1705863509,1,79,37
5667,1705861568,1705863347,1705863424,1,77,40
5668,1705861568,1705863430,1705863509,1,79,32
5669,1705861569,1705863347,1705863425,1,78,31
5670,1705861569,1705863438,1705863517,1,79,91
5671,1705861569,1705863440,1705863519,1,79,89
5672,1705861570,1705863524,1705863604,1,80,30
5673,1705861570,1705863524,1705863604,1,80,37
5674,1705861571,1705863525,1705863603,1,78,69
5675,1705861571,1705863525,1705863604,1,79,64
5676,1705861571,1705863614,1705863694,1,80,30
5677,1705861572,1705863614,1705863697,1,83,32
5678,1705861572,1705863620,1705863697,1,77,37
5679,1705861572,1705863620,1705863698,1,78,31
5680,1705861573,1705863710,1705863793,1,83,30
5681,1705861573,1705863713,1705863793,1,80,32
5682,1705861573,1705863714,1705863793,1,79,37
5683,1705861573,1705863715,1705863793,1,78,31
5684,1705861574,1705863804,1705863883,1,79,39
5685,1705861574,1705863804,1705863882,1,78,33
5686,1705861575,1705863812,1705863889,1,77,37
5687,1705861575,1705863812,1705863892,1,80,30
5688,1705861575,1705863898,1705863978,1,80,26
5689,1705861576,1705863898,1705863978,1,80,30
5690,1705861576,1705863900,1705863981,1,81,32
5691,1705861576,1705863905,1705863986,1,81,37
5692,1705861577,1705863991,1705864077,1,86,26
5693,1705861577,1705863994,1705864074,1,80,65
5694,1705861577,1705863995,1705864077,1,82,61
5695,1705861578,1705863998,1705864079,1,81,100
5696,1705861578,1705864085,1705864162,1,77,30
5697,1705861579,1705864085,1705864197,1,112,370
5698,1705861579,1705864091,1705864175,1,84,31
5699,1705861579,1705864093,1705864180,1,87,26
5700,1705861580,1705864209,1705864287,1,78,30
5701,1705861580,1705864209,1705864287,1,78,32
5702,1705861580,1705864209,1705864287,1,78,31
5703,1705861581,1705864209,1705864287,1,78,25
5704,1705861581,1705864346,1705864426,1,80,30
5705,1705861581,1705864346,1705864428,1,82,30
5706,1705861582,1705864346,1705864426,1,80,32
5707,1705861582,1705864346,1705864439,1,93,370
5708,1705861584,1705864444,1705864529,1,85,56
5709,1705861584,1705864521,1705864601,1,80,370
5710,1705861584,1705864534,1705864611,1,77,59
5711,1705861585,1705864534,1705864613,1,79,57
5712,1705861585,1705864540,1705864617,1,77,77
5713,1705861585,1705864606,1705864689,1,83,32
5714,1705861586,1705864624,1705864707,1,83,371
5715,1705861586,1705864628,1705864704,1,76,26
5716,1705861586,1705864629,1705864706,1,77,26
5717,1705861587,1705864694,1705864790,1,96,30
5718,1705861587,1705864712,1705864805,1,93,32
5719,1705861606,1705864743,1705864852,1,109,371
5720,1705861606,1705864743,1705864839,1,96,26
5721,1705861607,1705864821,1705864899,1,78,85
5722,1705861607,1705864821,1705864921,1,100,26
5723,1705861607,1705864858,1705864938,1,80,73
5724,1705861608,1705864858,1705864940,1,82,50
5725,1705861608,1705864909,1705865043,1,134,48
5726,1705861609,1705864926,1705865006,1,80,30
5727,1705861609,1705864947,1705865024,1,77,26
5728,1705861609,1705864955,1705865035,1,80,33
5729,1705861610,1705865012,1705865092,1,80,27
5730,1705861610,1705865030,1705865109,1,79,30
5731,1705861610,1705865040,1705865118,1,78,26
5732,1705861610,1705865051,1705865129,1,78,53
5733,1705861611,1705865109,1705865193,1,84,26
5734,1705861611,1705865126,1705865206,1,80,85
5735,1705861611,1705865135,1705865214,1,79,26
5736,1705861612,1705865163,1705865295,1,132,18
5737,1705861613,1705865212,1705865290,1,78,67
5738,1705861613,1705865222,1705865299,1,77,85
5739,1705861613,1705865231,1705865309,1,78,26
5740,1705861614,1705865306,1705865405,1,99,27
5741,1705861614,1705865306,1705865388,1,82,18
5742,1705861614,1705865306,1705865385,1,79,26
5743,1705861615,1705865315,1705865393,1,78,31
5744,1705861615,1705865399,1705865480,1,81,18
5745,1705861615,1705865399,1705865479,1,80,26
5746,1705861615,1705865399,1705865499,1,100,32
5747,1705861616,1705865414,1705865497,1,83,26
5748,1705861617,1705861620,1705862282,1,662,29
5749,1705861617,1705865496,1705865578,1,82,27
5750,1705861617,1705865496,1705865578,1,82,26
5751,1705861617,1705865506,1705865595,1,89,19
5752,1705861618,1705865506,1705865585,1,79,18
5753,1705861618,1705865594,1705865683,1,89,27
5754,1705861618,1705865594,1705865686,1,92,26
5755,1705861619,1705865594,1705865692,1,98,18
5756,1705861619,1705865602,1705865691,1,89,18
5757,1705861619,1705865699,1705865778,1,79,27
5758,1705861620,1705865703,1705865782,1,79,61
5759,1705861620,1705865697,1705865780,1,83,18
5760,1705861621,1705865794,1705865875,1,81,28
5761,1705861621,1705865794,1705865875,1,81,18
5762,1705861621,1705865697,1705865784,1,87,30
5763,1705861622,1705865794,1705865875,1,81,18
5764,1705861622,1705865797,1705865878,1,81,19
5765,1705861622,1705865892,1705865980,1,88,28
5766,1705861623,1705865892,1705865981,1,89,26
5767,1705861623,1705865892,1705865979,1,87,30
5768,1705861623,1705865892,1705865979,1,87,19
5769,1705861624,1705865986,1705866072,1,86,18
5770,1705861624,1705865986,1705866072,1,86,18
5771,1705861625,1705865995,1705866073,1,78,67
5772,1705861625,1705865996,1705866075,1,79,19
5773,1705861625,1705866090,1705866170,1,80,28
5774,1705861626,1705866090,1705866170,1,80,18
5775,1705861626,1705866090,1705866170,1,80,26
5776,1705861626,1705866090,1705866170,1,80,18
5777,1705861627,1705866186,1705866271,1,85,65
5778,1705861627,1705866178,1705866269,1,91,72
5779,1705861627,1705866186,1705866279,1,93,52
5780,1705861628,1705866279,1705866368,1,89,18
5781,1705861628,1705866279,1705866369,1,90,26
5782,1705861629,1705866178,1705866268,1,90,92
5783,1705861629,1705866288,1705866369,1,81,72
5784,1705861629,1705866288,1705866368,1,80,65
5785,1705861631,1705861632,1705862277,1,645,29
5786,1705861680,1705861681,1705862863,4,1182,49
5787,1705861737,1705861739,1705861877,1,138,32
5788,1705861917,1705861918,1705862038,1,120,18
5789,1705862005,1705862010,1705862299,1,289,121
5790,1705862051,1705862056,1705868505,4,6449,104
5791,1705862067,1705862068,1705862181,1,113,25
5792,1705862202,1705880561,1705900456,32,19895,92
5793,1705862202,1705881191,1705895618,32,14427,92
5794,1705862203,1705881236,1705901196,32,19960,80
5795,1705862204,1705889413,1705903755,32,14342,90
5796,1705862205,1705889774,1705909611,32,19837,175
5797,1705862205,1705890007,1705904419,32,14412,91
5798,1705862205,1705890976,1705910937,32,19961,93
5799,1705862206,1705892494,1705906906,32,14412,95
5800,1705862206,1705893628,1705913490,32,19862,78
5801,1705862206,1705894359,1705908673,32,14314,99
5802,1705862207,1705895505,1705915407,32,19902,93
5803,1705862207,1705895639,1705910070,32,14431,178
5804,1705862207,1705895796,1705915681,32,19885,88
5805,1705862208,1705897189,1705918826,32,21637,110
5806,1705862208,1705897637,1705917430,32,19793,94
5807,1705862208,1705897787,1705912286,32,14499,288
5808,1705862208,1705898920,1705918829,32,19909,100
5809,1705862209,1705862217,1705865386,1,3169,23
5810,1705862209,1705900467,1705914839,32,14372,176
5811,1705862209,1705901211,1705921025,32,19814,100
5812,1705862209,1705903772,1705918217,32,14445,317
5813,1705862210,1705904431,1705924280,32,19849,92
5814,1705862210,1705906911,1705921335,32,14424,88
5815,1705862210,1705908691,1705928715,32,20024,102
5816,1705862211,1705909640,1705924097,32,14457,172
5817,1705862211,1705910089,1705930082,32,19993,90
5818,1705862211,1705910953,1705925420,32,14467,95
5819,1705862212,1705912306,1705932335,32,20029,290
5820,1705862212,1705913510,1705927955,32,14445,78
5821,1705862212,1705914857,1705934739,32,19882,84
5822,1705862213,1705915425,1705929847,32,14422,93
5823,1705862213,1705915704,1705935610,32,19906,88
5824,1705862213,1705917441,1705937269,32,19828,179
5825,1705862283,1705862294,1705871281,1,8987,23
5826,1705862283,1705862294,1705871293,1,8999,27
5827,1705862511,1705862516,1705862545,1,29,31
5828,1705862515,1705862516,1705881221,4,18705,130
5829,1705862545,1705862553,1705862775,1,222,123
5830,1705862599,1705862600,1705862729,1,129,67
5831,1705862868,1705862877,1705871872,1,8995,22
5832,1705862918,1705862924,1705863217,1,293,110
5833,1705862995,1705862995,1705863160,1,165,35
5834,1705862995,1705862995,1705867905,1,4910,143
5835,1705862995,1705862995,1705867910,1,4915,144
5836,1705863033,1705863033,1705863889,1,856,394
5837,1705863131,1705863131,1705863675,1,544,48
5838,1705863349,1705863350,1705863502,1,152,40
5839,1705863354,1705863357,1705870586,1,7229,41
5840,1705863413,1705863414,1705870636,1,7222,27
5841,1705863459,1705863461,1705863579,1,118,72
5842,1705863537,1705863538,1705863683,1,145,89
5843,1705863626,1705863627,1705863759,1,132,33
5844,1705863668,1705863669,1705863788,1,119,31
5845,1705863673,1705863691,1705864892,1,1201,48
5846,1705863680,1705863704,1705863732,1,28,32
5847,1705863732,1705863748,1705864046,1,298,132
5848,1705863831,1705863834,1705863960,1,126,26
5849,1705863883,1705866384,1705866479,1,95,27
5850,1705863883,1705866384,1705866477,1,93,18
5851,1705863884,1705866384,1705866476,1,92,30
5852,1705863884,1705866385,1705866477,1,92,18
5853,1705863884,1705866497,1705866584,1,87,27
5854,1705863885,1705866497,1705866586,1,89,18
5855,1705863885,1705866497,1705866585,1,88,19
5856,1705863885,1705866497,1705866586,1,89,26
5857,1705863886,1705866599,1705866687,1,88,18
5858,1705863886,1705866599,1705866686,1,87,71
5859,1705863886,1705866607,1705866689,1,82,56
5860,1705863887,1705866607,1705866688,1,81,52
5861,1705863887,1705866699,1705866780,1,81,18
5862,1705863887,1705866699,1705866783,1,84,26
5863,1705863888,1705866703,1705866781,1,78,71
5864,1705863888,1705866703,1705866784,1,81,18
5865,1705863888,1705866790,1705866871,1,81,94
5866,1705863889,1705866796,1705866874,1,78,55
5867,1705863889,1705866798,1705866875,1,77,30
5868,1705863889,1705866790,1705866869,1,79,85
5869,1705863889,1705866902,1705866981,1,79,94
5870,1705863890,1705866902,1705866983,1,81,55
5871,1705863890,1705866902,1705866981,1,79,85
5872,1705863890,1705866902,1705867002,1,100,30
5873,1705863891,1705866988,1705867073,1,85,26
5874,1705863891,1705866988,1705867077,1,89,26
5875,1705863891,1705866988,1705867068,1,80,18
5876,1705863892,1705867009,1705867088,1,79,28
5877,1705863892,1705867084,1705867167,1,83,18
5878,1705863892,1705867084,1705867167,1,83,31
5879,1705863893,1705867085,1705867163,1,78,37
5880,1705863893,1705867102,1705867189,1,87,26
5881,1705863893,1705867186,1705867266,1,80,27
5882,1705863894,1705867186,1705867266,1,80,18
5883,1705863894,1705867186,1705867267,1,81,26
5884,1705863894,1705867195,1705867274,1,79,18
5885,1705863895,1705867287,1705867365,1,78,27
5886,1705863895,1705867287,1705867365,1,78,18
5887,1705863895,1705867279,1705867361,1,82,90
5888,1705863895,1705867378,1705867460,1,82,49
5889,1705863896,1705867378,1705867456,1,78,18
5890,1705863896,1705867279,1705867359,1,80,31
5891,1705863896,1705867378,1705867457,1,79,56
5892,1705863897,1705867381,1705867463,1,82,27
5893,1705863897,1705867473,1705867557,1,84,18
5894,1705863897,1705867473,1705867554,1,81,18
5895,1705863898,1705867473,1705867554,1,81,31
5896,1705863898,1705867476,1705867559,1,83,27
5897,1705863899,1705867570,1705867665,1,95,27
5898,1705863899,1705867570,1705867663,1,93,31
5899,1705863899,1705867570,1705867663,1,93,18
5900,1705863900,1705867573,1705867669,1,96,19
5901,1705863900,1705867679,1705867767,1,88,26
5902,1705863900,1705867679,1705867764,1,85,19
5903,1705863901,1705867680,1705867762,1,82,32
5904,1705863901,1705867681,1705867763,1,82,48
5905,1705863901,1705867778,1705867860,1,82,32
5906,1705863902,1705867772,1705867850,1,78,18
5907,1705863902,1705867780,1705867860,1,80,48
5908,1705863902,1705863907,1705864068,1,161,394
5909,1705863902,1705867781,1705867862,1,81,19
5910,1705863903,1705867873,1705867965,1,92,51
5911,1705863903,1705867873,1705867994,1,121,121
5912,1705863903,1705867873,1705867964,1,91,52
5913,1705863904,1705867876,1705867966,1,90,27
5914,1705863904,1705867971,1705868068,1,97,18
5915,1705863918,1705863921,1705864045,1,124,31
5916,1705863974,1705863991,1705869017,1,5026,20
5917,1705863999,1705864004,1705869035,1,5031,21
5918,1705864014,1705864016,1705865235,1,1219,82
5919,1705864055,1705864055,1705864183,1,128,46
5920,1705864055,1705864059,1705864181,1,122,20
5921,1705864056,1705864059,1705864184,1,125,18
5922,1705864056,1705864059,1705864185,1,126,18
5923,1705864056,1705864059,1705864177,1,118,34
5924,1705864057,1705864059,1705864182,1,123,19
5925,1705864057,1705864059,1705864183,1,124,18
5926,1705864057,1705864059,1705864178,1,119,18
5927,1705864058,1705864059,1705864185,1,126,18
5928,1705864058,1705864059,1705864185,1,126,20
5929,1705864058,1705864059,1705864187,1,128,19
5930,1705864059,1705864059,1705864181,1,122,29
5931,1705864059,1705864062,1705864176,1,114,19
5932,1705864060,1705864062,1705864182,1,120,20
5933,1705864060,1705864062,1705864176,1,114,20
5934,1705864060,1705864062,1705864177,1,115,18
5935,1705864061,1705864062,1705864180,1,118,18
5936,1705864061,1705864062,1705864177,1,115,19
5937,1705864061,1705864062,1705864174,1,112,21
5938,1705864062,1705864064,1705864183,1,119,19
5939,1705864063,1705864064,1705864177,1,113,21
5940,1705864063,1705864064,1705864175,1,111,21
5941,1705864064,1705864069,1705864176,1,107,22
5942,1705864064,1705864069,1705864176,1,107,22
5943,1705864065,1705864069,1705864176,1,107,23
5944,1705864065,1705864069,1705864176,1,107,19
5945,1705864065,1705864069,1705864181,1,112,18
5946,1705864066,1705864069,1705864180,1,111,19
5947,1705864066,1705864069,1705864182,1,113,18
5948,1705864066,1705864069,1705864182,1,113,18
5949,1705864067,1705864069,1705864176,1,107,20
5950,1705864067,1705864069,1705864184,1,115,20
5951,1705864067,1705864069,1705864178,1,109,21
5952,1705864067,1705864069,1705864180,1,111,25
5953,1705864068,1705864070,1705864182,1,112,18
5954,1705864068,1705864070,1705864191,1,121,18
5955,1705864068,1705864070,1705864190,1,120,18
5956,1705864069,1705864070,1705864180,1,110,18
5957,1705864070,1705864074,1705864184,1,110,18
5958,1705864070,1705864074,1705864187,1,113,19
5959,1705864070,1705864074,1705871295,1,7221,132
5960,1705864071,1705864074,1705864189,1,115,17
5961,1705864071,1705864074,1705864184,1,110,18
5962,1705864071,1705864074,1705864187,1,113,17
5963,1705864072,1705864074,1705864182,1,108,18
5964,1705864072,1705864074,1705864181,1,107,18
5965,1705864072,1705864074,1705864183,1,109,21
5966,1705864072,1705864074,1705864185,1,111,17
5967,1705864073,1705864074,1705864185,1,111,21
5968,1705864074,1705864085,1705864198,1,113,17
5969,1705864074,1705864085,1705864195,1,110,21
5970,1705864075,1705864085,1705864195,1,110,21
5971,1705864075,1705864085,1705864196,1,111,17
5972,1705864077,1705864085,1705864195,1,110,17
5973,1705864077,1705864085,1705864199,1,114,17
5974,1705864078,1705864085,1705864193,1,108,17
5975,1705864078,1705864085,1705864195,1,110,17
5976,1705864078,1705864085,1705864201,1,116,17
5977,1705864079,1705864085,1705864189,1,104,17
5978,1705864079,1705864085,1705864195,1,110,17
5979,1705864079,1705864085,1705864202,1,117,17
5980,1705864080,1705864085,1705864194,1,109,17
5981,1705864080,1705864085,1705864192,1,107,17
5982,1705864080,1705864085,1705864198,1,113,17
5983,1705864080,1705864085,1705864190,1,105,18
5984,1705864081,1705864085,1705864204,1,119,286
5985,1705864227,1705864227,1705864303,1,76,33
5986,1705864228,1705864231,1705864312,1,81,20
5987,1705864228,1705864231,1705864309,1,78,18
5988,1705864228,1705864231,1705864314,1,83,18
5989,1705864229,1705864231,1705864309,1,78,34
5990,1705864229,1705864231,1705864308,1,77,19
5991,1705864229,1705864231,1705864312,1,81,18
5992,1705864229,1705864231,1705864309,1,78,18
5993,1705864230,1705864231,1705864308,1,77,18
5994,1705864230,1705864231,1705864316,1,85,20
5995,1705864230,1705864231,1705864308,1,77,19
5996,1705864231,1705864231,1705864311,1,80,29
5997,1705864232,1705864235,1705864312,1,77,19
5998,1705864232,1705864235,1705864312,1,77,20
5999,1705864232,1705864235,1705864313,1,78,20
6000,1705864233,1705864235,1705864313,1,78,18
6001,1705864233,1705864235,1705864312,1,77,18
6002,1705864233,1705864235,1705864314,1,79,19
6003,1705864234,1705864235,1705864313,1,78,21
6004,1705864234,1705864235,1705864312,1,77,19
6005,1705864234,1705864235,1705864313,1,78,21
6006,1705864235,1705864235,1705864314,1,79,21
6007,1705864236,1705864239,1705864318,1,79,22
6008,1705864236,1705864239,1705864319,1,80,22
6009,1705864236,1705864239,1705864317,1,78,23
6010,1705864237,1705864239,1705864316,1,77,19
6011,1705864237,1705864239,1705864318,1,79,18
6012,1705864237,1705864239,1705864321,1,82,19
6013,1705864238,1705864239,1705864318,1,79,18
6014,1705864238,1705864239,1705864319,1,80,18
6015,1705864238,1705864239,1705864317,1,78,20
6016,1705864239,1705864239,1705864318,1,79,18
6017,1705864240,1705864244,1705864323,1,79,18
6018,1705864240,1705864244,1705864323,1,79,18
6019,1705864240,1705864244,1705864325,1,81,18
6020,1705864241,1705864244,1705864322,1,78,21
6021,1705864241,1705864244,1705864326,1,82,18
6022,1705864241,1705864244,1705864323,1,79,21
6023,1705864243,1705864244,1705864324,1,80,18
6024,1705864244,1705864246,1705864326,1,80,21
6025,1705864244,1705864246,1705864323,1,77,18
6026,1705864245,1705864246,1705864325,1,79,19
6027,1705864245,1705864246,1705864326,1,80,21
6028,1705864246,1705864250,1705864331,1,81,25
6029,1705864246,1705864250,1705864336,1,86,18
6030,1705864247,1705864250,1705864330,1,80,18
6031,1705864247,1705864250,1705864341,1,91,18
6032,1705864247,1705864250,1705864328,1,78,18
6033,1705864248,1705864250,1705864330,1,80,18
6034,1705864248,1705864250,1705864331,1,81,18
6035,1705864248,1705864250,1705864364,1,114,20
6036,1705864249,1705864250,1705864329,1,79,18
6037,1705864249,1705864250,1705864331,1,81,18
6038,1705864249,1705864250,1705864328,1,78,17
6039,1705864250,1705864254,1705864336,1,82,18
6040,1705864251,1705864254,1705864335,1,81,17
6041,1705864251,1705864254,1705864338,1,84,17
6042,1705864251,1705864254,1705864339,1,85,18
6043,1705864252,1705864254,1705864339,1,85,18
6044,1705864252,1705864254,1705864335,1,81,18
6045,1705864252,1705864254,1705864337,1,83,17
6046,1705864253,1705864254,1705864338,1,84,17
6047,1705864253,1705864254,1705864337,1,83,18
6048,1705864253,1705864254,1705864337,1,83,17
6049,1705864254,1705864258,1705864334,1,76,19
6050,1705864335,1705864346,1705870728,1,6382,19
6051,1705864385,1705864388,1705867955,1,3567,34
6052,1705864431,1705864445,1705865382,1,937,32
6053,1705864463,1705864467,1705869671,1,5204,21
6054,1705864483,1705864488,1705868116,1,3628,20
6055,1705864533,1705864534,1705868772,1,4238,20
6056,1705864567,1705864568,1705870324,1,5756,35
6057,1705864591,1705864606,1705869595,1,4989,36
6058,1705864645,1705864647,1705864750,1,103,20
6059,1705864646,1705864647,1705864746,1,99,19
6060,1705864646,1705864647,1705864724,1,77,32
6061,1705864646,1705864647,1705864727,1,80,18
6062,1705864647,1705864647,1705864724,1,77,18
6063,1705864648,1705864651,1705864733,1,82,18
6064,1705864648,1705864651,1705864730,1,79,18
6065,1705864648,1705864651,1705864733,1,82,19
6066,1705864649,1705864651,1705864731,1,80,19
6067,1705864649,1705864651,1705864731,1,80,28
6068,1705864649,1705864651,1705864730,1,79,18
6069,1705864650,1705864651,1705864732,1,81,19
6070,1705864650,1705864651,1705864730,1,79,19
6071,1705864650,1705864651,1705864734,1,83,18
6072,1705864651,1705864651,1705864744,1,93,18
6073,1705864651,1705864651,1705864731,1,80,18
6074,1705864652,1705864655,1705864737,1,82,18
6075,1705864652,1705864655,1705864736,1,81,18
6076,1705864652,1705864655,1705864736,1,81,20
6077,1705864653,1705864655,1705864735,1,80,19
6078,1705864653,1705864655,1705864734,1,79,19
6079,1705864653,1705864655,1705864736,1,81,20
6080,1705864654,1705864655,1705864738,1,83,20
6081,1705864654,1705864655,1705864737,1,82,18
6082,1705864654,1705864655,1705864735,1,80,18
6083,1705864655,1705864656,1705864735,1,79,18
6084,1705864655,1705864656,1705864737,1,81,18
6085,1705864656,1705864663,1705864756,1,93,47
6086,1705864656,1705864663,1705864756,1,93,49
6087,1705864656,1705864663,1705864761,1,98,41
6088,1705864657,1705864663,1705864758,1,95,45
6089,1705864657,1705864663,1705864761,1,98,42
6090,1705864657,1705864663,1705864762,1,99,40
6091,1705864658,1705864663,1705864760,1,97,45
6092,1705864658,1705864663,1705864754,1,91,51
6093,1705864658,1705864663,1705864754,1,91,55
6094,1705864659,1705864663,1705864750,1,87,18
6095,1705864659,1705864663,1705864752,1,89,21
6096,1705864659,1705864663,1705864754,1,91,51
6097,1705864660,1705864663,1705864761,1,98,41
6098,1705864660,1705864663,1705864762,1,99,38
6099,1705864660,1705864663,1705864761,1,98,42
6100,1705864661,1705864663,1705864765,1,102,38
6101,1705864661,1705864663,1705864760,1,97,42
6102,1705864661,1705864663,1705864759,1,96,43
6103,1705864662,1705864663,1705864758,1,95,46
6104,1705864662,1705864663,1705864758,1,95,46
6105,1705864662,1705864663,1705864752,1,89,60
6106,1705864662,1705864663,1705864749,1,86,19
6107,1705864663,1705864663,1705864757,1,94,47
6108,1705864664,1705864664,1705864759,1,95,43
6109,1705864665,1705864666,1705864765,1,99,36
6110,1705864665,1705864666,1705864762,1,96,41
6111,1705864665,1705864666,1705864763,1,97,38
6112,1705864666,1705864666,1705864762,1,96,38
6113,1705864667,1705864670,1705864764,1,94,65
6114,1705864667,1705864670,1705864767,1,97,60
6115,1705864667,1705864670,1705864763,1,93,35
6116,1705864668,1705864670,1705864765,1,95,35
6117,1705864668,1705864670,1705864765,1,95,63
6118,1705864668,1705864670,1705864764,1,94,67
6119,1705864669,1705864670,1705864760,1,90,40
6120,1705864669,1705864670,1705864770,1,100,328
6121,1705864669,1705864670,1705864768,1,98,53
6122,1705864670,1705864670,1705864777,1,107,34
6123,1705864687,1705864694,1705864801,1,107,18
6124,1705864688,1705864694,1705864799,1,105,17
6125,1705864688,1705864694,1705864799,1,105,16
6126,1705864688,1705864694,1705864799,1,105,19
6127,1705864689,1705864694,1705864802,1,108,19
6128,1705864689,1705864694,1705864801,1,107,18
6129,1705864689,1705864694,1705864801,1,107,18
6130,1705864690,1705864694,1705864799,1,105,19
6131,1705864690,1705864694,1705864797,1,103,21
6132,1705864690,1705864694,1705864800,1,106,19
6133,1705864691,1705864694,1705864800,1,106,17
6134,1705864691,1705864694,1705864799,1,105,19
6135,1705864691,1705864694,1705864798,1,104,17
6136,1705864691,1705864712,1705864807,1,95,18
6137,1705864692,1705864712,1705864812,1,100,17
6138,1705864692,1705864712,1705864811,1,99,118
6139,1705864692,1705864712,1705864807,1,95,18
6140,1705864693,1705864714,1705864811,1,97,19
6141,1705864693,1705864712,1705864810,1,98,19
6142,1705864693,1705864712,1705864810,1,98,19
6143,1705864694,1705864712,1705864809,1,97,18
6144,1705864694,1705864712,1705864811,1,99,19
6145,1705864695,1705864712,1705864810,1,98,18
6146,1705864695,1705864712,1705864810,1,98,19
6147,1705864695,1705864712,1705864807,1,95,17
6148,1705864696,1705864714,1705864810,1,96,18
6149,1705864696,1705864714,1705864810,1,96,20
6150,1705864696,1705864714,1705864808,1,94,24
6151,1705864697,1705864714,1705864810,1,96,17
6152,1705864697,1705864714,1705864811,1,97,18
6153,1705864697,1705864714,1705864811,1,97,18
6154,1705864698,1705864714,1705864812,1,98,18
6155,1705864698,1705864714,1705864812,1,98,18
6156,1705864698,1705864714,1705864813,1,99,18
6157,1705864699,1705864714,1705864808,1,94,19
6158,1705864699,1705864714,1705864805,1,91,21
6159,1705864699,1705864714,1705864812,1,98,19
6160,1705864700,1705864744,1705864842,1,98,19
6161,1705864700,1705864744,1705864845,1,101,20
6162,1705864700,1705864744,1705864838,1,94,32
6163,1705864701,1705864744,1705864838,1,94,18
6164,1705864701,1705864744,1705864839,1,95,18
6165,1705864701,1705864744,1705864843,1,99,116
6166,1705864702,1705864744,1705864842,1,98,117
6167,1705864702,1705864744,1705864842,1,98,22
6168,1705864702,1705864744,1705864840,1,96,39
6169,1705864703,1705864744,1705864840,1,96,40
6170,1705864703,1705864744,1705864842,1,98,19
6171,1705864703,1705864782,1705864878,1,96,18
6172,1705864704,1705864782,1705864859,1,77,40
6173,1705864704,1705864782,1705864865,1,83,78
6174,1705864704,1705864782,1705864864,1,82,54
6175,1705864705,1705864782,1705864878,1,96,18
6176,1705864705,1705864782,1705864876,1,94,19
6177,1705864705,1705864782,1705864876,1,94,19
6178,1705864706,1705864782,1705864876,1,94,28
6179,1705864706,1705864782,1705864875,1,93,18
6180,1705864706,1705864782,1705864877,1,95,19
6181,1705864707,1705864782,1705864876,1,94,19
6182,1705864707,1705864782,1705864876,1,94,18
6183,1705864707,1705864782,1705864870,1,88,52
6184,1705864708,1705864782,1705864877,1,95,18
6185,1705864708,1705864782,1705864874,1,92,18
6186,1705864708,1705864782,1705864874,1,92,18
6187,1705864709,1705864782,1705864876,1,94,20
6188,1705864891,1705864893,1705865146,1,253,405
6189,1705864992,1705865012,1705870018,1,5006,22
6190,1705865007,1705865012,1705870018,1,5006,21
6191,1705865072,1705865074,1705865254,1,180,22
6192,1705865146,1705865153,1705867824,1,2671,155
6193,1705865226,1705865226,1705865292,1,66,17
6194,1705865413,1705865414,1705865535,1,121,22
6195,1705865570,1705865571,1705866785,1,1214,34
6196,1705865609,1705865609,1705866827,1,1218,30
6197,1705865610,1705865617,1705952009,1,86392,35
6198,1705865614,1705865617,1705922706,1,57089,18
6199,1705866031,1705866033,1705873260,1,7227,22
6200,1705866042,1705866043,1705873114,1,7071,24
6201,1705866092,1705866096,1705866233,2,137,23
6202,1705866170,1705866178,1705866236,1,58,19
6203,1705866373,1705866384,1705874882,1,8498,21
6204,1705866432,1705866433,1705868697,1,2264,22
6205,1705866449,1705866449,1705866512,1,63,18
6206,1705866860,1705866865,1705866914,1,49,18
6207,1705867005,1705867009,1705868226,1,1217,22
6208,1705867008,1705867009,1705867054,1,45,18
6209,1705867045,1705867048,1705868250,1,1202,51
6210,1705867269,1705867279,1705877141,1,9862,33
6211,1705867330,1705867331,1705869708,1,2377,28
6212,1705867476,1705867476,1705867522,1,46,25
6213,1705867833,1705867841,1705952477,4,84636,25
6214,1705867833,1705867841,1705952477,4,84636,25
6215,1705867865,1705867873,1705868213,1,340,26
6216,1705867938,1705867938,1705881808,1,13870,142
6217,1705867938,1705867938,1705868085,1,147,17
6218,1705867938,1705867938,1705885516,1,17578,143
6219,1705868019,1705868021,1705868053,1,32,17
6220,1705868047,1705868048,1705868136,1,88,24
6221,1705868047,1705868048,1705877557,1,9509,141
6222,1705868048,1705868048,1705885277,1,17229,143
6223,1705868048,1705868052,1705882829,1,14777,142
6224,1705868048,1705868052,1705877922,1,9870,143
6225,1705868261,1705868266,1705869550,1,1284,32
6226,1705868280,1705868280,1705869440,1,1160,42
6227,1705868293,1705868293,1705869231,1,938,33
6228,1705868294,1705868297,1705877141,1,8844,38
6229,1705868334,1705868334,1705868739,1,405,20
6230,1705868458,1705868463,1705953095,4,84632,31
6231,1705868525,1705868525,1705872167,1,3642,145
6232,1705868565,1705868566,1705868866,1,300,21
6233,1705868663,1705868663,1705871496,1,2833,28
6234,1705868714,1705868715,1705869926,1,1211,23
6235,1705868821,1705868823,1705870031,1,1208,35
6236,1705868894,1705868895,1705870168,4,1273,106
6237,1705869017,1705869047,1705874086,1,5039,21
6238,1705869035,1705869047,1705874074,1,5027,20
6239,1705869153,1705869172,1705878184,1,9012,26
6240,1705869166,1705869172,1705878165,1,8993,24
6241,1705869465,1705869466,1705870165,4,699,104
6242,1705869595,1705869611,1705874614,1,5003,30
6243,1705870013,1705870016,1705884829,4,14813,398
6244,1705870013,1705897798,1705910677,4,12879,177
6245,1705870013,1705910693,1705923497,4,12804,180
6246,1705870014,1705923517,1705935927,4,12410,179
6247,1705870014,1705956486,1705968907,4,12421,192
6248,1705870014,1705978164,1705990584,4,12420,187
6249,1705870014,1706063507,1706076023,4,12516,184
6250,1705870018,1705870025,1705875045,1,5020,36
6251,1705870018,1705870025,1705875045,1,5020,24
6252,1705870127,1705870131,1705870262,4,131,17
6253,1705870272,1705870272,1705870503,4,231,100
6254,1705870305,1705870305,1705871051,1,746,26
6255,1705870312,1705870312,1705870443,2,131,24
6256,1705870323,1705870330,1705871285,1,955,43
6257,1705870336,1705870338,1705871468,1,1130,21
6258,1705870391,1705870391,1705870911,1,520,21
6259,1705870586,1705870587,1705875787,1,5200,28
6260,1705870636,1705870653,1705875787,1,5134,41
6261,1705870653,1705870654,1705871879,1,1225,27
6262,1705870755,1705870755,1705871135,4,380,103
6263,1705871079,1705871080,1705871177,2,97,20
6264,1705871281,1705871290,1705880294,1,9004,23
6265,1705871293,1705871302,1705880307,1,9005,43
6266,1705871375,1705871376,1705871751,4,375,103
6267,1705871580,1705871580,1705871751,2,171,33
6268,1705871790,1705871801,1705872729,4,928,105
6269,1705871872,1705871889,1705880885,1,8996,27
6270,1705871925,1705871926,1705873051,1,1125,24
6271,1705871980,1705871981,1705875957,1,3976,39
6272,1705871998,1705871998,1705880028,1,8030,20
6273,1705871999,1705872002,1705880036,1,8034,22
6274,1705871999,1705872002,1705880029,1,8027,20
6275,1705871999,1705872002,1705880020,1,8018,22
6276,1705871999,1705872002,1705880021,1,8019,22
6277,1705872000,1705872002,1705880019,1,8017,24
6278,1705872000,1705872002,1705880042,1,8040,23
6279,1705872000,1705872002,1705880026,1,8024,20
6280,1705872000,1705872002,1705880044,1,8042,19
6281,1705872001,1705872002,1705880027,1,8025,20
6282,1705872001,1705872002,1705880037,1,8035,23
6283,1705872001,1705872002,1705880049,1,8047,23
6284,1705872002,1705872002,1705880048,1,8046,44
6285,1705872002,1705872002,1705880036,1,8034,19
6286,1705872002,1705872002,1705880027,1,8025,19
6287,1705872003,1705872006,1705880028,1,8022,19
6288,1705872003,1705872006,1705880034,1,8028,19
6289,1705872003,1705872006,1705880043,1,8037,19
6290,1705872003,1705872006,1705880037,1,8031,20
6291,1705872004,1705872006,1705880012,1,8006,20
6292,1705872004,1705872006,1705880046,1,8040,20
6293,1705872004,1705872006,1705880033,1,8027,20
6294,1705872005,1705872006,1705880023,1,8017,20
6295,1705872005,1705872006,1705880009,1,8003,20
6296,1705872009,1705872010,1705880039,1,8029,22
6297,1705872009,1705872010,1705880025,1,8015,21
6298,1705872009,1705872010,1705880062,1,8052,21
6299,1705872009,1705872010,1705880041,1,8031,22
6300,1705872010,1705872010,1705880036,1,8026,22
6301,1705872010,1705872010,1705880034,1,8024,22
6302,1705872010,1705872010,1705880048,1,8038,21
6303,1705872011,1705872014,1705880015,1,8001,21
6304,1705872011,1705872014,1705880049,1,8035,21
6305,1705872011,1705872014,1705880059,1,8045,24
6306,1705872011,1705872014,1705880046,1,8032,22
6307,1705872012,1705872014,1705880051,1,8037,20
6308,1705872012,1705872014,1705880047,1,8033,22
6309,1705872012,1705872014,1705880060,1,8046,20
6310,1705872013,1705872014,1705880038,1,8024,21
6311,1705872013,1705872014,1705880021,1,8007,107
6312,1705872013,1705872014,1705880043,1,8029,22
6313,1705872013,1705872014,1705880031,1,8017,21
6314,1705872014,1705872014,1705880029,1,8015,22
6315,1705872014,1705872014,1705880030,1,8016,21
6316,1705872014,1705872014,1705880054,1,8040,22
6317,1705872015,1705872018,1705880069,1,8051,21
6318,1705872015,1705872018,1705880075,1,8057,22
6319,1705872015,1705872018,1705880052,1,8034,21
6320,1705872016,1705879757,1705883391,16,3634,31
6321,1705872017,1705898239,1705901872,16,3633,32
6322,1705872017,1705906783,1705910422,16,3639,32
6323,1705872017,1705910632,1705914263,16,3631,65
6324,1705872017,1705914361,1705917985,16,3624,65
6325,1705872018,1705918100,1705921738,16,3638,65
6326,1705872018,1705921878,1705925521,16,3643,112
6327,1705872018,1705954779,1705958415,16,3636,45
6328,1705872019,1705958440,1705962074,16,3634,51
6329,1705872019,1705872109,1705875740,4,3631,27
6330,1705872019,1705875772,1705879400,4,3628,43
6331,1705872020,1705879515,1705883151,4,3636,43
6332,1705872020,1705889025,1705892661,4,3636,29
6333,1705872020,1705898239,1705901872,4,3633,31
6334,1705872020,1705901970,1705905592,4,3622,27
6335,1705872021,1705906783,1705910422,4,3639,35
6336,1705872021,1705910512,1705914143,4,3631,28
6337,1705872021,1705914241,1705917865,4,3624,29
6338,1705872021,1705917980,1705921617,4,3637,29
6339,1705872022,1705872349,1705875981,8,3632,46
6340,1705872022,1705876019,1705879641,8,3622,28
6341,1705872023,1705880124,1705883750,8,3626,113
6342,1705872023,1705898360,1705901992,8,3632,270
6343,1705872023,1705902090,1705905711,8,3621,30
6344,1705872023,1705905942,1705909582,8,3640,29
6345,1705872024,1705909791,1705913423,8,3632,29
6346,1705872024,1705913515,1705917145,8,3630,34
6347,1705872024,1705917496,1705921137,8,3641,40
6348,1705872025,1705921151,1705924771,8,3620,40
6349,1705872042,1705872062,1705875953,1,3891,39
6350,1705872093,1705872095,1705873548,1,1453,23
6351,1705872209,1705872210,1705883037,1,10827,30
6352,1705872260,1705872262,1705875888,1,3626,39
6353,1705872336,1705953604,1705959954,1,6350,78
6354,1705872337,1705953604,1705968424,1,14820,76
6355,1705872359,1705872359,1705882404,1,10045,22
6356,1705872362,1705872363,1705872999,1,636,31
6357,1705872396,1705872396,1705876444,2,4048,72
6358,1705872412,1705872412,1705873662,1,1250,37
6359,1705872694,1705872708,1705873011,1,303,91
6360,1705872740,1705872741,1705873032,4,291,118
6361,1705873042,1705873043,1705874306,4,1263,104
6362,1705873179,1705873180,1705917196,1,44016,34
6363,1705873310,1705873312,1705920255,1,46943,33
6364,1705873323,1705873324,1705919013,1,45689,35
6365,1705873367,1705873367,1705873395,1,28,120
6366,1705873374,1705873377,1705875623,1,2246,24
6367,1705873395,1705873411,1705873571,1,160,134
6368,1705873413,1705873415,1705876435,1,3020,21
6369,1705873439,1705873444,1705873724,1,280,202
6370,1705873443,1705873444,1705876168,1,2724,21
6371,1705873466,1705873467,1705874259,4,792,49
6372,1705873474,1705873474,1705880718,1,7244,58
6373,1705873776,1705873792,1705873962,1,170,235
6374,1705874024,1705874033,1705874061,1,28,173
6375,1705874061,1705874080,1705874254,1,174,222
6376,1705874074,1705874080,1705879100,1,5020,36
6377,1705874086,1705874093,1705879116,1,5023,21
6378,1705874130,1705874138,1705874418,1,280,134
6379,1705874268,1705874268,1705875364,1,1096,20
6380,1705874336,1705874336,1705874496,4,160,109
6381,1705874488,1705874488,1705874558,1,70,22
6382,1705874495,1705874516,1705874694,1,178,24
6383,1705874500,1705874516,1705874649,1,133,25
6384,1705874544,1705874550,1705874709,1,159,30
6385,1705874614,1705874619,1705879615,1,4996,22
6386,1705874669,1705874669,1705874914,4,245,98
6387,1705874675,1705874684,1705877297,4,2613,104
6388,1705874945,1705874950,1705875110,1,160,113
6389,1705874996,1705874997,1705875342,4,345,144
6390,1705875045,1705875050,1705880077,1,5027,22
6391,1705875045,1705875057,1705880049,1,4992,25
6392,1705875276,1705875277,1705875881,4,604,48
6393,1705875355,1705875358,1705875680,2,322,154
6394,1705875672,1705875673,1705875988,1,315,19
6395,1705875774,1705875774,1705901870,1,26096,87
6396,1705875836,1705875842,1705905856,1,30014,41
6397,1705875849,1705875849,1705876365,2,516,161
6398,1705875890,1705875899,1705875987,1,88,29
6399,1705875922,1705875925,1705879552,1,3627,74
6400,1705875932,1705875933,1705875987,1,54,19
6401,1705875945,1705875953,1705879580,1,3627,41
6402,1705876023,1705876033,1705876298,1,265,121
6403,1705876041,1705876044,1705891297,1,15253,19
6404,1705876064,1705876066,1705876412,4,346,48
6405,1705876150,1705876150,1705876444,1,294,33
6406,1705876159,1705876159,1705876222,1,63,17
6407,1705876166,1705876167,1705876263,1,96,17
6408,1705876224,1705876228,1705925322,1,49094,84
6409,1705876224,1705876228,1705925326,1,49098,83
6410,1705876225,1705876228,1705925327,1,49099,84
6411,1705876225,1705876228,1705925332,1,49104,81
6412,1705876225,1705876228,1705925334,1,49106,81
6413,1705876226,1705876228,1705925336,1,49108,82
6414,1705876226,1705876228,1705925339,1,49111,94
6415,1705876364,1705876369,1705876571,2,202,119
6416,1705876767,1705876768,1705916392,1,39624,32
6417,1705876817,1705876832,1705916452,1,39620,22
6418,1705876861,1705876861,1705891185,1,14324,57
6419,1705876878,1705876891,1705916512,1,39621,28
6420,1705876910,1705876913,1705892106,1,15193,19
6421,1705876916,1705876936,1705916571,1,39635,30
6422,1705876945,1705876954,1705879332,1,2378,17
6423,1705876946,1705876954,1705877182,2,228,94
6424,1705876961,1705876969,1705892194,1,15225,34
6425,1705876965,1705876969,1705884802,1,7833,44
6426,1705876969,1705876969,1705884824,1,7855,23
6427,1705876974,1705876977,1705884836,1,7859,19
6428,1705876979,1705876980,1705884837,1,7857,20
6429,1705876983,1705876996,1705884842,1,7846,19
6430,1705876988,1705876996,1705884838,1,7842,22
6431,1705876991,1705876996,1705884881,1,7885,22
6432,1705876998,1705877009,1705884853,1,7844,23
6433,1705877010,1705877011,1705884897,1,7886,22
6434,1705877018,1705877026,1705884895,1,7869,20
6435,1705877022,1705877026,1705884905,1,7879,43
6436,1705877026,1705877026,1705884896,1,7870,21
6437,1705877030,1705877036,1705884901,1,7865,36
6438,1705877034,1705877036,1705884869,1,7833,24
6439,1705877038,1705877045,1705884932,1,7887,23
6440,1705877041,1705877045,1705884928,1,7883,23
6441,1705877045,1705877045,1705884895,1,7850,23
6442,1705877050,1705877050,1705884912,1,7862,24
6443,1705877231,1705877231,1705880199,1,2968,56
6444,1705877234,1705877235,1705880199,1,2964,59
6445,1705877274,1705877277,1705880289,2,3012,83
6446,1705877323,1705877326,1705877362,2,36,18
6447,1705877364,1705877368,1705877578,2,210,30
6448,1705877387,1705877388,1705877840,4,452,104
6449,1705877456,1705877569,1705963997,8,86428,52
6450,1705877717,1705877718,1705880592,1,2874,23
6451,1705877796,1705877797,1705878882,1,1085,120
6452,1705877842,1705877843,1705919593,1,41750,55
6453,1705877844,1705877847,1705919585,1,41738,55
6454,1705877845,1705877847,1705877940,4,93,17
6455,1705877880,1705877881,1705880879,1,2998,26
6456,1705878087,1705878087,1705878161,1,74,20
6457,1705878123,1705878123,1705885368,1,7245,39
6458,1705878165,1705878178,1705887173,1,8995,22
6459,1705878184,1705878189,1705887189,1,9000,24
6460,1705878263,1705878264,1705878854,4,590,128
6461,1705878374,1705878375,1705878449,1,74,20
6462,1705878446,1705878446,1705879794,1,1348,24
6463,1705878835,1705878949,1705883378,4,4429,129
6464,1705879055,1705879055,1705879699,1,644,28
6465,1705879100,1705879126,1705884147,1,5021,36
6466,1705879116,1705879126,1705884168,1,5042,21
6467,1705879343,1705879348,1705881730,1,2382,21
6468,1705879615,1705879635,1705884646,1,5011,23
6469,1705879815,1705879817,1705879967,1,150,24
6470,1705879976,1705879987,1705880733,1,746,24
6471,1705880049,1705880067,1705885095,1,5028,22
6472,1705880077,1705880085,1705885116,1,5031,24
6473,1705880211,1705880213,1705891119,1,10906,35
6474,1705880249,1705880249,1705898945,16,18696,132
6475,1705880279,1705880284,1705899026,16,18742,160
6476,1705880294,1705880319,1705889344,1,9025,93
6477,1705880307,1705880319,1705889344,1,9025,23
6478,1705880309,1705881255,1705898691,16,17436,157
6479,1705880310,1705880319,1705880487,8,168,64
6480,1705880340,1705897932,1705898008,16,76,89
6481,1705880383,1705880390,1705918611,1,38221,83
6482,1705880386,1705880390,1705918611,1,38221,68
6483,1705880498,1705880498,1705881139,1,641,36
6484,1705880654,1705880654,1705888509,2,7855,86
6485,1705880739,1705880743,1705943170,1,62427,38
6486,1705880761,1705880761,1705880877,1,116,17
6487,1705880772,1705880773,1705880878,1,105,18
6488,1705880885,1705880893,1705889908,1,9015,34
6489,1705881028,1705881028,1705881142,1,114,64
6490,1705881297,1705898020,1705898092,16,72,90
6491,1705881298,1705898034,1705898107,16,73,86
6492,1705881298,1705898113,1705898186,16,73,23
6493,1705881299,1705898125,1705898195,16,70,87
6494,1705881299,1705898125,1705898199,16,74,96
6495,1705881414,1705881415,1705881530,1,115,57
6496,1705881732,1705881748,1705884192,1,2444,28
6497,1705881780,1705881781,1705943962,2,62181,53
6498,1705881783,1705881785,1705881958,2,173,24
6499,1705881832,1705881834,1705968253,3,86419,168
6500,1705881837,1705887982,1705974403,3,86421,42
6501,1705881859,1705882007,1705884460,2,2453,88
6502,1705881865,1705882067,1705884604,2,2537,88
6503,1705881871,1705882160,1705884664,2,2504,185
6504,1705881877,1705882160,1705884642,2,2482,90
6505,1705881883,1705882160,1705884690,2,2530,88
6506,1705881889,1705882160,1705884632,2,2472,87
6507,1705881895,1705882160,1705884647,2,2487,88
6508,1705881901,1705882160,1705884617,2,2457,95
6509,1705881904,1705888059,1705974494,3,86435,189
6510,1705881906,1705882160,1705884619,2,2459,88
6511,1705881912,1705882160,1705884661,2,2501,87
6512,1705881918,1705882160,1705884667,2,2507,88
6513,1705881924,1705882160,1705884634,2,2474,88
6514,1705881930,1705882160,1705884586,2,2426,88
6515,1705881936,1705882160,1705884596,2,2436,87
6516,1705881942,1705882160,1705884755,2,2595,88
6517,1705881948,1705882160,1705884763,2,2603,88
6518,1705881953,1705882160,1705884689,2,2529,95
6519,1705881959,1705882160,1705884642,2,2482,94
6520,1705881965,1705882718,1705885177,2,2459,88
6521,1705881971,1705882718,1705885168,2,2450,88
6522,1705881973,1705884917,1705971347,2,86430,41
6523,1705881977,1705882718,1705885174,2,2456,90
6524,1705881983,1705882718,1705885153,2,2435,88
6525,1705881989,1705882718,1705885223,2,2505,87
6526,1705881994,1705882718,1705885168,2,2450,90
6527,1705882000,1705882718,1705885188,2,2470,86
6528,1705882006,1705882718,1705885179,2,2461,97
6529,1705882012,1705882718,1705885168,2,2450,90
6530,1705882018,1705882718,1705885184,2,2466,87
6531,1705882024,1705882718,1705885182,2,2464,87
6532,1705882029,1705882718,1705885199,2,2481,90
6533,1705882035,1705882718,1705885222,2,2504,89
6534,1705882041,1705882925,1705885481,2,2556,189
6535,1705882047,1705883140,1705885656,2,2516,87
6536,1705882053,1705883140,1705885640,2,2500,87
6537,1705882059,1705883270,1705885735,2,2465,101
6538,1705882064,1705883270,1705885710,2,2440,89
6539,1705882071,1705883510,1705886068,2,2558,89
6540,1705882077,1705883510,1705886036,2,2526,85
6541,1705882082,1705883510,1705886028,2,2518,85
6542,1705882088,1705883510,1705885982,2,2472,85
6543,1705882090,1705882091,1705968526,1,86435,60
6544,1705882094,1705883510,1705885976,2,2466,85
6545,1705882100,1705883511,1705886005,2,2494,86
6546,1705882106,1705883534,1705885954,2,2420,89
6547,1705882112,1705883632,1705886119,2,2487,86
6548,1705882118,1705883816,1705886302,2,2486,170
6549,1705882123,1705883816,1705886222,2,2406,88
6550,1705882129,1705883816,1705886255,2,2439,88
6551,1705882135,1705883816,1705886302,2,2486,88
6552,1705882141,1705884007,1705886492,2,2485,86
6553,1705882147,1705884110,1705886612,2,2502,86
6554,1705882153,1705884485,1705886924,2,2439,88
6555,1705882159,1705884612,1705887067,2,2455,87
6556,1705882164,1705884626,1705887048,2,2422,88
6557,1705882170,1705884658,1705887068,2,2410,87
6558,1705882176,1705884658,1705887133,2,2475,86
6559,1705882182,1705884658,1705887112,2,2454,95
6560,1705882188,1705884658,1705887081,2,2423,87
6561,1705882194,1705884658,1705887106,2,2448,87
6562,1705882200,1705884658,1705887159,2,2501,90
6563,1705882206,1705884676,1705887172,2,2496,87
6564,1705882207,1705882421,1705925455,1,43034,80
6565,1705882207,1705882718,1705925461,1,42743,80
6566,1705882208,1705882718,1705925462,1,42744,81
6567,1705882208,1705882718,1705925464,1,42746,80
6568,1705882208,1705882718,1705925466,1,42748,79
6569,1705882209,1705882718,1705925468,1,42750,79
6570,1705882209,1705882718,1705925472,1,42754,81
6571,1705882211,1705884677,1705887128,2,2451,87
6572,1705882217,1705884680,1705887274,2,2594,185
6573,1705882223,1705884683,1705887135,2,2452,88
6574,1705882229,1705884706,1705887214,2,2508,95
6575,1705882235,1705884707,1705887216,2,2509,88
6576,1705882242,1705884864,1705887401,2,2537,88
6577,1705882248,1705884864,1705887360,2,2496,86
6578,1705882249,1705882364,1705968797,1,86433,419
6579,1705882254,1705884850,1705887339,2,2489,191
6580,1705882260,1705884850,1705887401,2,2551,398
6581,1705882266,1705884880,1705887385,2,2505,91
6582,1705882272,1705884917,1705887451,2,2534,90
6583,1705882278,1705884917,1705887436,2,2519,102
6584,1705882283,1705884921,1705887393,2,2472,109
6585,1705882289,1705884945,1705887423,2,2478,91
6586,1705882295,1705885193,1705887664,2,2471,88
6587,1705882301,1705885193,1705887684,2,2491,88
6588,1705882307,1705885193,1705887668,2,2475,90
6589,1705882313,1705885193,1705887642,2,2449,88
6590,1705882319,1705885193,1705887677,2,2484,90
6591,1705882324,1705885193,1705887671,2,2478,90
6592,1705882330,1705885195,1705887665,2,2470,97
6593,1705882336,1705885198,1705887657,2,2459,87
6594,1705882342,1705885205,1705887713,2,2508,86
6595,1705882348,1705885205,1705887734,2,2529,87
6596,1705882354,1705885216,1705887741,2,2525,90
6597,1705882360,1705885239,1705887748,2,2509,88
6598,1705882365,1705885239,1705887769,2,2530,90
6599,1705882371,1705885325,1705887816,2,2491,190
6600,1705882377,1705885325,1705887829,2,2504,87
6601,1705882383,1705885498,1705888042,2,2544,189
6602,1705882389,1705885533,1705888089,2,2556,190
6603,1705882395,1705885666,1705888169,2,2503,87
6604,1705882400,1705885673,1705888217,2,2544,87
6605,1705882406,1705885726,1705888222,2,2496,89
6606,1705882412,1705885759,1705888279,2,2520,101
6607,1705882418,1705885858,1705888407,2,2549,88
6608,1705882424,1705885929,1705888460,2,2531,87
6609,1705882430,1705885987,1705888460,2,2473,88
6610,1705882435,1705885993,1705888453,2,2460,85
6611,1705882938,1705883045,1705883105,1,60,20
6612,1705882944,1705883047,1705883105,1,58,37
6613,1705883033,1705883048,1705883105,1,57,37
6614,1705883039,1705883049,1705883105,1,56,38
6615,1705883046,1705883168,1705904811,8,21643,41
6616,1705883283,1705883411,1705883612,1,201,25
6617,1705883287,1705883411,1705883614,1,203,25
6618,1705883309,1705883414,1705883583,1,169,25
6619,1705883314,1705883499,1705883596,1,97,31
6620,1705883450,1705883511,1705919114,4,35603,129
6621,1705883453,1705883500,1705883989,1,489,31
6622,1705883457,1705883510,1705884027,1,517,31
6623,1705883497,1705883510,1705885309,1,1799,27
6624,1705883503,1705883510,1705885293,1,1783,27
6625,1705883542,1705883603,1705884089,1,486,25
6626,1705883547,1705883621,1705884129,1,508,25
6627,1705884147,1705884155,1705889173,1,5018,21
6628,1705884168,1705884174,1705889197,1,5023,37
6629,1705884194,1705884210,1705886976,1,2766,36
6630,1705884492,1705886004,1705888432,2,2428,85
6631,1705884588,1705884594,1705885913,1,1319,32
6632,1705884594,1705884602,1705885899,1,1297,33
6633,1705884619,1705886012,1705888549,2,2537,88
6634,1705884625,1705886025,1705888607,2,2582,86
6635,1705884631,1705886044,1705888604,2,2560,88
6636,1705884646,1705884658,1705889656,1,4998,30
6637,1705884697,1705886045,1705888526,2,2481,86
6638,1705884703,1705886053,1705888564,2,2511,85
6639,1705884708,1705886083,1705888577,2,2494,88
6640,1705884712,1705884714,1705885970,1,1256,34
6641,1705884714,1705886085,1705888544,2,2459,90
6642,1705884717,1705884778,1705886027,1,1249,33
6643,1705884720,1705886137,1705888616,2,2479,112
6644,1705884726,1705886140,1705888634,2,2494,86
6645,1705884732,1705886209,1705888696,2,2487,87
6646,1705884738,1705886243,1705888721,2,2478,88
6647,1705884744,1705886272,1705888692,2,2420,88
6648,1705884749,1705886312,1705888742,2,2430,101
6649,1705884750,1705884778,1705886013,1,1235,33
6650,1705884755,1705886321,1705888791,2,2470,170
6651,1705884758,1705884780,1705886078,1,1298,33
6652,1705884761,1705886321,1705888775,2,2454,88
6653,1705884805,1705884811,1705886062,1,1251,88
6654,1705884818,1705884818,1705886121,1,1303,56
6655,1705884827,1705886383,1705888924,2,2541,86
6656,1705884833,1705886440,1705888895,2,2455,101
6657,1705885095,1705885100,1705890115,1,5015,25
6658,1705885116,1705885121,1705890140,1,5019,22
6659,1705885201,1705886516,1705888951,2,2435,86
6660,1705885207,1705886571,1705889054,2,2483,88
6661,1705885213,1705886630,1705889103,2,2473,88
6662,1705885219,1705886633,1705889151,2,2518,86
6663,1705885224,1705886684,1705889171,2,2487,86
6664,1705885230,1705886786,1705889231,2,2445,123
6665,1705885236,1705887145,1705889572,2,2427,87
6666,1705885242,1705887155,1705889732,2,2577,88
6667,1705885248,1705887188,1705889665,2,2477,87
6668,1705885254,1705887198,1705889636,2,2438,85
6669,1705885260,1705887232,1705889720,2,2488,88
6670,1705885266,1705887377,1705889831,2,2454,86
6671,1705885271,1705887408,1705889873,2,2465,91
6672,1705885519,1705887410,1705889877,2,2467,109
6673,1705885705,1705887428,1705889928,2,2500,314
6674,1705885712,1705887428,1705889908,2,2480,89
6675,1705885778,1705887431,1705889886,2,2455,88
6676,1705885784,1705887446,1705889946,2,2500,91
6677,1705885842,1705906670,1705918937,64,12267,71
6678,1705886031,1705887457,1705889982,2,2525,102
6679,1705886037,1705887469,1705889994,2,2525,90
6680,1705886043,1705887494,1705890070,2,2576,104
6681,1705886048,1705887494,1705890020,2,2526,93
6682,1705886054,1705887494,1705889996,2,2502,90
6683,1705886060,1705887494,1705890026,2,2532,91
6684,1705886126,1705887494,1705889969,2,2475,91
6685,1705886193,1705887494,1705889944,2,2450,90
6686,1705886259,1705887494,1705889989,2,2495,91
6687,1705886325,1705887494,1705890024,2,2530,89
6688,1705886331,1705887494,1705889983,2,2489,88
6689,1705886337,1705887494,1705889938,2,2444,87
6690,1705886524,1705887494,1705889960,2,2466,87
6691,1705886536,1705886537,1705886678,1,141,66
6692,1705886650,1705887494,1705889899,2,2405,87
6693,1705886764,1705886765,1705973204,1,86439,179
6694,1705886805,1705886805,1705973234,1,86429,83
6695,1705886817,1705886835,1705973264,1,86429,74
6696,1705886829,1705886930,1705973354,1,86424,96
6697,1705886850,1705886941,1705973383,1,86442,87
6698,1705886863,1705886941,1705973383,1,86442,86
6699,1705886875,1705887012,1705973444,1,86432,66
6700,1705886892,1705887065,1705973504,1,86439,87
6701,1705886907,1705887065,1705973504,1,86439,88
6702,1705886938,1705887087,1705973534,1,86447,74
6703,1705886956,1705887087,1705973534,1,86447,74
6704,1705886958,1705887494,1705889966,2,2472,87
6705,1705886967,1705887087,1705973534,1,86447,86
6706,1705886979,1705887087,1705973534,1,86447,87
6707,1705886989,1705887087,1705973534,1,86447,87
6708,1705887003,1705887087,1705973534,1,86447,86
6709,1705887015,1705887088,1705973534,1,86446,76
6710,1705887027,1705887097,1705973534,1,86437,87
6711,1705887038,1705887097,1705973534,1,86437,87
6712,1705887064,1705887122,1705973564,1,86442,68
6713,1705887075,1705887122,1705973564,1,86442,68
6714,1705887084,1705887494,1705889922,2,2428,88
6715,1705887089,1705887125,1705973564,1,86439,66
6716,1705887090,1705887494,1705889964,2,2470,87
6717,1705887096,1705887494,1705889980,2,2486,87
6718,1705887109,1705887142,1705973564,1,86422,67
6719,1705887118,1705887428,1705888090,1,662,90
6720,1705887123,1705887142,1705973564,1,86422,68
6721,1705887137,1705887142,1705973564,1,86422,72
6722,1705887149,1705887155,1705973594,1,86439,86
6723,1705887162,1705887647,1705890158,2,2511,89
6724,1705887168,1705887682,1705890092,2,2410,97
6725,1705887173,1705887178,1705896182,1,9004,25
6726,1705887174,1705887682,1705890152,2,2470,88
6727,1705887180,1705887676,1705890186,2,2510,89
6728,1705887186,1705887187,1705973624,1,86437,90
6729,1705887186,1705887693,1705890232,2,2539,90
6730,1705887189,1705887195,1705896182,1,8987,86
6731,1705887192,1705887693,1705890166,2,2473,91
6732,1705887198,1705887676,1705890190,2,2514,88
6733,1705887201,1705887208,1705973654,1,86446,67
6734,1705887203,1705887203,1705894429,1,7226,40
6735,1705887204,1705887693,1705890136,2,2443,90
6736,1705887212,1705887230,1705973654,1,86424,88
6737,1705887226,1705887230,1705973654,1,86424,109
6738,1705887242,1705887290,1705973714,1,86424,184
6739,1705887252,1705887290,1705973714,1,86424,185
6740,1705887265,1705887356,1705973774,1,86418,66
6741,1705887270,1705887701,1705890164,2,2463,88
6742,1705887276,1705887729,1705890176,2,2447,86
6743,1705887277,1705887356,1705973774,1,86418,82
6744,1705887342,1705887754,1705890180,2,2426,88
6745,1705887408,1705887754,1705890269,2,2515,86
6746,1705887414,1705887754,1705890182,2,2428,86
6747,1705887420,1705887759,1705890216,2,2457,90
6748,1705887425,1705887765,1705890262,2,2497,88
6749,1705887431,1705887776,1705890231,2,2455,88
6750,1705887437,1705887785,1705890244,2,2459,89
6751,1705887503,1705887834,1705890396,2,2562,190
6752,1705887509,1705887846,1705890321,2,2475,88
6753,1705887515,1705887949,1705890473,2,2524,88
6754,1705887702,1705887949,1705890412,2,2463,88
6755,1705887708,1705887949,1705890427,2,2478,87
6756,1705887714,1705887949,1705890492,2,2543,327
6757,1705887719,1705887949,1705890565,2,2616,87
6758,1705887725,1705887949,1705890410,2,2461,87
6759,1705887731,1705887949,1705890398,2,2449,86
6760,1705887737,1705887949,1705890447,2,2498,87
6761,1705887743,1705887949,1705890392,2,2443,88
6762,1705887749,1705887949,1705892482,2,4533,40
6763,1705887815,1705887949,1705890493,2,2544,91
6764,1705887821,1705887949,1705890422,2,2473,91
6765,1705887827,1705887949,1705890401,2,2452,91
6766,1705887832,1705887949,1705890467,2,2518,91
6767,1705887838,1705887949,1705890541,2,2592,87
6768,1705887904,1705887949,1705890434,2,2485,122
6769,1705888091,1705888106,1705890583,2,2477,190
6770,1705888157,1705888158,1705890639,2,2481,88
6771,1705888224,1705888234,1705890736,2,2502,87
6772,1705888290,1705888290,1705890763,2,2473,89
6773,1705888296,1705888296,1705890799,2,2503,102
6774,1705888302,1705888303,1705890759,2,2456,87
6775,1705888489,1705888489,1705890990,2,2501,87
6776,1705888494,1705888495,1705890999,2,2504,85
6777,1705888500,1705888501,1705890977,2,2476,85
6778,1705888506,1705888507,1705890959,2,2452,88
6779,1705888512,1705888519,1705891018,2,2499,89
6780,1705888578,1705888588,1705891058,2,2470,102
6781,1705888584,1705888588,1705891099,2,2511,89
6782,1705888590,1705888591,1705891061,2,2470,85
6783,1705888596,1705888597,1705891115,2,2518,87
6784,1705888601,1705888612,1705891112,2,2500,88
6785,1705888668,1705888674,1705891154,2,2480,110
6786,1705888673,1705888674,1705891150,2,2476,85
6787,1705888679,1705888680,1705891128,2,2448,88
6788,1705888685,1705888686,1705891110,2,2424,88
6789,1705888751,1705888752,1705891363,2,2611,88
6790,1705888757,1705888758,1705891222,2,2464,88
6791,1705888763,1705888764,1705891217,2,2453,88
6792,1705888769,1705888769,1705891224,2,2455,87
6793,1705888835,1705888835,1705891343,2,2508,170
6794,1705888842,1705888842,1705891406,2,2564,88
6795,1705888969,1705888969,1705891477,2,2508,87
6796,1705888974,1705888975,1705891430,2,2455,101
6797,1705888980,1705888981,1705891504,2,2523,86
6798,1705889107,1705889114,1705891605,2,2491,88
6799,1705889173,1705889180,1705891624,2,2444,101
6800,1705889173,1705889180,1705894186,1,5006,23
6801,1705889179,1705889180,1705891663,2,2483,86
6802,1705889197,1705889210,1705894216,1,5006,86
6803,1705889245,1705889246,1705891775,2,2529,86
6804,1705889311,1705889312,1705891843,2,2531,101
6805,1705889344,1705889357,1705898364,1,9007,59
6806,1705889344,1705889357,1705898345,1,8988,23
6807,1705889619,1705889619,1705892102,2,2483,87
6808,1705889656,1705889656,1705894662,1,5006,43
6809,1705889685,1705889685,1705892261,2,2576,87
6810,1705889691,1705889696,1705892244,2,2548,86
6811,1705889757,1705889759,1705892272,2,2513,88
6812,1705889763,1705889764,1705892278,2,2514,87
6813,1705889889,1705889893,1705892478,2,2585,86
6814,1705889908,1705889913,1705898913,1,9000,32
6815,1705889956,1705889956,1705892609,2,2653,314
6816,1705889961,1705889974,1705892470,2,2496,90
6817,1705889967,1705889974,1705892470,2,2496,90
6818,1705889973,1705889974,1705892497,2,2523,89
6819,1705889979,1705889980,1705892472,2,2492,90
6820,1705889985,1705889988,1705892455,2,2467,88
6821,1705889990,1705890003,1705892518,2,2515,109
6822,1705889996,1705890003,1705892530,2,2527,88
6823,1705890002,1705890003,1705892504,2,2501,90
6824,1705890009,1705890011,1705892486,2,2475,90
6825,1705890014,1705890015,1705892542,2,2527,90
6826,1705890020,1705890033,1705892520,2,2487,90
6827,1705890026,1705890033,1705892536,2,2503,103
6828,1705890032,1705890033,1705892612,2,2579,101
6829,1705890038,1705890038,1705892535,2,2497,92
6830,1705890044,1705890044,1705892574,2,2530,89
6831,1705890049,1705890050,1705892549,2,2499,93
6832,1705890055,1705890064,1705892530,2,2466,91
6833,1705890061,1705890064,1705892582,2,2518,88
6834,1705890067,1705890067,1705892581,2,2514,89
6835,1705890073,1705890075,1705892593,2,2518,92
6836,1705890079,1705890079,1705892630,2,2551,88
6837,1705890085,1705890086,1705892601,2,2515,104
6838,1705890115,1705890123,1705895141,1,5018,22
6839,1705890140,1705890157,1705895181,1,5024,23
6840,1705890151,1705890157,1705892648,2,2491,97
6841,1705890156,1705890157,1705892656,2,2499,90
6842,1705890162,1705890163,1705892680,2,2517,89
6843,1705890228,1705890229,1705892737,2,2508,86
6844,1705890235,1705890238,1705892708,2,2470,88
6845,1705890240,1705890242,1705892785,2,2543,88
6846,1705890246,1705890249,1705892793,2,2544,86
6847,1705890252,1705890254,1705892746,2,2492,90
6848,1705890258,1705890258,1705892846,2,2588,88
6849,1705890264,1705890274,1705892755,2,2481,90
6850,1705890270,1705890274,1705892755,2,2481,88
6851,1705890275,1705890278,1705892773,2,2495,88
6852,1705890281,1705890282,1705892779,2,2497,87
6853,1705890287,1705890287,1705892739,2,2452,86
6854,1705890293,1705890294,1705892738,2,2444,88
6855,1705890299,1705890302,1705892804,2,2502,90
6856,1705890305,1705890306,1705892797,2,2491,90
6857,1705890310,1705890311,1705892832,2,2521,89
6858,1705890377,1705890377,1705892930,2,2553,87
6859,1705890443,1705890443,1705893020,2,2577,88
6860,1705890449,1705890453,1705892929,2,2476,87
6861,1705890455,1705890457,1705892924,2,2467,87
6862,1705890460,1705890461,1705892925,2,2464,86
6863,1705890466,1705890478,1705892966,2,2488,87
6864,1705890472,1705890478,1705892957,2,2479,88
6865,1705890478,1705890478,1705892941,2,2463,91
6866,1705890484,1705890499,1705893003,2,2504,88
6867,1705890490,1705890499,1705892948,2,2449,91
6868,1705890495,1705890499,1705892947,2,2448,91
6869,1705890501,1705890504,1705892986,2,2482,122
6870,1705890507,1705890508,1705892992,2,2484,190
6871,1705890574,1705890574,1705893104,2,2530,327
6872,1705890579,1705890580,1705893056,2,2476,91
6873,1705890585,1705890588,1705893106,2,2518,87
6874,1705890591,1705890594,1705893066,2,2472,87
6875,1705890657,1705890657,1705893107,2,2450,189
6876,1705890663,1705890663,1705893280,2,2617,88
6877,1705890790,1705890791,1705893258,2,2467,89
6878,1705890795,1705890796,1705893338,2,2542,87
6879,1705890801,1705890808,1705893278,2,2470,87
6880,1705890867,1705890868,1705893415,2,2547,101
6881,1705890994,1705890997,1705893482,2,2485,85
6882,1705891000,1705891006,1705893566,2,2560,87
6883,1705891066,1705891066,1705893571,2,2505,88
6884,1705891072,1705891074,1705893547,2,2473,85
6885,1705891078,1705891078,1705893584,2,2506,102
6886,1705891084,1705891084,1705893614,2,2530,85
6887,1705891089,1705891093,1705893638,2,2545,86
6888,1705891156,1705891162,1705893681,2,2519,87
6889,1705891161,1705891162,1705893669,2,2507,89
6890,1705891167,1705891168,1705893639,2,2471,85
6891,1705891173,1705891179,1705893665,2,2486,111
6892,1705891179,1705891194,1705893712,2,2518,87
6893,1705891185,1705891194,1705893661,2,2467,88
6894,1705891191,1705891194,1705893659,2,2465,89
6895,1705891257,1705891257,1705893764,2,2507,88
6896,1705891263,1705891266,1705893747,2,2481,88
6897,1705891269,1705891269,1705893740,2,2471,88
6898,1705891395,1705891397,1705893852,2,2455,88
6899,1705891401,1705891401,1705893861,2,2460,170
6900,1705891467,1705891468,1705893997,2,2529,101
6901,1705891473,1705891476,1705893979,2,2503,88
6902,1705891539,1705891540,1705894020,2,2480,86
6903,1705891545,1705891546,1705894041,2,2495,91
6904,1705891672,1705891674,1705894174,2,2500,88
6905,1705891677,1705891678,1705894184,2,2506,101
6906,1705891744,1705891744,1705894247,2,2503,86
6907,1705891810,1705891811,1705894307,2,2496,86
6908,1705891877,1705891878,1705894324,2,2446,101
6909,1705892184,1705892184,1705894799,2,2615,88
6910,1705892311,1705892315,1705894778,2,2463,100
6911,1705892316,1705892319,1705894825,2,2506,87
6912,1705892322,1705892323,1705894840,2,2517,87
6913,1705892328,1705892328,1705894780,2,2452,88
6914,1705892515,1705892527,1705895101,2,2574,88
6915,1705892521,1705892527,1705895044,2,2517,87
6916,1705892527,1705892527,1705895056,2,2529,86
6917,1705892532,1705892547,1705895099,2,2552,88
6918,1705892538,1705892547,1705895085,2,2538,90
6919,1705892544,1705892547,1705894997,2,2450,90
6920,1705892550,1705892556,1705895164,2,2608,92
6921,1705892556,1705892556,1705895087,2,2531,103
6922,1705892562,1705892562,1705895064,2,2502,90
6923,1705892567,1705892567,1705897103,2,4536,40
6924,1705892573,1705892579,1705895055,2,2476,92
6925,1705892579,1705892579,1705895011,2,2432,90
6926,1705892585,1705892587,1705895028,2,2441,90
6927,1705892591,1705892591,1705895060,2,2469,89
6928,1705892597,1705892599,1705895106,2,2507,88
6929,1705892602,1705892607,1705895097,2,2490,89
6930,1705892608,1705892617,1705895130,2,2513,92
6931,1705892614,1705892617,1705895080,2,2463,104
6932,1705892620,1705892623,1705895156,2,2533,86
6933,1705892626,1705892627,1705895122,2,2495,314
6934,1705892632,1705892638,1705895116,2,2478,101
6935,1705892637,1705892638,1705895176,2,2538,101
6936,1705892643,1705892646,1705895134,2,2488,88
6937,1705892649,1705892664,1705895118,2,2454,98
6938,1705892655,1705892673,1705895128,2,2455,90
6939,1705892721,1705892722,1705895199,2,2477,89
6940,1705892727,1705892728,1705895185,2,2457,88
6941,1705892733,1705892753,1705895236,2,2483,86
6942,1705892739,1705892753,1705895328,2,2575,86
6943,1705892805,1705892810,1705895279,2,2469,86
6944,1705892811,1705892814,1705895309,2,2495,88
6945,1705892817,1705892818,1705895360,2,2542,88
6946,1705892822,1705892823,1705895280,2,2457,88
6947,1705892828,1705892831,1705895345,2,2514,90
6948,1705892834,1705892839,1705895353,2,2514,90
6949,1705892840,1705892843,1705895382,2,2539,88
6950,1705892846,1705892851,1705895302,2,2451,87
6951,1705892852,1705892855,1705895330,2,2475,88
6952,1705892858,1705892859,1705895371,2,2512,90
6953,1705892864,1705892867,1705895351,2,2484,88
6954,1705892870,1705892870,1705895360,2,2490,90
6955,1705892877,1705892878,1705895389,2,2511,89
6956,1705892883,1705892883,1705895393,2,2510,86
6957,1705892949,1705892955,1705895463,2,2508,87
6958,1705892955,1705892955,1705895427,2,2472,87
6959,1705892961,1705892963,1705895412,2,2449,91
6960,1705892967,1705892972,1705895481,2,2509,91
6961,1705892972,1705892972,1705895486,2,2514,91
6962,1705892978,1705892981,1705895442,2,2461,88
6963,1705892984,1705892985,1705895472,2,2487,87
6964,1705892990,1705892997,1705895468,2,2471,86
6965,1705892996,1705892997,1705895512,2,2515,88
6966,1705893062,1705893063,1705895584,2,2521,123
6967,1705893068,1705893072,1705895581,2,2509,91
6968,1705893074,1705893075,1705895543,2,2468,89
6969,1705893079,1705893080,1705895574,2,2494,88
6970,1705893085,1705893092,1705895629,2,2537,87
6971,1705893091,1705893092,1705895619,2,2527,190
6972,1705893157,1705893158,1705895633,2,2475,87
6973,1705893163,1705893164,1705895709,2,2545,327
6974,1705893169,1705893170,1705895654,2,2484,189
6975,1705893295,1705893296,1705895802,2,2506,89
6976,1705893301,1705893302,1705895766,2,2464,87
6977,1705893307,1705893307,1705895780,2,2473,87
6978,1705893373,1705893374,1705895937,2,2563,87
6979,1705893439,1705893439,1705895940,2,2501,101
6980,1705893506,1705893506,1705895995,2,2489,85
6981,1705893572,1705893583,1705896071,2,2488,87
6982,1705893638,1705893644,1705896140,2,2496,90
6983,1705893644,1705893644,1705896117,2,2473,102
6984,1705893650,1705893650,1705896113,2,2463,85
6985,1705893656,1705893656,1705896115,2,2459,86
6986,1705893662,1705893675,1705896141,2,2466,85
6987,1705893667,1705893675,1705896140,2,2465,86
6988,1705893734,1705893734,1705896207,2,2473,87
6989,1705893739,1705893740,1705896226,2,2486,111
6990,1705893745,1705893746,1705896198,2,2452,89
6991,1705893751,1705893752,1705896223,2,2471,87
6992,1705893757,1705893760,1705896220,2,2460,88
6993,1705893763,1705893763,1705896300,2,2537,88
6994,1705893769,1705893770,1705896247,2,2477,88
6995,1705893774,1705893775,1705896301,2,2526,88
6996,1705893841,1705893846,1705896369,2,2523,88
6997,1705893907,1705893907,1705896371,2,2464,88
6998,1705893913,1705893913,1705896407,2,2494,170
6999,1705894039,1705894039,1705896531,2,2492,86
7000,1705894045,1705894052,1705896529,2,2477,102
7001,1705894051,1705894052,1705896568,2,2516,88
7002,1705894117,1705894118,1705896651,2,2533,91
7003,1705894186,1705894191,1705899199,1,5008,88
7004,1705894216,1705894216,1705899239,1,5023,23
7005,1705894244,1705894244,1705896710,2,2466,101
7006,1705894249,1705894256,1705896731,2,2475,86
7007,1705894316,1705894316,1705896871,2,2555,86
7008,1705894382,1705894382,1705896965,2,2583,101
7009,1705894388,1705894794,1705897228,2,2434,100
7010,1705894662,1705894670,1705899694,1,5024,22
7011,1705894816,1705894818,1705897391,2,2573,88
7012,1705894821,1705894822,1705897302,2,2480,87
7013,1705894827,1705894848,1705897287,2,2439,87
7014,1705894893,1705894894,1705897354,2,2460,87
7015,1705894899,1705895026,1705897475,2,2449,90
7016,1705895026,1705895073,1705897507,2,2434,86
7017,1705895092,1705895092,1705897595,2,2503,90
7018,1705895098,1705895111,1705897603,2,2492,103
7019,1705895104,1705895111,1705897567,2,2456,89
7020,1705895110,1705895111,1705897566,2,2455,87
7021,1705895116,1705895128,1705897625,2,2497,88
7022,1705895122,1705895128,1705897581,2,2453,87
7023,1705895127,1705895128,1705897603,2,2475,88
7024,1705895133,1705895140,1705897700,2,2560,314
7025,1705895139,1705895140,1705897600,2,2460,98
7026,1705895141,1705895147,1705900171,1,5024,43
7027,1705895145,1705895147,1705897603,2,2456,90
7028,1705895151,1705895151,1705897675,2,2524,101
7029,1705895157,1705895163,1705897642,2,2479,89
7030,1705895162,1705895163,1705897621,2,2458,91
7031,1705895168,1705895171,1705897678,2,2507,88
7032,1705895174,1705895175,1705897621,2,2446,104
7033,1705895180,1705895181,1705897681,2,2500,92
7034,1705895181,1705895192,1705900207,1,5015,22
7035,1705895186,1705895192,1705897640,2,2448,91
7036,1705895192,1705895192,1705897662,2,2470,90
7037,1705895198,1705895198,1705897686,2,2488,90
7038,1705895203,1705895206,1705897710,2,2504,88
7039,1705895209,1705895210,1705897719,2,2509,90
7040,1705895215,1705895216,1705897686,2,2470,89
7041,1705895221,1705895223,1705897681,2,2458,86
7042,1705895227,1705895231,1705897735,2,2504,101
7043,1705895233,1705895252,1705897782,2,2530,86
7044,1705895299,1705895299,1705897775,2,2476,88
7045,1705895305,1705895316,1705897770,2,2454,86
7046,1705895310,1705895319,1705897807,2,2488,86
7047,1705895376,1705895377,1705897893,2,2516,86
7048,1705895382,1705895387,1705897910,2,2523,88
7049,1705895388,1705895398,1705897846,2,2448,88
7050,1705895394,1705895398,1705897912,2,2514,90
7051,1705895400,1705895402,1705897910,2,2508,88
7052,1705895406,1705895406,1705897926,2,2520,90
7053,1705895412,1705895412,1705897925,2,2513,88
7054,1705895417,1705895420,1705897890,2,2470,88
7055,1705895423,1705895424,1705897916,2,2492,90
7056,1705895429,1705895433,1705897970,2,2537,92
7057,1705895435,1705895437,1705897953,2,2516,90
7058,1705895441,1705895442,1705898004,2,2562,89
7059,1705895448,1705895450,1705897984,2,2534,87
7060,1705895454,1705895454,1705898009,2,2555,86
7061,1705895460,1705895462,1705897976,2,2514,89
7062,1705895465,1705895479,1705897948,2,2469,87
7063,1705895532,1705895532,1705898021,2,2489,91
7064,1705895537,1705895537,1705898038,2,2501,91
7065,1705895543,1705895549,1705898083,2,2534,87
7066,1705895549,1705895549,1705898068,2,2519,87
7067,1705895555,1705895557,1705898045,2,2488,87
7068,1705895561,1705895561,1705898022,2,2461,88
7069,1705895567,1705895591,1705898108,2,2517,88
7070,1705895633,1705895639,1705898104,2,2465,96
7071,1705895639,1705895639,1705898120,2,2481,91
7072,1705895644,1705895645,1705898130,2,2485,88
7073,1705895650,1705895651,1705898134,2,2483,88
7074,1705895656,1705895663,1705898225,2,2562,87
7075,1705895662,1705895671,1705898151,2,2480,189
7076,1705895728,1705895735,1705898324,2,2589,327
7077,1705895734,1705895746,1705898306,2,2560,87
7078,1705895800,1705895801,1705898327,2,2526,87
7079,1705895806,1705895818,1705898328,2,2510,89
7080,1705895872,1705895954,1705898463,2,2509,87
7081,1705895999,1705896000,1705898547,2,2547,101
7082,1705896005,1705896012,1705898522,2,2510,85
7083,1705896071,1705896087,1705898642,2,2555,87
7084,1705896139,1705896148,1705898647,2,2499,102
7085,1705896147,1705896148,1705898624,2,2476,85
7086,1705896153,1705896154,1705898634,2,2480,85
7087,1705896159,1705896160,1705898637,2,2477,90
7088,1705896165,1705896166,1705898666,2,2500,85
7089,1705896172,1705896174,1705898697,2,2523,86
7090,1705896179,1705896216,1705898748,2,2532,89
7091,1705896182,1705896216,1705905211,1,8995,24
7092,1705896182,1705896216,1705905211,1,8995,25
7093,1705896245,1705896257,1705898724,2,2467,87
7094,1705896251,1705896257,1705898802,2,2545,111
7095,1705896257,1705896257,1705898765,2,2508,88
7096,1705898345,1705898359,1705907369,1,9010,24
7097,1705898364,1705898364,1705907369,1,9005,24
7098,1705898834,1705898840,1705956907,4,58067,41
7099,1705898913,1705898920,1705907910,1,8990,27
7100,1705899199,1705899204,1705904208,1,5004,23
7101,1705899239,1705899244,1705904283,1,5039,26
7102,1705899694,1705899710,1705904713,1,5003,57
7103,1705899694,1705899710,1705956903,4,57193,47
7104,1705899822,1705899831,1705956899,4,57068,47
7105,1705900171,1705900179,1705905187,1,5008,21
7106,1705900207,1705900224,1705905232,1,5008,43
7107,1705904208,1705904224,1705909232,1,5008,22
7108,1705904283,1705904299,1705909353,1,5054,26
7109,1705904324,1705904325,1705905061,1,736,20
7110,1705904497,1705962321,1705965945,16,3624,34
7111,1705904497,1705969715,1705973357,16,3642,59
7112,1705904497,1705976201,1705979836,16,3635,43
7113,1705904498,1705921637,1705925281,4,3644,45
7114,1705904498,1705930778,1705934403,4,3625,29
7115,1705904498,1705934574,1705938214,4,3640,43
7116,1705904498,1705947504,1705951149,4,3645,42
7117,1705904499,1705951330,1705954963,4,3633,44
7118,1705904499,1705957103,1705960725,4,3622,34
7119,1705904499,1705934694,1705938334,8,3640,35
7120,1705904499,1705948367,1705951990,8,3623,49
7121,1705904500,1705957103,1705960725,8,3622,51
7122,1705904500,1705962321,1705965945,8,3624,269
7123,1705904500,1705965962,1705969605,8,3643,39
7124,1705904713,1705904729,1705909740,1,5011,57
7125,1705905117,1705905118,1705905360,1,242,18
7126,1705905187,1705905203,1705910226,1,5023,21
7127,1705905211,1705905227,1705914236,1,9009,24
7128,1705905211,1705905227,1705914236,1,9009,25
7129,1705905232,1705905248,1705910256,1,5008,43
7130,1705905397,1705905398,1705912592,1,7194,22
7131,1705905791,1705905831,1705908891,1,3060,20
7132,1705905910,1705905911,1705913138,1,7227,33
7133,1705905923,1705905924,1705913408,1,7484,27
7134,1705905961,1705905964,1705914877,1,8913,27
7135,1705905972,1705905973,1705915904,1,9931,26
7136,1705906564,1706122140,1706134781,128,12641,370
7137,1705907089,1705907089,1705912521,1,5432,18
7138,1705907369,1705907385,1705916384,1,8999,23
7139,1705907369,1705907385,1705916429,1,9044,22
7140,1705907910,1705907927,1705916923,1,8996,23
7141,1705908620,1705908620,1705910453,1,1833,20
7142,1705908814,1705908814,1705922952,1,14138,44
7143,1705908823,1705908823,1705928855,1,20032,45
7144,1705908831,1705908831,1705927342,1,18511,52
7145,1705908839,1705908839,1705933542,1,24703,67
7146,1705908846,1705908847,1705929645,1,20798,73
7147,1705908852,1705908855,1705936787,1,27932,55
7148,1705908863,1705908864,1705927335,1,18471,52
7149,1705908873,1705908876,1705933510,1,24634,53
7150,1705909232,1705909248,1705914258,1,5010,22
7151,1705909322,1705909323,1705916540,1,7217,30
7152,1705909353,1705909369,1705914418,1,5049,26
7153,1705909740,1705909757,1705914766,1,5009,21
7154,1705910226,1705910242,1705915249,1,5007,125
7155,1705910256,1705910261,1705915262,1,5001,24
7156,1705910662,1705910662,1705910809,1,147,39
7157,1705910726,1705910730,1705910775,1,45,17
7158,1705911003,1705911004,1705911152,1,148,19
7159,1705911144,1705911145,1705911206,1,61,17
7160,1705911578,1705911578,1705962400,2,50822,70
7161,1705911578,1705911578,1705991995,2,80417,39
7162,1705912324,1705912328,1705941120,1,28792,21
7163,1705912656,1705912657,1705912888,1,231,33
7164,1705913024,1705913024,1705918462,1,5438,20
7165,1705913196,1705913196,1705914023,1,827,51
7166,1705913377,1705913378,1705928520,1,15142,25
7167,1705913409,1705913434,1705916704,1,3270,21
7168,1705913607,1705913607,1705913870,1,263,23
7169,1705913697,1705913697,1705949240,1,35543,26
7170,1705913948,1705913949,1705917217,1,3268,19
7171,1705913967,1705913971,1705917594,1,3623,29
7172,1705913968,1705913971,1705917594,1,3623,28
7173,1705914142,1705914163,1705915046,1,883,19
7174,1705914236,1705914252,1705923317,1,9065,25
7175,1705914236,1705914252,1705923317,1,9065,24
7176,1705914236,1705914251,1705914523,1,272,110
7177,1705914258,1705914267,1705919325,1,5058,22
7178,1705914348,1705914349,1705915228,1,879,19
7179,1705914418,1705914423,1705919457,1,5034,22
7180,1705914469,1705914469,1705914908,1,439,36
7181,1705914766,1705914771,1705919793,1,5022,22
7182,1705915129,1705915206,1705921190,1,5984,18
7183,1705915129,1705915206,1705921190,1,5984,21
7184,1705915249,1705915267,1705920310,1,5043,125
7185,1705915262,1705915267,1705920325,1,5058,21
7186,1705915266,1705915267,1705915509,1,242,106
7187,1705915270,1705915270,1705917011,1,1741,325
7188,1705915394,1705915398,1705918262,1,2864,17
7189,1705915465,1705915467,1705915717,1,250,24
7190,1705915597,1705915599,1705915881,1,282,192
7191,1705915847,1705915848,1705916018,1,170,25
7192,1705916020,1705916037,1705916071,16,34,120
7193,1705916036,1705916037,1705916202,1,165,25
7194,1705916085,1705916088,1705916306,1,218,79
7195,1705916093,1705916099,1705916250,1,151,19
7196,1705916175,1705916218,1705916325,1,107,24
7197,1705916209,1705916324,1705916541,1,217,79
7198,1705916237,1705916240,1705917055,1,815,21
7199,1705916289,1705916341,1705916443,1,102,52
7200,1705916384,1705916402,1705925425,1,9023,24
7201,1705916429,1705916435,1705925501,1,9066,32
7202,1705916485,1705916504,1705923752,1,7248,217
7203,1705916809,1705918851,1705933269,32,14418,314
7204,1705916810,1705918222,1705938158,32,19936,93
7205,1705916810,1705918910,1705933230,32,14320,96
7206,1705916810,1705921031,1705940913,32,19882,100
7207,1705916811,1705921353,1705935766,32,14413,99
7208,1705916811,1705924121,1705944098,32,19977,174
7209,1705916811,1705924290,1705938753,32,14463,110
7210,1705916811,1705930102,1705950079,32,19977,91
7211,1705916812,1705930364,1705944769,32,14405,92
7212,1705916812,1705931283,1705951200,32,19917,100
7213,1705916812,1705931295,1705945727,32,14432,112
7214,1705916813,1705932216,1705952187,32,19971,107
7215,1705916813,1705932355,1705946800,32,14445,277
7216,1705916813,1705933259,1705952999,32,19740,97
7217,1705916813,1705933286,1705947739,32,14453,314
7218,1705916814,1705934758,1705954642,32,19884,86
7219,1705916814,1705935786,1705950224,32,14438,99
7220,1705916814,1705937572,1705957371,32,19799,179
7221,1705916815,1705947818,1705962186,32,14368,315
7222,1705916815,1705951330,1705971188,32,19858,102
7223,1705916815,1705952310,1705966681,32,14371,158
7224,1705916816,1705953022,1705972962,32,19940,468
7225,1705916816,1705954137,1705968507,32,14370,101
7226,1705916816,1705954416,1705976057,32,21641,48
7227,1705916816,1705954534,1705968882,32,14348,172
7228,1705916817,1705954659,1705974509,32,19850,86
7229,1705916817,1705954667,1705969008,32,14341,163
7230,1705916817,1705966715,1705986540,32,19825,160
7231,1705916818,1705967770,1705982204,32,14434,178
7232,1705916818,1705968528,1705988372,32,19844,96
7233,1705916818,1705968901,1705983392,32,14491,388
7234,1705916818,1705968924,1705988789,32,19865,188
7235,1705916923,1705916936,1705925985,1,9049,25
7236,1705917036,1705917036,1705917260,1,224,75
7237,1705917188,1705917189,1705917684,1,495,18
7238,1705917275,1705917275,1705917802,1,527,88
7239,1705917419,1705917423,1705917490,1,67,17
7240,1705917466,1705917467,1705917508,1,41,20
7241,1705917699,1705917708,1705917939,1,231,25
7242,1705917742,1705917857,1705917969,24,112,35
7243,1705917845,1705917848,1705919006,1,1158,19
7244,1705918071,1705918072,1705925312,1,7240,22
7245,1705918191,1705918197,1705918390,1,193,25
7246,1705918377,1705918377,1705918546,1,169,24
7247,1705918468,1705918468,1705923902,1,5434,19
7248,1705918502,1705918504,1705918618,1,114,26
7249,1705918677,1705918678,1705918769,1,91,19
7250,1705918715,1705918715,1705918837,1,122,18
7251,1705918725,1705918725,1705922922,1,4197,37
7252,1705918725,1705922944,1705944186,1,21242,37
7253,1705918726,1705944203,1705965452,1,21249,37
7254,1705918726,1705965477,1705986734,1,21257,37
7255,1705918726,1705986750,1706007988,1,21238,37
7256,1705918727,1706008009,1706029244,1,21235,37
7257,1705918727,1705918729,1705922928,1,4199,19
7258,1705918727,1705922944,1705944177,1,21233,19
7259,1705918727,1705944194,1705965465,1,21271,19
7260,1705918728,1705965481,1705986804,1,21323,18
7261,1705918728,1705986820,1706008141,1,21321,18
7262,1705918728,1706008165,1706029487,1,21322,18
7263,1705918728,1705918729,1705922927,1,4198,20
7264,1705918729,1705922951,1705944187,1,21236,18
7265,1705918729,1705944220,1705965524,1,21304,18
7266,1705918729,1705965540,1705986826,1,21286,18
7267,1705918730,1705986842,1706008128,1,21286,18
7268,1705918730,1706008154,1706029444,1,21290,19
7269,1705918730,1705918738,1705922937,1,4199,19
7270,1705918730,1705922958,1705944208,1,21250,20
7271,1705918731,1705944243,1705965469,1,21226,17
7272,1705918731,1705965485,1705986729,1,21244,34
7273,1705918731,1705986745,1706008040,1,21295,19
7274,1705918732,1706008064,1706029326,1,21262,40
7275,1705918732,1705918738,1705922928,1,4190,20
7276,1705918732,1705922944,1705944186,1,21242,18
7277,1705918732,1705944202,1705965508,1,21306,18
7278,1705918733,1705965536,1705986833,1,21297,18
7279,1705918733,1705986850,1706008157,1,21307,18
7280,1705918733,1706008173,1706029446,1,21273,18
7281,1705918733,1705918738,1705922931,1,4193,20
7282,1705918734,1705922951,1705944122,1,21171,33
7283,1705918734,1705944141,1705965424,1,21283,33
7284,1705918734,1705965440,1705986670,1,21230,33
7285,1705918735,1705986687,1706007922,1,21235,19
7286,1705918735,1706007938,1706029195,1,21257,45
7287,1705918906,1705918911,1705921507,1,2596,29
7288,1705918907,1705918911,1705921507,1,2596,28
7289,1705919124,1705919124,1705919514,1,390,208
7290,1705919126,1705919128,1705956714,1,37586,41
7291,1705919135,1705919136,1705919177,16,41,34
7292,1705919137,1705919140,1705919423,1,283,18
7293,1705919162,1705919164,1705952109,1,32945,22
7294,1705919212,1705919214,1705951844,1,32630,23
7295,1705919262,1705919264,1705958893,1,39629,21
7296,1705919321,1705919321,1705921079,4,1758,118
7297,1705919325,1705919334,1705924333,1,4999,27
7298,1705919456,1705919456,1705924488,1,5032,21
7299,1705919650,1705919656,1705926901,1,7245,138
7300,1705919734,1705919738,1705919856,1,118,19
7301,1705919742,1705919742,1706001823,1,82081,74
7302,1705919793,1705919801,1705924806,1,5005,22
7303,1705919794,1705919801,1705921647,1,1846,40
7304,1705919796,1705919801,1705919988,1,187,43
7305,1705919797,1705919801,1706001817,1,82016,87
7306,1705919847,1705919847,1705932486,1,12639,27
7307,1705919869,1705919869,1705929165,1,9296,35
7308,1705919882,1705919883,1705923123,1,3240,36
7309,1705919893,1705919897,1705922325,1,2428,21
7310,1705919966,1705919966,1705922844,1,2878,35
7311,1705919981,1705919981,1705923217,1,3236,35
7312,1705919995,1705919997,1705924925,1,4928,25
7313,1705920068,1705920069,1705920208,1,139,33
7314,1705920074,1705920077,1705920211,1,134,18
7315,1705920195,1705920196,1705956187,1,35991,124
7316,1705920245,1705920246,1705921954,1,1708,46
7317,1705920252,1705920252,1705921955,1,1703,31
7318,1705920273,1705920274,1705920457,1,183,29
7319,1705920310,1705920336,1705925357,1,5021,20
7320,1705920325,1705920336,1705925357,1,5021,20
7321,1705920543,1705920545,1705922302,1,1757,67
7322,1705920660,1705920660,1705923489,1,2829,23
7323,1705920754,1705920757,1705922254,1,1497,64
7324,1705920852,1705921210,1705923098,1,1888,71
7325,1705920984,1705920985,1705921482,4,497,49
7326,1705920994,1705921523,1705921674,1,151,18
7327,1705921017,1705921018,1705921902,1,884,133
7328,1705921025,1705921031,1705921260,1,229,153
7329,1705921061,1705921690,1705921918,1,228,18
7330,1705921079,1705921210,1705921510,1,300,93
7331,1705921099,1705921523,1705923489,1,1966,31
7332,1705921149,1705921150,1706007589,1,86439,24
7333,1705921334,1705921335,1705946840,4,25505,68
7334,1705921373,1705921374,1705937757,4,16383,119
7335,1705921440,1705921440,1705931173,16,9733,117
7336,1705921481,1705922102,1705925729,1,3627,43
7337,1705921481,1705922274,1705925910,1,3636,62
7338,1705921597,1705921610,1705938381,1,16771,60
7339,1705921682,1705921682,1705922239,1,557,33
7340,1705921721,1705921935,1705921995,1,60,36
7341,1705921798,1705921799,1705922237,4,438,47
7342,1705921932,1705921932,1705922006,1,74,30
7343,1705921937,1705922035,1705922234,1,199,25
7344,1705921943,1705922012,1705922085,1,73,32
7345,1705921977,1705921978,1705930345,1,8367,46
7346,1705922015,1705922015,1705922133,1,118,18
7347,1705922131,1705922251,1705922563,1,312,25
7348,1705922170,1705922170,1705923846,1,1676,61
7349,1705922211,1705922318,1705922502,1,184,65
7350,1705922451,1705922557,1705922635,1,78,21
7351,1705922494,1705922495,1705922536,8,41,25
7352,1705922497,1705922499,1706008891,1,86392,52
7353,1705922591,1705922591,1705926208,1,3617,19
7354,1705922627,1705922627,1705930348,1,7721,41
7355,1705922632,1705922645,1705930429,1,7784,46
7356,1705922657,1705922657,1705930359,1,7702,42
7357,1705922662,1705922666,1705930420,1,7754,42
7358,1705922688,1705922693,1705930373,1,7680,42
7359,1705922692,1705922693,1705930377,1,7684,41
7360,1705922717,1705922718,1705930371,1,7653,41
7361,1705922722,1705922722,1705930421,1,7699,41
7362,1705922754,1705922775,1705930409,1,7634,41
7363,1705922759,1705922775,1705930441,1,7666,41
7364,1705922820,1705922820,1705925837,1,3017,164
7365,1705922853,1705922854,1706009303,16,86449,38
7366,1705922986,1705922986,1705923208,4,222,46
7367,1705923094,1705923095,1705926630,1,3535,66
7368,1705923142,1705923146,1705923489,1,343,30
7369,1705923271,1705923552,1705923684,1,132,22
7370,1705923308,1705923552,1705926249,1,2697,22
7371,1705923317,1705923334,1705932391,1,9057,26
7372,1705923317,1705923334,1705932391,1,9057,24
7373,1705923380,1705923380,1705923449,1,69,19
7374,1705923403,1705923506,1705923762,1,256,23
7375,1705923488,1705923495,1705923826,1,331,26
7376,1705923498,1705923778,1705924247,1,469,74
7377,1705923675,1705923701,1705923785,1,84,22
7378,1705923721,1705923770,1705924063,1,293,202
7379,1705923741,1705923745,1706010171,1,86426,41
7380,1705923744,1705923745,1706010171,1,86426,29
7381,1705923772,1705923772,1705923930,1,158,28
7382,1705923910,1705924079,1705924107,2,28,64
7383,1705923960,1705923960,1705924225,1,265,151
7384,1705924110,1705924121,1705924471,2,350,46
7385,1705924133,1705924133,1705929572,1,5439,40
7386,1705924198,1705924201,1705925420,1,1219,20
7387,1705924258,1705924258,1705925205,1,947,23
7388,1705924303,1705924304,1706009880,1,85576,33
7389,1705924328,1705924328,1705925552,1,1224,67
7390,1705924333,1705924345,1705929381,1,5036,21
7391,1705924344,1705924345,1705924636,1,291,26
7392,1705924396,1705924419,1705924584,1,165,28
7393,1705924488,1705924495,1705929561,1,5066,21
7394,1705924565,1705924565,1705924997,1,432,67
7395,1705924571,1705924572,1705927060,2,2488,86
7396,1705924577,1705924578,1705927120,2,2542,86
7397,1705924584,1705924591,1705927091,2,2500,101
7398,1705924590,1705924591,1705927182,2,2591,100
7399,1705924596,1705924600,1705927087,2,2487,101
7400,1705924600,1705924600,1705925111,1,511,21
7401,1705924601,1705925166,1705925237,1,71,21
7402,1705924603,1705924604,1705927157,2,2553,101
7403,1705924609,1705924613,1705927134,2,2521,100
7404,1705924615,1705924623,1705927100,2,2477,101
7405,1705924622,1705924623,1705927157,2,2534,101
7406,1705924628,1705924634,1705927101,2,2467,100
7407,1705924636,1705924641,1705927128,2,2487,86
7408,1705924643,1705924645,1705927157,2,2512,86
7409,1705924649,1705924649,1705927095,2,2446,86
7410,1705924655,1705924657,1705927157,2,2500,87
7411,1705924661,1705924661,1705927078,2,2417,89
7412,1705924667,1705924669,1705927165,2,2496,86
7413,1705924674,1705924674,1705927121,2,2447,86
7414,1705924677,1705927006,1705932640,1,5634,19
7415,1705924677,1705927006,1705932640,1,5634,19
7416,1705924680,1705924680,1705927156,2,2476,87
7417,1705924681,1705925999,1705926632,1,633,36
7418,1705924681,1705926247,1705926872,1,625,36
7419,1705924681,1705926267,1705926903,1,636,41
7420,1705924686,1705924688,1705927172,2,2484,89
7421,1705924692,1705924696,1705927140,2,2444,86
7422,1705924698,1705924702,1705927204,2,2502,91
7423,1705924705,1705924855,1705927347,2,2492,88
7424,1705924711,1705924855,1705925602,2,747,86
7425,1705924717,1705924855,1705927345,2,2490,98
7426,1705924723,1705924855,1705927415,2,2560,87
7427,1705924729,1705924966,1705927432,2,2466,87
7428,1705924735,1705925443,1705927956,2,2513,87
7429,1705924742,1705925478,1705927961,2,2483,87
7430,1705924748,1705925481,1705928004,2,2523,87
7431,1705924754,1705925486,1705928050,2,2564,88
7432,1705924761,1705925620,1705926250,2,630,86
7433,1705924769,1705925658,1705928292,2,2634,90
7434,1705924775,1705925658,1705928179,2,2521,90
7435,1705924781,1705925658,1705928252,2,2594,90
7436,1705924787,1705925658,1705928177,2,2519,170
7437,1705924793,1705925658,1705928213,2,2555,88
7438,1705924800,1705925658,1705928195,2,2537,88
7439,1705924806,1705925658,1705928236,2,2578,89
7440,1705924806,1705924813,1705929846,1,5033,21
7441,1705924812,1705925658,1705928256,2,2598,88
7442,1705924817,1705925342,1705925595,1,253,114
7443,1705924818,1705927192,1705929667,2,2475,101
7444,1705924824,1705927192,1705929663,2,2471,101
7445,1705924830,1705927192,1705929638,2,2446,86
7446,1705924837,1705927192,1705929699,2,2507,86
7447,1705924843,1705927192,1705929675,2,2483,87
7448,1705924849,1705927192,1705929647,2,2455,86
7449,1705924855,1705927192,1705929718,2,2526,89
7450,1705924861,1705927192,1705929639,2,2447,87
7451,1705924867,1705927192,1705929640,2,2448,96
7452,1705924874,1705927194,1705929631,2,2437,86
7453,1705924880,1705927219,1705929760,2,2541,86
7454,1705924886,1705927219,1705929691,2,2472,86
7455,1705924892,1705927219,1705929679,2,2460,100
7456,1705924898,1705927219,1705929790,2,2571,100
7457,1705924904,1705927219,1705929669,2,2450,100
7458,1705924910,1705927224,1705929721,2,2497,91
7459,1705924916,1705927315,1705929776,2,2461,86
7460,1705924923,1705927361,1705929825,2,2464,87
7461,1705924929,1705927361,1705929831,2,2470,98
7462,1705924935,1705927367,1705929840,2,2473,89
7463,1705924941,1705927449,1705929933,2,2484,87
7464,1705924947,1705927449,1705929947,2,2498,87
7465,1705924953,1705926267,1705926529,1,262,22
7466,1705924953,1705927980,1705930489,2,2509,86
7467,1705924959,1705927980,1705930528,2,2548,86
7468,1705924966,1705927980,1705930421,2,2441,86
7469,1705924972,1705927980,1705930394,2,2414,86
7470,1705924978,1705927980,1705930449,2,2469,87
7471,1705924984,1705927980,1705930426,2,2446,86
7472,1705924990,1705927980,1705930485,2,2505,86
7473,1705924995,1705925039,1705925383,1,344,69
7474,1705924996,1705927980,1705930447,2,2467,87
7475,1705925002,1705927980,1705930529,2,2549,86
7476,1705925008,1705927980,1705930507,2,2527,86
7477,1705925015,1705927980,1705930538,2,2558,89
7478,1705925021,1705927980,1705930448,2,2468,86
7479,1705925027,1705927980,1705930514,2,2534,90
7480,1705925033,1705927980,1705930547,2,2567,88
7481,1705925039,1705927980,1705930484,2,2504,86
7482,1705925045,1705927980,1705930474,2,2494,87
7483,1705925052,1705927980,1705930446,2,2466,87
7484,1705925058,1705928021,1705930563,2,2542,87
7485,1705925064,1705928069,1705930532,2,2463,88
7486,1705925069,1705925439,1706011072,32,85633,47
7487,1705925070,1705928193,1705930700,2,2507,170
7488,1705925076,1705928204,1705930759,2,2555,90
7489,1705925082,1705928213,1705930741,2,2528,89
7490,1705925088,1705925412,1705956431,4,31019,140
7491,1705925088,1705928230,1705930721,2,2491,88
7492,1705925094,1705928267,1705930715,2,2448,89
7493,1705925101,1705928269,1705930779,2,2510,90
7494,1705925107,1705928273,1705930813,2,2540,88
7495,1705925113,1705928309,1705930806,2,2497,91
7496,1705925119,1705928736,1705931226,2,2490,87
7497,1705925125,1705928736,1705931251,2,2515,88
7498,1705925129,1705925342,1705951999,1,26657,83
7499,1705925129,1705925254,1705925583,1,329,21
7500,1705925131,1705928736,1705931227,2,2491,98
7501,1705925137,1705928736,1705931289,2,2553,91
7502,1705925144,1705928736,1705931278,2,2542,88
7503,1705925146,1705925342,1705948103,1,22761,84
7504,1705925150,1705928736,1705931266,2,2530,109
7505,1705925156,1705928736,1705931220,2,2484,101
7506,1705925158,1705925344,1705940836,1,15492,84
7507,1705925162,1705928736,1705931199,2,2463,100
7508,1705925168,1705928736,1705931255,2,2519,100
7509,1705925174,1705928736,1705931185,2,2449,100
7510,1705925180,1705928736,1705931233,2,2497,100
7511,1705925183,1705925356,1705941908,1,16552,82
7512,1705925186,1705925227,1705927035,1,1808,23
7513,1705925204,1705925412,1705945350,1,19938,26
7514,1705925226,1705925356,1705945886,1,20530,94
7515,1705925244,1705926279,1705926879,1,600,77
7516,1705925283,1705925600,1705927441,2,1841,66
7517,1705925357,1705925374,1705930400,1,5026,21
7518,1705925357,1705925374,1705930417,1,5043,21
7519,1705925425,1705925431,1705934462,1,9031,23
7520,1705925454,1705929928,1705929990,24,62,37
7521,1705925501,1705925515,1705934548,1,9033,81
7522,1705925533,1705925534,1705925641,1,107,20
7523,1705925540,1705925658,1705925983,1,325,22
7524,1705925552,1705932599,1705954240,1,21641,215
7525,1705925664,1705925668,1706012034,1,86366,101
7526,1705925669,1705928736,1705931189,2,2453,101
7527,1705925671,1705926475,1705927466,1,991,69
7528,1705925689,1705927107,1706013474,1,86367,93
7529,1705925690,1705927107,1706013491,1,86384,91
7530,1705925690,1705927107,1706013538,1,86431,96
7531,1705925690,1705927107,1706013538,1,86431,106
7532,1705925690,1705927107,1706013474,1,86367,95
7533,1705925691,1705927107,1706013538,1,86431,108
7534,1705925691,1705927107,1706013474,1,86367,106
7535,1705925694,1705926287,1705926336,2,49,20
7536,1705925711,1705926287,1705926641,1,354,25
7537,1705925769,1705925785,1705926177,1,392,201
7538,1705925848,1705925886,1705956982,1,31096,82
7539,1705925884,1705925927,1705926262,1,335,28
7540,1705925915,1705926002,1705926271,1,269,171
7541,1705925985,1705926475,1705935465,1,8990,24
7542,1705926020,1705927162,1705928024,1,862,87
7543,1705926229,1705926247,1705926268,1,21,17
7544,1705926279,1705928736,1705931260,2,2524,101
7545,1705926479,1705927006,1705927124,2,118,20
7546,1705926529,1705927107,1705927211,2,104,18
7547,1705926534,1705927112,1705927176,2,64,86
7548,1705926541,1705927116,1705927196,2,80,101
7549,1705926546,1705927117,1705927176,2,59,100
7550,1705926630,1705926640,1705927045,1,405,26
7551,1705926632,1705926651,1705933570,1,6919,72
7552,1705926720,1705926721,1705929817,1,3096,22
7553,1705926760,1705926762,1705926828,1,66,48
7554,1705926771,1705926844,1705927139,1,295,49
7555,1705926962,1705927162,1705947122,1,19960,86
7556,1705927011,1705927074,1705927183,1,109,22
7557,1705927040,1705927145,1705934371,1,7226,34
7558,1705927070,1705927145,1705927388,1,243,30
7559,1705927131,1705928736,1705931214,2,2478,101
7560,1705927137,1705928736,1705931224,2,2488,101
7561,1705927143,1705928736,1705931217,2,2481,100
7562,1705927149,1705928813,1705931288,2,2475,86
7563,1705927155,1705928813,1705931374,2,2561,108
7564,1705927161,1705928813,1705931287,2,2474,86
7565,1705927168,1705928813,1705931244,2,2431,97
7566,1705927174,1705928813,1705931276,2,2463,93
7567,1705927180,1705928813,1705931261,2,2448,90
7568,1705927186,1705928813,1705931269,2,2456,89
7569,1705927192,1705928813,1705931326,2,2513,87
7570,1705927198,1705928813,1705931313,2,2500,87
7571,1705927204,1705928813,1705931319,2,2506,87
7572,1705927210,1705927219,1705927333,1,114,45
7573,1705927210,1705928813,1705931284,2,2471,87
7574,1705927217,1705928813,1705931266,2,2453,87
7575,1705927223,1705928813,1705931277,2,2464,87
7576,1705927229,1705928813,1705931311,2,2498,87
7577,1705927235,1705928813,1705931311,2,2498,87
7578,1705927241,1705928813,1705931303,2,2490,97
7579,1705927247,1705928813,1705931311,2,2498,97
7580,1705927254,1705928813,1705931253,2,2440,96
7581,1705927288,1705927289,1705927411,1,122,29
7582,1705927356,1705927361,1705927476,1,115,48
7583,1705927380,1705928813,1705931262,2,2449,88
7584,1705927386,1705928813,1705931286,2,2473,101
7585,1705927453,1705928813,1705931308,2,2495,88
7586,1705927459,1705928813,1705931273,2,2460,90
7587,1705927528,1705927529,1705927703,1,174,21
7588,1705927608,1705927980,1705936275,2,8295,56
7589,1705927619,1705927620,1705927725,1,105,20
7590,1705927620,1705927626,1706014011,1,86385,96
7591,1705927658,1705927659,1705927793,1,134,19
7592,1705927846,1705927846,1705928494,2,648,48
7593,1705927968,1705927968,1705928082,1,114,18
7594,1705928009,1705928813,1705931277,2,2464,103
7595,1705928015,1705928813,1705931273,2,2460,111
7596,1705928045,1705928048,1705928204,1,156,23
7597,1705928082,1705928813,1705931269,2,2456,86
7598,1705928088,1705928813,1705931274,2,2461,87
7599,1705928152,1705928152,1705928250,1,98,24
7600,1705928169,1705928172,1705928423,1,251,45
7601,1705928212,1705928221,1705928338,1,117,29
7602,1705928215,1705928813,1705931267,2,2454,87
7603,1705928221,1705928872,1705931331,2,2459,97
7604,1705928227,1705928872,1705931355,2,2483,86
7605,1705928285,1705928289,1705928414,1,125,25
7606,1705928302,1705928872,1705931302,2,2430,88
7607,1705928308,1705929276,1705931745,2,2469,83
7608,1705928314,1705929325,1705931861,2,2536,84
7609,1705928320,1705929655,1705932070,2,2415,86
7610,1705928326,1705929656,1705932146,2,2490,96
7611,1705928416,1705928439,1705928545,1,106,24
7612,1705928460,1705928463,1705928771,1,308,25
7613,1705928582,1705928813,1705928855,4,42,80
7614,1705928646,1705928648,1705928729,1,81,28
7615,1705928718,1705928720,1705928801,2,81,22
7616,1705928745,1705928746,1705930597,1,1851,19
7617,1705928942,1705928943,1705929061,1,118,28
7618,1705929053,1705929053,1705929153,1,100,29
7619,1705929129,1705929130,1705929249,1,119,24
7620,1705929140,1705929140,1705929377,1,237,19
7621,1705929142,1705929181,1705929967,1,786,283
7622,1705929173,1705929174,1705929301,1,127,29
7623,1705929186,1705929186,1705929265,2,79,24
7624,1705929292,1705929325,1705936573,1,7248,24
7625,1705929304,1705929318,1705929499,2,181,30
7626,1705929381,1705929393,1705934403,1,5010,19
7627,1705929414,1705929415,1705929535,1,120,19
7628,1705929440,1705929441,1705929510,2,69,23
7629,1705929475,1705929475,1705936722,1,7247,26
7630,1705929526,1705929526,1705929643,1,117,23
7631,1705929558,1705929592,1705929891,4,299,43
7632,1705929561,1705929580,1705934602,1,5022,21
7633,1705929644,1705929839,1705929985,2,146,28
7634,1705929661,1705929661,1705932140,2,2479,86
7635,1705929668,1705929685,1705932097,2,2412,86
7636,1705929674,1705929685,1705932129,2,2444,87
7637,1705929680,1705929685,1705932188,2,2503,101
7638,1705929686,1705929686,1705932147,2,2461,100
7639,1705929692,1705929696,1705932167,2,2471,87
7640,1705929699,1705929715,1705932206,2,2491,87
7641,1705929705,1705929715,1705932202,2,2487,100
7642,1705929712,1705929715,1705932206,2,2491,101
7643,1705929718,1705929726,1705932219,2,2493,86
7644,1705929724,1705929726,1705932198,2,2472,107
7645,1705929730,1705929737,1705932268,2,2531,89
7646,1705929797,1705929798,1705932245,2,2447,86
7647,1705929803,1705929805,1705932265,2,2460,86
7648,1705929809,1705929810,1705932226,2,2416,100
7649,1705929816,1705929819,1705932333,2,2514,91
7650,1705929822,1705929857,1705932350,2,2493,97
7651,1705929845,1705929857,1705934860,1,5003,22
7652,1705929866,1705930011,1705934853,1,4842,481
7653,1705929879,1705930011,1705936448,1,6437,136
7654,1705929888,1705929889,1705932368,2,2479,88
7655,1705929895,1705929895,1705932358,2,2463,87
7656,1705929901,1705929901,1705932359,2,2458,91
7657,1705929929,1705930001,1705930119,1,118,35
7658,1705929965,1705929970,1705930291,1,321,25
7659,1705929968,1705929970,1705932434,2,2464,87
7660,1705929974,1705929975,1705932484,2,2509,91
7661,1705930027,1705930028,1705930057,1,29,18
7662,1705930028,1705930032,1705931235,1,1203,219
7663,1705930042,1705930043,1705933100,1,3057,29
7664,1705930044,1705930047,1705933100,1,3053,28
7665,1705930071,1705930071,1705933099,1,3028,33
7666,1705930074,1705933116,1705933196,2,80,29
7667,1705930085,1705930135,1705930305,1,170,38
7668,1705930282,1705930322,1705930434,1,112,38
7669,1705930317,1705932367,1705951090,16,18723,148
7670,1705930336,1705930455,1705930754,1,299,40
7671,1705930348,1705933034,1705951778,16,18744,143
7672,1705930378,1705933171,1705952963,16,19792,143
7673,1705930400,1705930408,1705935404,1,4996,34
7674,1705930408,1705933438,1705952236,16,18798,220
7675,1705930417,1705930426,1705935426,1,5000,20
7676,1705930445,1705930812,1705930926,1,114,33
7677,1705930467,1705930467,1705932949,2,2482,86
7678,1705930468,1705930471,1705930520,1,49,17
7679,1705930473,1705930479,1705932972,2,2493,86
7680,1705930479,1705930479,1705932929,2,2450,86
7681,1705930485,1705930496,1705933073,2,2577,86
7682,1705930492,1705930496,1705932967,2,2471,87
7683,1705930498,1705930499,1705933000,2,2501,86
7684,1705930505,1705930506,1705933022,2,2516,86
7685,1705930512,1705930520,1705933007,2,2487,86
7686,1705930518,1705930520,1705933003,2,2483,86
7687,1705930524,1705930528,1705932986,2,2458,86
7688,1705930530,1705930537,1705933016,2,2479,90
7689,1705930536,1705930537,1705933041,2,2504,86
7690,1705930542,1705930545,1705933082,2,2537,87
7691,1705930609,1705930610,1705933102,2,2492,86
7692,1705930612,1705930614,1705930672,1,58,18
7693,1705930615,1705930619,1705933118,2,2499,85
7694,1705930621,1705930623,1705933144,2,2521,87
7695,1705930627,1705930628,1705933087,2,2459,87
7696,1705930634,1705930636,1705933154,2,2518,87
7697,1705930640,1705930640,1705933165,2,2525,86
7698,1705930724,1705930732,1705930762,1,30,18
7699,1705930767,1705930767,1705933242,2,2475,89
7700,1705930773,1705930773,1705933217,2,2444,88
7701,1705930779,1705930784,1705933265,2,2481,90
7702,1705930786,1705930790,1705933357,2,2567,171
7703,1705930792,1705930792,1705933263,2,2471,88
7704,1705930849,1705930850,1705930909,1,59,17
7705,1705930858,1705930859,1705933417,2,2558,91
7706,1705930864,1705930865,1705933322,2,2457,90
7707,1705930871,1705930873,1705933424,2,2551,88
7708,1705930920,1705930943,1705931016,1,73,41
7709,1705931005,1705931032,1705931153,1,121,41
7710,1705931042,1705931178,1705931516,1,338,40
7711,1705931239,1705931240,1705933776,2,2536,87
7712,1705931245,1705931249,1705933802,2,2553,98
7713,1705931251,1705931283,1705933797,2,2514,109
7714,1705931258,1705931260,1705933792,2,2532,87
7715,1705931264,1705931283,1705933795,2,2512,87
7716,1705931271,1705931283,1705933771,2,2488,88
7717,1705931277,1705931283,1705933751,2,2468,97
7718,1705931283,1705931284,1705933789,2,2505,90
7719,1705931289,1705931294,1705933825,2,2531,88
7720,1705931295,1705931302,1705933806,2,2504,87
7721,1705931301,1705931318,1705933820,2,2502,88
7722,1705931302,1705931318,1705934474,8,3156,101
7723,1705931308,1705931325,1705933906,2,2581,97
7724,1705931314,1705931325,1705933831,2,2506,88
7725,1705931347,1705931533,1705931837,1,304,108
7726,1705931398,1705933116,1705933252,1,136,29
7727,1705931514,1705931515,1705933353,1,1838,20
7728,1705931720,1705932700,1705939350,1,6650,18
7729,1705931753,1705931854,1705932483,1,629,108
7730,1705931753,1705932636,1705933105,1,469,42
7731,1705931859,1705931860,1705931967,8,107,40
7732,1705931969,1705931969,1705932051,4,82,28
7733,1705931996,1705932656,1705936398,1,3742,263
7734,1705932073,1705932078,1705934901,8,2823,21
7735,1705932240,1705933927,1705954446,16,20519,158
7736,1705932267,1705932286,1705932417,4,131,86
7737,1705932270,1705969024,1705987565,16,18541,232
7738,1705932391,1705932401,1705941425,1,9024,26
7739,1705932391,1705932401,1705941405,1,9004,26
7740,1705932400,1705932401,1706018745,2,86344,70
7741,1705932408,1705932409,1706018745,2,86336,72
7742,1705932418,1705932429,1705932495,2,66,21
7743,1705932427,1705932442,1705932495,2,53,33
7744,1705932435,1705932442,1705932495,2,53,24
7745,1705932441,1705932451,1705932496,2,45,86
7746,1705932464,1705969332,1705983780,32,14448,92
7747,1705932464,1705970061,1705989866,32,19805,100
7748,1705932464,1705971205,1705985541,32,14336,102
7749,1705932465,1705971208,1705991034,32,19826,98
7750,1705932465,1705971843,1705986196,32,14353,99
7751,1705932465,1705972984,1705992847,32,19863,80
7752,1705932466,1705973481,1705987856,32,14375,173
7753,1705932466,1705973671,1705993629,32,19958,467
7754,1705932466,1705974528,1705988881,32,14353,172
7755,1705932467,1705976183,1705996082,32,19899,98
7756,1705932467,1705977962,1705992338,32,14376,312
7757,1705932467,1705985558,1706005415,32,19857,102
7758,1705932467,1705986218,1706000616,32,14398,101
7759,1705932468,1705986558,1706006406,32,19848,161
7760,1705932468,1705992868,1706007322,32,14454,81
7761,1705932468,1705993648,1706013637,32,19989,468
7762,1705932469,1705995006,1706009347,32,14341,99
7763,1705932469,1705996144,1706016025,32,19881,98
7764,1705932469,1705996742,1706011051,32,14309,113
7765,1705932469,1705998584,1706018381,32,19797,92
7766,1705932470,1706006424,1706020816,32,14392,159
7767,1705932470,1706016405,1706030824,32,14419,114
7768,1705932470,1706016405,1706036309,32,19904,110
7769,1705932471,1706016405,1706036293,32,19888,181
7770,1705932471,1706016405,1706036339,32,19934,103
7771,1705932471,1706016405,1706030869,32,14464,112
7772,1705932472,1706016405,1706030815,32,14410,165
7773,1705932472,1706017004,1706038639,32,21635,417
7774,1705932472,1706017004,1706036878,32,19874,105
7775,1705932519,1705933135,1705935592,1,2457,137
7776,1705932711,1705934573,1705941811,1,7238,21
7777,1705932711,1705934573,1705941811,1,7238,40
7778,1705932742,1705932743,1705932806,4,63,32
7779,1705932882,1705932883,1706019224,2,86341,70
7780,1705932885,1705932887,1706019225,2,86338,72
7781,1705932888,1705932891,1706019225,2,86334,84
7782,1705932891,1705932895,1706019225,2,86330,71
7783,1705932895,1705932895,1706019225,2,86330,71
7784,1705933018,1705933213,1705935992,1,2779,47
7785,1705933063,1705933065,1705936156,4,3091,86
7786,1705933087,1705946821,1705966781,1,19960,277
7787,1705933089,1705947158,1705967112,1,19954,56
7788,1705933219,1705933224,1705933298,1,74,23
7789,1705933219,1705933276,1705933926,1,650,50
7790,1705933390,1705933413,1705934176,1,763,71
7791,1705933452,1705933586,1705940101,1,6515,52
7792,1705933543,1705933559,1705935800,1,2241,32
7793,1705933568,1705933569,1705933777,4,208,21
7794,1705933623,1705933814,1705933916,4,102,108
7795,1705933648,1705933952,1705934548,1,596,40
7796,1705933745,1705933814,1705997113,4,63299,86
7797,1705933751,1705933814,1705998750,4,64936,88
7798,1705933791,1705933814,1706020197,1,86383,95
7799,1705933798,1705933814,1706020189,1,86375,99
7800,1705933998,1705934002,1705934083,4,81,40
7801,1705934005,1705934193,1705938809,1,4616,263
7802,1705934159,1705934160,1705940219,1,6059,383
7803,1705934164,1705934164,1706020592,1,86428,86
7804,1705934277,1705934278,1705934480,4,202,41
7805,1705934292,1705934497,1705934586,4,89,41
7806,1705934403,1705934419,1705939443,1,5024,19
7807,1705934462,1705934497,1705943484,1,8987,23
7808,1705934500,1705934572,1705934591,8,19,23
7809,1705934548,1705934572,1705943574,1,9002,24
7810,1705934602,1705934607,1705939629,1,5022,43
7811,1705934681,1705934682,1705992404,4,57722,53
7812,1705934768,1705934921,1705935765,8,844,30
7813,1705934799,1705934814,1705970099,1,35285,50
7814,1705934811,1705934814,1705990659,1,55845,73
7815,1705934815,1705935626,1706009098,1,73472,75
7816,1705934820,1705935626,1706010749,1,75123,85
7817,1705934824,1705935626,1706020886,1,85260,88
7818,1705934827,1705935626,1706022059,1,86433,89
7819,1705934833,1705935626,1706022059,1,86433,77
7820,1705934834,1705934934,1705937930,1,2996,487
7821,1705934860,1705934921,1705939926,1,5005,23
7822,1705935048,1705935481,1705938776,1,3295,34
7823,1705935122,1705935484,1705935839,1,355,120
7824,1705935173,1705935609,1705936018,1,409,26
7825,1705935198,1705935626,1705939673,8,4047,77
7826,1705935329,1705936256,1705936338,1,82,34
7827,1705935403,1705935535,1705940538,1,5003,22
7828,1705935426,1705935626,1705940663,1,5037,76
7829,1705935465,1705935626,1705944628,1,9002,86
7830,1705935560,1705935626,1705949839,1,14213,76
7831,1705935685,1705935685,1705965071,1,29386,80
7832,1705935685,1705935685,1705965071,1,29386,77
7833,1705935685,1705935685,1705965071,1,29386,78
7834,1705935685,1705935689,1705965076,1,29387,76
7835,1705935686,1705935689,1705965071,1,29382,76
7836,1705935686,1705935689,1705965075,1,29386,75
7837,1705935686,1705935689,1705965071,1,29382,77
7838,1705935687,1705935689,1705965075,1,29386,74
7839,1705935812,1705935812,1705942515,8,6703,96
7840,1705935877,1705935878,1705945686,1,9808,173
7841,1705935912,1705935913,1705942037,1,6124,203
7842,1705935972,1705935972,1705936727,1,755,18
7843,1705935978,1705936256,1705938695,1,2439,138
7844,1705936270,1705936271,1705936704,4,433,48
7845,1705936298,1705939748,1705940072,1,324,62
7846,1705936334,1705936354,1705936728,1,374,223
7847,1705936343,1705936344,1705936444,1,100,16
7848,1705936343,1705936344,1705942746,1,6402,36
7849,1705936344,1705936348,1705942762,1,6414,23
7850,1705936344,1705936348,1705942777,1,6429,25
7851,1705936344,1705936348,1705936531,1,183,24
7852,1705936345,1705936348,1705942852,1,6504,30
7853,1705936345,1705936348,1705942943,1,6595,35
7854,1705936345,1705936348,1705943042,1,6694,40
7855,1705936345,1705936348,1705936951,1,603,44
7856,1705936374,1705936414,1705937007,1,593,27
7857,1705936379,1705936461,1705943702,1,7241,19
7858,1705936384,1705936386,1705937997,1,1611,71
7859,1705936539,1705936539,1705936594,1,55,16
7860,1705936573,1705936573,1705943804,1,7231,27
7861,1705936600,1705937338,1705937553,24,215,151
7862,1705936693,1705936693,1705938215,1,1522,85
7863,1705936722,1705936723,1705943953,1,7230,24
7864,1705936815,1705947563,1705947644,2,81,31
7865,1705936817,1705937038,1705937067,1,29,17
7866,1705936891,1705937455,1705937851,1,396,123
7867,1705936898,1705937412,1705937672,1,260,131
7868,1705936923,1705936924,1705945461,1,8537,34
7869,1705936949,1705936964,1705938781,1,1817,27
7870,1705936964,1705936964,1705961339,4,24375,190
7871,1705937067,1705937084,1705937391,1,307,122
7872,1705937090,1705937107,1705937391,1,284,123
7873,1705937094,1705937095,1705937599,1,504,17
7874,1705937104,1706017004,1706036915,32,19911,204
7875,1705937104,1706017004,1706031359,32,14355,120
7876,1705937105,1706017785,1706037692,32,19907,159
7877,1705937105,1706017838,1706032246,32,14408,88
7878,1705937105,1706018402,1706038295,32,19893,93
7879,1705937186,1705937187,1705939614,1,2427,44
7880,1705937260,1705937950,1705938045,1,95,31
7881,1705937260,1705938062,1705944503,1,6441,41
7882,1705937261,1705938762,1705945203,1,6441,33
7883,1705937261,1705938871,1705945330,1,6459,31
7884,1705937261,1705938935,1705939127,1,192,132
7885,1705937261,1705939144,1705945686,1,6542,53
7886,1705937262,1705945363,1705951977,1,6614,45
7887,1705937262,1705945568,1705952284,1,6716,131
7888,1705937262,1705945703,1705946315,1,612,53
7889,1705937349,1705937350,1705937487,1,137,18
7890,1705937486,1705937503,1705937543,1,40,18
7891,1705937546,1705937559,1705938782,2,1223,38
7892,1705937674,1705940038,1705947273,1,7235,198
7893,1705937787,1705937788,1705937838,1,50,17
7894,1705937848,1705937875,1706024313,4,86438,75
7895,1705937890,1705937895,1705946368,2,8473,56
7896,1705937890,1705938020,1705946481,2,8461,59
7897,1705937891,1705938178,1705946618,2,8440,58
7898,1705937891,1705938178,1705946902,2,8724,59
7899,1705937892,1705938178,1705946620,2,8442,74
7900,1705937892,1705938178,1705946526,2,8348,60
7901,1705937892,1705938178,1705946656,2,8478,59
7902,1705937893,1705938178,1705946663,2,8485,58
7903,1705937893,1705938178,1705946455,2,8277,58
7904,1705937894,1705938178,1705946667,2,8489,57
7905,1705937895,1705938178,1705946568,2,8390,57
7906,1705937895,1705938178,1705946389,2,8211,59
7907,1705937895,1705938178,1705946388,2,8210,57
7908,1705937896,1705938178,1705946554,2,8376,75
7909,1705937896,1705938178,1705946529,2,8351,61
7910,1705937897,1705938178,1705946264,2,8086,70
7911,1705937897,1705938179,1705946536,2,8357,57
7912,1705937897,1705938239,1705946459,2,8220,85
7913,1705937898,1705938342,1705946510,2,8168,58
7914,1705937898,1705938398,1705946803,2,8405,70
7915,1705937899,1705938415,1705946697,2,8282,58
7916,1705937899,1705938415,1705946872,2,8457,62
7917,1705937899,1705938415,1705946809,2,8394,58
7918,1705937900,1705938416,1705946781,2,8365,57
7919,1705937900,1705938496,1705952919,2,14423,490
7920,1705937901,1705938773,1705947253,2,8480,93
7921,1705937901,1705938773,1705947343,2,8570,60
7922,1705937902,1705938773,1705947241,2,8468,59
7923,1705937902,1705938773,1705947234,2,8461,57
7924,1705937903,1705938773,1705947339,2,8566,64
7925,1705937903,1705938773,1705949699,2,10926,58
7926,1705937903,1705938773,1705947091,2,8318,57
7927,1705937904,1705938773,1705947092,2,8319,59
7928,1705937904,1705938773,1705947021,2,8248,56
7929,1705937905,1705938773,1705946824,2,8051,56
7930,1705937905,1705938773,1705947022,2,8249,57
7931,1705937905,1705938773,1705947014,2,8241,57
7932,1705937906,1705938773,1705947132,2,8359,57
7933,1705937906,1705938773,1705947250,2,8477,58
7934,1705937907,1705938793,1705947193,2,8400,72
7935,1705937908,1705938828,1705947312,2,8484,60
7936,1705937908,1705938846,1705947208,2,8362,54
7937,1705937909,1705938853,1705947423,2,8570,58
7938,1705937909,1705938893,1705947185,2,8292,71
7939,1705937910,1705939690,1705948249,2,8559,56
7940,1705937910,1705939690,1705948174,2,8484,56
7941,1705937910,1705939690,1705948218,2,8528,57
7942,1705937911,1705939702,1705948188,2,8486,76
7943,1705937911,1705940930,1705949267,2,8337,90
7944,1705937911,1705940930,1705949438,2,8508,90
7945,1705937912,1705940930,1705949277,2,8347,91
7946,1705937912,1705940930,1705946783,2,5853,92
7947,1705937913,1705940930,1705949249,2,8319,90
7948,1705937913,1705940930,1705949391,2,8461,90
7949,1705937913,1705940930,1705949267,2,8337,91
7950,1705937914,1705940930,1705949391,2,8461,91
7951,1705937915,1705940930,1705949432,2,8502,91
7952,1705937916,1705940930,1705949433,2,8503,89
7953,1705937916,1705940930,1705949206,2,8276,89
7954,1705937916,1705940932,1705949206,2,8274,88
7955,1705937917,1705940932,1705949229,2,8297,77
7956,1705937917,1705941141,1705949465,2,8324,59
7957,1705937918,1705941897,1705950181,2,8284,56
7958,1705937918,1705941925,1705950221,2,8296,71
7959,1705937918,1705942070,1705947241,2,5171,70
7960,1705937919,1705942431,1705950795,2,8364,77
7961,1705937919,1705942449,1705951024,2,8575,60
7962,1705937919,1705942658,1705951133,2,8475,57
7963,1705937920,1705942658,1705951043,2,8385,57
7964,1705937920,1705942658,1705951158,2,8500,57
7965,1705937921,1705942658,1705950891,2,8233,58
7966,1705937922,1705942671,1705950958,2,8287,64
7967,1705937922,1705942793,1705951233,2,8440,71
7968,1705937923,1705942793,1705951302,2,8509,57
7969,1705937923,1705942858,1705951299,2,8441,71
7970,1705937923,1705942935,1705951468,2,8533,71
7971,1705937924,1705943059,1705951551,2,8492,57
7972,1705937924,1705943059,1705943114,2,55,26
7973,1705937925,1705943308,1705951718,2,8410,57
7974,1705937925,1705944047,1705952368,2,8321,70
7975,1705937925,1705944118,1705952366,2,8248,60
7976,1705937926,1705944118,1705952496,2,8378,70
7977,1705937926,1705944118,1705952543,2,8425,71
7978,1705937926,1705944118,1705952543,2,8425,71
7979,1705937927,1705944118,1705952635,2,8517,70
7980,1705937927,1705944118,1705952464,2,8346,71
7981,1705937928,1705944118,1705952636,2,8518,72
7982,1705937928,1705944118,1705952453,2,8335,71
7983,1705937929,1705944118,1705952541,2,8423,155
7984,1705937929,1705944118,1705952391,2,8273,71
7985,1705937930,1705944118,1705952451,2,8333,73
7986,1705937930,1705944119,1705952456,2,8337,70
7987,1705937930,1705944338,1705952699,2,8361,58
7988,1705937931,1705944745,1705953236,2,8491,57
7989,1705937931,1705944786,1705953005,2,8219,57
7990,1705937932,1705944786,1705953006,2,8220,62
7991,1705937932,1705944786,1705953099,2,8313,59
7992,1705937932,1705944787,1705953212,2,8425,62
7993,1705937933,1705944787,1705952957,2,8170,58
7994,1705937933,1705944786,1705953097,2,8311,61
7995,1705937933,1705944787,1705953014,2,8227,56
7996,1705937934,1705937943,1705938281,1,338,120
7997,1705937934,1705944786,1705953103,2,8317,57
7998,1705937934,1705944786,1705953040,2,8254,72
7999,1705937935,1705944787,1705953312,2,8525,58
8000,1705937935,1705944787,1705953312,2,8525,58
8001,1705937936,1705944787,1705953124,2,8337,58
8002,1705937937,1705944787,1705953312,2,8525,76
8003,1705937937,1705944787,1705953214,2,8427,61
8004,1705937938,1705944839,1705953205,2,8366,57
8005,1705937938,1705944877,1705953121,2,8244,61
8006,1705937938,1705944877,1705953209,2,8332,61
8007,1705937939,1705944877,1705953294,2,8417,57
8008,1705937939,1705944877,1705953180,2,8303,82
8009,1705937939,1705945646,1705953996,2,8350,55
8010,1705937940,1705945749,1705954162,2,8413,70
8011,1705937940,1705945749,1705954078,2,8329,58
8012,1705937941,1705945749,1705955364,2,9615,64
8013,1705937941,1705945749,1705954161,2,8412,60
8014,1705937941,1705945749,1705954161,2,8412,58
8015,1705937942,1705945749,1705954160,2,8411,59
8016,1705937943,1705945749,1705954248,2,8499,57
8017,1705937944,1705945749,1705954158,2,8409,57
8018,1705937944,1705945902,1705954690,2,8788,76
8019,1705937944,1705945950,1705954321,2,8371,71
8020,1705937945,1705946053,1705954405,2,8352,153
8021,1705937945,1705946053,1705954404,2,8351,152
8022,1705937946,1705946281,1705954645,2,8364,70
8023,1705937946,1705946399,1705954938,2,8539,56
8024,1705937946,1705946405,1705955022,2,8617,59
8025,1705937947,1705946405,1705954728,2,8323,59
8026,1705937947,1705946472,1705955021,2,8549,57
8027,1705937948,1705946475,1705954809,2,8334,77
8028,1705937949,1705946497,1705954813,2,8316,59
8029,1705937949,1705946545,1705954886,2,8341,59
8030,1705937949,1705946545,1705954976,2,8431,60
8031,1705937950,1705946545,1705954889,2,8344,61
8032,1705937950,1705946561,1705955019,2,8458,57
8033,1705937950,1705946578,1705954974,2,8396,74
8034,1705937951,1705946585,1705955104,2,8519,57
8035,1705937951,1705946635,1705955104,2,8469,59
8036,1705937952,1705946637,1705955102,2,8465,74
8037,1705937952,1705946679,1705955081,2,8402,58
8038,1705937952,1705946683,1705955081,2,8398,57
8039,1705937953,1705946714,1705955185,2,8471,59
8040,1705937953,1705946819,1705946870,2,51,35
8041,1705937954,1705946819,1705955265,2,8446,76
8042,1705937954,1705946819,1705955360,2,8541,76
8043,1705937954,1705946819,1705955356,2,8537,94
8044,1705937955,1705946819,1705955444,2,8625,80
8045,1705937956,1705946819,1705956058,2,9239,76
8046,1705937957,1705946819,1705955358,2,8539,80
8047,1705937957,1705946819,1705955267,2,8448,76
8048,1705937957,1705946867,1705955245,2,8378,67
8049,1705937958,1705946914,1705955517,2,8603,58
8050,1705937958,1705946877,1705955534,2,8657,61
8051,1705937959,1705947028,1705955408,2,8380,58
8052,1705937959,1705946877,1705956283,2,9406,70
8053,1705937959,1705947028,1705955409,2,8381,57
8054,1705937960,1705947034,1705955707,2,8673,57
8055,1705937963,1705947115,1705955606,2,8491,56
8056,1705937963,1705947115,1705955689,2,8574,57
8057,1705937964,1705947158,1705955593,2,8435,59
8058,1705937964,1705947202,1705955676,2,8474,72
8059,1705937964,1705947230,1705955570,2,8340,72
8060,1705937965,1705947230,1705955654,2,8424,55
8061,1705937965,1705947258,1705948395,2,1137,58
8062,1705937965,1705947258,1705955760,2,8502,58
8063,1705937966,1705947258,1705955656,2,8398,491
8064,1705937966,1705947258,1705955681,2,8423,69
8065,1705937967,1705947266,1705955774,2,8508,59
8066,1705937967,1705947329,1705955762,2,8433,92
8067,1705937967,1705947356,1705955845,2,8489,64
8068,1705937968,1705947363,1705955732,2,8369,61
8069,1705937968,1705947435,1705955814,2,8379,62
8070,1705937969,1705948193,1705956578,2,8385,57
8071,1705937969,1705948205,1705956625,2,8420,58
8072,1705937969,1705948234,1705956636,2,8402,57
8073,1705937971,1705948255,1705956763,2,8508,82
8074,1705937971,1705948412,1705954977,2,6565,59
8075,1705937972,1705949226,1705957794,2,8568,71
8076,1705937972,1705949226,1705957679,2,8453,71
8077,1705937972,1705949348,1705957825,2,8477,72
8078,1705937973,1705949348,1705957956,2,8608,71
8079,1705937973,1705949348,1705957834,2,8486,72
8080,1705937973,1705949348,1705957963,2,8615,72
8081,1705937974,1705949348,1705957965,2,8617,71
8082,1705937974,1705949470,1705957848,2,8378,71
8083,1705937975,1705949470,1705957858,2,8388,72
8084,1705937975,1705949470,1705958037,2,8567,58
8085,1705937975,1705949470,1705958152,2,8682,72
8086,1705937976,1705949470,1705958138,2,8668,71
8087,1705937976,1705949470,1705958030,2,8560,72
8088,1705937977,1705949715,1705958104,2,8389,81
8089,1705937977,1705950219,1705958599,2,8380,59
8090,1705937978,1705950342,1705959608,2,9266,58
8091,1705937978,1705950956,1705959304,2,8348,78
8092,1705937978,1705950833,1705960427,2,9594,60
8093,1705937979,1705951079,1705960667,2,9588,59
8094,1705937979,1705951079,1705959370,2,8291,59
8095,1705937980,1705951079,1705962015,2,10936,59
8096,1705937980,1705951205,1705959521,2,8316,57
8097,1705937980,1705951205,1705959554,2,8349,69
8098,1705937981,1705951328,1705959820,2,8492,70
8099,1705937981,1705951328,1705959738,2,8410,58
8100,1705937981,1705951328,1705959820,2,8492,56
8101,1705937982,1705951572,1705960019,2,8447,59
8102,1705937982,1705951572,1705960057,2,8485,57
8103,1705937983,1705951816,1705960156,2,8340,123
8104,1705937983,1705952431,1705960802,2,8371,70
8105,1705937984,1705952431,1705960928,2,8497,62
8106,1705937984,1705952431,1705960860,2,8429,71
8107,1705937985,1705952560,1705962383,2,9823,60
8108,1705937985,1705952560,1705961075,2,8515,57
8109,1705937985,1705952560,1705961202,2,8642,58
8110,1705937986,1705952560,1705960836,2,8276,56
8111,1705937986,1705952560,1705960962,2,8402,57
8112,1705937987,1705952560,1705960847,2,8287,57
8113,1705937987,1705952560,1705960837,2,8277,61
8114,1705937987,1705952560,1705960840,2,8280,57
8115,1705937988,1705952682,1705963181,2,10499,60
8116,1705937988,1705952682,1705961277,2,8595,73
8117,1705937989,1705952807,1705961277,2,8470,57
8118,1705937989,1705952979,1705961648,2,8669,58
8119,1705937990,1705952979,1705961481,2,8502,57
8120,1705937990,1705953020,1705961564,2,8544,97
8121,1705937990,1705953020,1705961481,2,8461,76
8122,1705937993,1705953020,1705961481,2,8461,81
8123,1705937993,1705953045,1705961481,2,8436,60
8124,1705937994,1705953112,1705961484,2,8372,57
8125,1705937994,1705953112,1705961481,2,8369,72
8126,1705937995,1705953112,1705961749,2,8637,60
8127,1705937995,1705953133,1705961750,2,8617,60
8128,1705937995,1705953133,1705961751,2,8618,59
8129,1705937996,1705953189,1705961648,2,8459,57
8130,1705937996,1705953225,1705961743,2,8518,61
8131,1705937997,1705953225,1705961727,2,8502,82
8132,1705937997,1705953225,1705961901,2,8676,58
8133,1705937997,1705953228,1705961645,2,8417,61
8134,1705937998,1705953243,1705961599,2,8356,58
8135,1705937998,1705953317,1705963001,2,9684,58
8136,1705937998,1705953317,1705961733,2,8416,56
8137,1705938001,1705953329,1705961724,2,8395,57
8138,1705938002,1705953335,1705961894,2,8559,58
8139,1705938003,1705954003,1705962221,2,8218,57
8140,1705938003,1705954084,1705962195,2,8111,58
8141,1705938003,1705954168,1705962453,2,8285,58
8142,1705938004,1705954168,1705962642,2,8474,58
8143,1705938004,1705954168,1705962462,2,8294,58
8144,1705938004,1705954168,1705964180,2,10012,57
8145,1705938005,1705954168,1705962551,2,8383,80
8146,1705938005,1705954264,1705962538,2,8274,60
8147,1705938008,1705954338,1705968608,2,14270,79
8148,1705938008,1705954410,1705962884,2,8474,57
8149,1705938009,1705954410,1705962896,2,8486,71
8150,1705938009,1705954696,1705963118,2,8422,71
8151,1705938010,1705954657,1705963033,2,8376,75
8152,1705938010,1705954744,1705963022,2,8278,66
8153,1705938011,1705954825,1705963022,2,8197,58
8154,1705938011,1705954825,1705963311,2,8486,77
8155,1705938011,1705954905,1705963317,2,8412,58
8156,1705938012,1705954960,1705963379,2,8419,57
8157,1705938012,1705954899,1705963401,2,8502,76
8158,1705938012,1705954984,1705963363,2,8379,56
8159,1705938013,1705954990,1705963212,2,8222,74
8160,1705938013,1705954994,1705963360,2,8366,61
8161,1705938014,1705955038,1705963349,2,8311,57
8162,1705938014,1705955039,1705963372,2,8333,58
8163,1705938014,1705955088,1705963466,2,8378,57
8164,1705938015,1705955088,1705963567,2,8479,72
8165,1705938015,1705955112,1705963350,2,8238,58
8166,1705938015,1705955027,1705963568,2,8541,59
8167,1705938016,1705955112,1705963284,2,8172,58
8168,1705938016,1705955130,1705963569,2,8439,58
8169,1705938017,1705955193,1705963752,2,8559,58
8170,1705938017,1705955261,1705963834,2,8573,67
8171,1705938017,1705955272,1705963717,2,8445,59
8172,1705938018,1705955372,1705963697,2,8325,60
8173,1705938018,1705955272,1705963526,2,8254,74
8174,1705938018,1705955372,1705963574,2,8202,57
8175,1705938019,1705955372,1705963572,2,8200,78
8176,1705938019,1705955376,1705963570,2,8194,64
8177,1705938020,1705955424,1705963753,2,8329,57
8178,1705938020,1705955424,1705963882,2,8458,64
8179,1705938020,1705955460,1705963753,2,8293,63
8180,1705938021,1705955524,1705963744,2,8220,59
8181,1705938021,1705955542,1705963850,2,8308,57
8182,1705938022,1705955581,1705964052,2,8471,60
8183,1705938022,1705955598,1705963855,2,8257,58
8184,1705938022,1705955616,1705963771,2,8155,58
8185,1705938023,1705955667,1705964019,2,8352,57
8186,1705938023,1705955667,1705964010,2,8343,75
8187,1705938024,1705955689,1705963997,2,8308,58
8188,1705938024,1705955689,1705964022,2,8333,56
8189,1705938024,1705955698,1705963907,2,8209,71
8190,1705938025,1705955716,1705964118,2,8402,58
8191,1705938025,1705955738,1705963821,2,8083,57
8192,1705938026,1705955779,1705963913,2,8134,93
8193,1705938026,1705955779,1705964085,2,8306,60
8194,1705938026,1705955779,1705964006,2,8227,58
8195,1705938027,1705955821,1705964068,2,8247,58
8196,1705938027,1705955856,1705964297,2,8441,62
8197,1705938028,1705956075,1705964432,2,8357,61
8198,1705938028,1705956302,1705964596,2,8294,71
8199,1705938029,1705956594,1705965076,2,8482,57
8200,1705938029,1705956641,1705964904,2,8263,59
8201,1705938029,1705956652,1705965153,2,8501,57
8202,1705938030,1705956779,1705965037,2,8258,83
8203,1705938030,1705957707,1705966118,2,8411,71
8204,1705938031,1705957807,1705966117,2,8310,72
8205,1705938031,1705957832,1705966117,2,8285,72
8206,1705938031,1705957843,1705966047,2,8204,72
8207,1705938032,1705957853,1705966117,2,8264,73
8208,1705938032,1705957870,1705966117,2,8247,72
8209,1705938033,1705957971,1705966280,2,8309,56
8210,1705938033,1705957971,1705966279,2,8308,57
8211,1705938033,1705957971,1705966366,2,8395,73
8212,1705938035,1705958045,1705966376,2,8331,71
8213,1705938035,1705958045,1705966445,2,8400,71
8214,1705938035,1705958112,1705966444,2,8332,72
8215,1705938036,1705958165,1705966624,2,8459,81
8216,1705938036,1705958165,1705966441,2,8276,159
8217,1705938036,1705958607,1705967057,2,8450,58
8218,1705938037,1705959321,1705967834,2,8513,77
8219,1705938037,1705959387,1705967754,2,8367,60
8220,1705938038,1705959537,1705967837,2,8300,58
8221,1705938038,1705959570,1705967833,2,8263,68
8222,1705938038,1705959636,1705967915,2,8279,58
8223,1705938039,1705959759,1705968160,2,8401,58
8224,1705938039,1705959836,1705967983,2,8147,70
8225,1705938040,1705959838,1705967984,2,8146,57
8226,1705938040,1705960039,1705968143,2,8104,59
8227,1705938040,1705960073,1705968321,2,8248,58
8228,1705938041,1705960191,1705968485,2,8294,58
8229,1705938042,1705960443,1705968808,2,8365,61
8230,1705938042,1705960683,1705968969,2,8286,60
8231,1705938042,1705960819,1705969140,2,8321,72
8232,1705938043,1705960853,1705969127,2,8274,60
8233,1705938043,1705960855,1705969132,2,8277,57
8234,1705938043,1705938178,1705938731,1,553,20
8235,1705938044,1705960857,1705969130,2,8273,58
8236,1705938044,1705960877,1705969314,2,8437,71
8237,1705938044,1705960945,1705969409,2,8464,62
8238,1705938045,1705960866,1705969248,2,8382,58
8239,1705938045,1705960978,1705969410,2,8432,57
8240,1705938046,1705961091,1705969474,2,8383,57
8241,1705938046,1705961218,1705969463,2,8245,57
8242,1705938046,1705961294,1705969644,2,8350,58
8243,1705938047,1705961295,1705969647,2,8352,73
8244,1705938048,1705961497,1705969877,2,8380,57
8245,1705938048,1705961497,1705970079,2,8582,57
8246,1705938049,1705961498,1705969688,2,8190,60
8247,1705938049,1705961498,1705969797,2,8299,72
8248,1705938049,1705961501,1705969783,2,8282,57
8249,1705938050,1705961551,1705969898,2,8347,58
8250,1705938050,1705961580,1705969973,2,8393,79
8251,1705938051,1705961622,1705969984,2,8362,57
8252,1705938051,1705961661,1705969934,2,8273,61
8253,1705938051,1705961665,1705969982,2,8317,59
8254,1705938052,1705961665,1705969974,2,8309,57
8255,1705938052,1705961741,1705970025,2,8284,57
8256,1705938053,1705961759,1705970026,2,8267,81
8257,1705938053,1705961759,1705970027,2,8268,56
8258,1705938053,1705961760,1705970039,2,8279,62
8259,1705938054,1705961765,1705970277,2,8512,60
8260,1705938054,1705961767,1705970023,2,8256,59
8261,1705938055,1705961772,1705970041,2,8269,58
8262,1705938055,1705961921,1705970183,2,8262,58
8263,1705938056,1705961921,1705970211,2,8290,58
8264,1705938056,1705962032,1705970407,2,8375,59
8265,1705938056,1705962237,1705970511,2,8274,78
8266,1705938057,1705962389,1705970826,2,8437,58
8267,1705938057,1705962461,1705970762,2,8301,59
8268,1705938058,1705962470,1705970755,2,8285,58
8269,1705938058,1705962200,1705970510,2,8310,79
8270,1705938058,1705962545,1705970834,2,8289,89
8271,1705938059,1705962558,1705970834,2,8276,60
8272,1705938059,1705962658,1705971067,2,8409,57
8273,1705938060,1705962889,1705971161,2,8272,78
8274,1705938060,1705962905,1705971188,2,8283,57
8275,1705938060,1705963017,1705971335,2,8318,71
8276,1705938061,1705963028,1705971350,2,8322,78
8277,1705938062,1705963028,1705971494,2,8466,58
8278,1705938062,1705963038,1705971337,2,8299,70
8279,1705938063,1705963133,1705971490,2,8357,67
8280,1705938063,1705963188,1705971427,2,8239,71
8281,1705938063,1705963229,1705971766,2,8537,75
8282,1705938065,1705963289,1705972241,2,8952,60
8283,1705938065,1705963317,1705973344,2,10027,74
8284,1705938065,1705963322,1705971573,2,8251,80
8285,1705938066,1705963370,1705971825,2,8455,59
8286,1705938066,1705963370,1705971558,2,8188,57
8287,1705938067,1705963370,1705973229,2,9859,76
8288,1705938067,1705963370,1705971648,2,8278,58
8289,1705938068,1705963385,1705971662,2,8277,61
8290,1705938068,1705963385,1705971691,2,8306,145
8291,1705938069,1705963407,1705971667,2,8260,57
8292,1705938069,1705963478,1705971749,2,8271,77
8293,1705938069,1705963579,1705971825,2,8246,73
8294,1705938070,1705963531,1705971825,2,8294,58
8295,1705938070,1705963579,1705971946,2,8367,57
8296,1705938070,1705963580,1705972064,2,8484,56
8297,1705938071,1705963580,1705972149,2,8569,58
8298,1705938071,1705963580,1705972064,2,8484,56
8299,1705938072,1705963586,1705971825,2,8239,57
8300,1705938072,1705963704,1705973301,2,9597,57
8301,1705938072,1705963722,1705972064,2,8342,62
8302,1705938073,1705963760,1705972146,2,8386,58
8303,1705938074,1705963760,1705972147,2,8387,58
8304,1705938074,1705963760,1705972407,2,8647,58
8305,1705938074,1705963760,1705972318,2,8558,61
8306,1705938084,1705938712,1705938746,1,34,138
8307,1705938158,1705938239,1705938567,1,328,18
8308,1705938212,1705942086,1705942173,1,87,19
8309,1705938242,1705938297,1705940018,1,1721,266
8310,1705938274,1705938294,1705938424,1,130,43
8311,1705938284,1705938294,1705938325,1,31,30
8312,1705938289,1705938294,1705938332,1,38,41
8313,1705938456,1705938583,1705938612,1,29,18
8314,1705938566,1705938773,1705938811,1,38,20
8315,1705938580,1705938758,1705938836,1,78,17
8316,1705938612,1705938628,1705938918,1,290,83
8317,1705938694,1705938773,1705942047,1,3274,27
8318,1705938730,1705946819,1705947942,1,1123,90
8319,1705938757,1705938773,1705938819,1,46,19
8320,1705938900,1705938902,1705938939,1,37,15
8321,1705938992,1705938992,1705943977,1,4985,34
8322,1705939010,1705939511,1705944304,1,4793,35
8323,1705939091,1705942207,1706028564,1,86357,99
8324,1705939094,1705942207,1706028564,1,86357,97
8325,1705939395,1705939411,1705939692,1,281,83
8326,1705939443,1705939645,1705944653,1,5008,25
8327,1705939629,1705939690,1705944728,1,5038,21
8328,1705939733,1705982262,1705985896,16,3634,53
8329,1705939733,1705989991,1705993636,16,3645,54
8330,1705939734,1706001111,1706004740,16,3629,55
8331,1705939734,1706030971,1706034615,16,3644,50
8332,1705939734,1706059992,1706063630,16,3638,56
8333,1705939735,1705962321,1705965945,4,3624,29
8334,1705939735,1705966203,1705969846,4,3643,43
8335,1705939735,1705970197,1705973836,4,3639,34
8336,1705939735,1705976201,1705979836,4,3635,54
8337,1705939736,1705981299,1705984936,4,3637,54
8338,1705939736,1705985157,1705988777,4,3620,29
8339,1705939736,1705989991,1705993636,4,3645,30
8340,1705939737,1705969956,1705973596,8,3640,60
8341,1705939737,1705974344,1705977976,8,3632,42
8342,1705939737,1705979972,1705983616,8,3644,44
8343,1705939737,1705983707,1705987336,8,3629,31
8344,1705939738,1705989991,1705993636,8,3645,51
8345,1705939738,1706001598,1706005220,8,3622,75
8346,1705939885,1705940554,1705941782,2,1228,22
8347,1705939907,1705940853,1705940914,1,61,31
8348,1705939926,1705940930,1705945945,1,5015,100
8349,1705940102,1705940107,1705947098,1,6991,47
8350,1705940194,1705940197,1705940282,1,85,49
8351,1705940305,1705940930,1706027378,1,86448,182
8352,1705940305,1705940930,1706014093,1,73163,181
8353,1705940305,1705940930,1706002596,1,61666,194
8354,1705940325,1705940679,1705947871,1,7192,179
8355,1705940455,1705940930,1705940962,1,32,21
8356,1705940538,1705940930,1705945918,1,4988,78
8357,1705940571,1705946819,1705947106,1,287,72
8358,1705940663,1705940930,1705945933,1,5003,90
8359,1705940727,1705940789,1705942023,1,1234,221
8360,1705941203,1705941339,1705942185,1,846,154
8361,1705941349,1705941827,1705949018,1,7191,20
8362,1705941405,1705941446,1705950452,1,9006,26
8363,1705941425,1705941446,1705950452,1,9006,25
8364,1705941647,1705941866,1705948913,1,7047,20
8365,1705941777,1705941797,1705941875,1,78,32
8366,1705941979,1705941980,1705942277,1,297,16
8367,1705941990,1705942044,1705942437,1,393,35
8368,1705941993,1705942453,1705942853,1,400,26
8369,1705941995,1705942869,1705943244,1,375,26
8370,1705942008,1705942009,1705942061,1,52,19
8371,1705942064,1705942070,1705942435,1,365,191
8372,1705942121,1705942123,1705942432,1,309,23
8373,1705942266,1705942267,1705957383,1,15116,70
8374,1705942323,1705942330,1705944121,1,1791,44
8375,1705942467,1705942470,1705942545,1,75,17
8376,1705942491,1705943612,1705950044,1,6432,38
8377,1705942580,1705942618,1705956137,1,13519,46
8378,1705942839,1705942839,1705942879,1,40,31
8379,1705942897,1705944118,1705944861,8,743,55
8380,1705943289,1705943308,1705943595,1,287,119
8381,1705943475,1705943544,1705944334,1,790,83
8382,1705943483,1705944786,1705953794,1,9008,24
8383,1705943495,1705943680,1705943750,1,70,18
8384,1705943574,1705944786,1705953783,1,8997,24
8385,1705943682,1705943831,1705945053,2,1222,23
8386,1705943804,1705946819,1705954069,1,7250,76
8387,1705943834,1705944047,1705949499,1,5452,22
8388,1705943907,1705943908,1705944214,1,306,49
8389,1705943953,1705946819,1705954069,1,7250,26
8390,1705944026,1705944047,1705944110,1,63,17
8391,1705944080,1705944519,1705946343,1,1824,41
8392,1705944136,1705944141,1705948801,1,4660,134
8393,1705944200,1705944243,1705947140,1,2897,49
8394,1705944260,1705944289,1705944320,1,31,20
8395,1705944261,1705946819,1705946899,1,80,75
8396,1705944363,1705944366,1705945864,1,1498,85
8397,1705944575,1705946404,1705947539,1,1135,36
8398,1705944614,1705944645,1705944775,1,130,177
8399,1705944628,1705946819,1705955841,1,9022,25
8400,1705944653,1705944786,1705949798,1,5012,22
8401,1705944656,1705946490,1705947013,1,523,67
8402,1705944684,1705946819,1705946856,1,37,75
8403,1705944685,1705946819,1705946856,1,37,87
8404,1705944685,1705946819,1705946856,1,37,75
8405,1705944728,1705946819,1705951832,1,5013,74
8406,1705944966,1705945141,1705945168,1,27,23
8407,1705944985,1705947000,1705949456,2,2456,102
8408,1705945026,1705947011,1705949477,2,2466,87
8409,1705945064,1705945749,1705948109,16,2360,74
8410,1705945086,1705945186,1705945601,1,415,490
8411,1705945087,1705945141,1705948810,1,3669,22
8412,1705945248,1705945264,1705945552,1,288,52
8413,1705945308,1705945371,1705948118,1,2747,35
8414,1705945363,1705946889,1705947418,4,529,61
8415,1705945470,1705945478,1705945526,1,48,32
8416,1705945481,1705947029,1705954268,1,7239,214
8417,1705945500,1705947664,1705954900,1,7236,220
8418,1705945577,1705946359,1705946464,1,105,30
8419,1705945681,1705945702,1705946030,1,328,123
8420,1705945759,1705947128,1705950452,1,3324,95
8421,1705945771,1705945880,1705946306,1,426,490
8422,1705945786,1705946332,1705946388,1,56,30
8423,1705945836,1705946819,1705946889,1,70,19
8424,1705945838,1705946897,1705946982,2,85,35
8425,1705945918,1705946819,1705951832,1,5013,89
8426,1705945932,1705946819,1705951832,1,5013,89
8427,1705945945,1705946819,1705951818,1,4999,73
8428,1705945972,1705946819,1705988519,1,41700,92
8429,1705945987,1705947382,1705950700,1,3318,23
8430,1705945988,1705946819,1706033201,1,86382,76
8431,1705946259,1705947664,1705950969,1,3305,33
8432,1705946493,1705946918,1705947003,4,85,59
8433,1705946551,1705946820,1706033210,2,86390,111
8434,1705946556,1705946821,1706033211,2,86390,110
8435,1705946626,1705946626,1705947236,1,610,491
8436,1705946670,1705946674,1705946994,1,320,56
8437,1705946686,1705947292,1705948200,1,908,62
8438,1705946734,1705947041,1706033472,1,86431,56
8439,1705947029,1705947041,1705948303,1,1262,61
8440,1705947082,1705947115,1705947188,1,73,45
8441,1705947085,1705947158,1705947275,1,117,46
8442,1705947140,1705947158,1705947219,1,61,25
8443,1705947161,1705947230,1705954447,1,7217,49
8444,1705947180,1705947292,1705947395,1,103,18
8445,1705947294,1705947295,1705948014,1,719,57
8446,1705947313,1705947328,1705947801,1,473,24
8447,1705947659,1705947757,1705969396,1,21639,490
8448,1705947684,1705948859,1705949002,1,143,53
8449,1705947981,1705947984,1705948391,1,407,36
8450,1705947997,1705949024,1705949202,1,178,53
8451,1705948000,1705948001,1705948626,1,625,20
8452,1705948003,1705948030,1705948375,1,345,23
8453,1705948086,1705948240,1705948575,4,335,43
8454,1705948133,1705948133,1705950880,1,2747,34
8455,1705948244,1705948244,1705982909,4,34665,157
8456,1705948302,1705948364,1705948636,1,272,144
8457,1705948326,1705948326,1705948487,2,161,20
8458,1705948346,1705948653,1705948843,1,190,117
8459,1705948367,1705949715,1706002369,16,52654,114
8460,1705948406,1705948407,1705949393,1,986,26
8461,1705948460,1705949246,1705949474,1,228,37
8462,1705948480,1705948480,1705948822,1,342,36
8463,1705948532,1705949491,1705949710,2,219,27
8464,1705948610,1705948615,1705970730,1,22115,280
8465,1705948653,1705948738,1705966928,1,18190,80
8466,1705948699,1705949034,1705950047,1,1013,47
8467,1705948814,1705948817,1705949446,1,629,135
8468,1705948824,1705949715,1705949817,2,102,24
8469,1705948919,1705948930,1705949223,1,293,23
8470,1705948992,1705949833,1705949900,1,67,22
8471,1705949150,1705949218,1705949270,1,52,40
8472,1705949252,1705949286,1705949462,1,176,29
8473,1705949350,1705949470,1705949697,1,227,33
8474,1705949453,1705949470,1705949523,1,53,42
8475,1705949473,1705949597,1705950221,1,624,21
8476,1705949483,1705949597,1705950062,1,465,23
8477,1705949704,1705949728,1705949806,1,78,19
8478,1705949758,1705997244,1706000868,4,3624,74
8479,1705949758,1706007344,1706010983,8,3639,78
8480,1705949798,1705949814,1705954826,1,5012,22
8481,1705949853,1705949856,1705950038,2,182,46
8482,1705949880,1705949881,1705950791,1,910,20
8483,1705949881,1705949908,1705950817,1,909,23
8484,1705949881,1705949917,1705950826,1,909,19
8485,1705949881,1705950096,1705951006,1,910,21
8486,1705949882,1705950096,1705951006,1,910,21
8487,1705949882,1705950096,1705951006,1,910,21
8488,1705949882,1705950096,1705951006,1,910,21
8489,1705949882,1705950096,1705951005,1,909,19
8490,1705949883,1705950096,1705951006,1,910,21
8491,1705949883,1705950096,1705951006,1,910,21
8492,1705949883,1705950096,1705951006,1,910,19
8493,1705949884,1705950096,1705951006,1,910,20
8494,1705949884,1705950096,1705951005,1,909,20
8495,1705949884,1705950096,1705951005,1,909,22
8496,1705949885,1705950096,1705951006,1,910,22
8497,1705949885,1705950096,1705951005,1,909,19
8498,1705949885,1705950096,1705951006,1,910,20
8499,1705949886,1705950096,1705951006,1,910,22
8500,1705949886,1705950096,1705951005,1,909,22
8501,1705949887,1705950096,1705951005,1,909,19
8502,1705949887,1705950096,1705951007,1,911,22
8503,1705949887,1705950096,1705951005,1,909,19
8504,1705949888,1705950221,1705951131,1,910,18
8505,1705949888,1705950344,1705951253,1,909,19
8506,1705949888,1705950344,1705951253,1,909,33
8507,1705949889,1705950221,1705951130,1,909,21
8508,1705949889,1705950221,1705951131,1,910,19
8509,1705949889,1705950344,1705951253,1,909,19
8510,1705949890,1705950221,1705951131,1,910,20
8511,1705949890,1705950221,1705951131,1,910,35
8512,1705949890,1705950221,1705951131,1,910,19
8513,1705949891,1705950221,1705951131,1,910,27
8514,1705949891,1705950222,1705951131,1,909,22
8515,1705949891,1705950222,1705951131,1,909,23
8516,1705949891,1705950344,1705951253,1,909,18
8517,1705949892,1705950344,1705951253,1,909,18
8518,1705949892,1705950344,1705951253,1,909,18
8519,1705949893,1705950344,1705951253,1,909,18
8520,1705949893,1705950344,1705951253,1,909,19
8521,1705949893,1705950344,1705951253,1,909,19
8522,1705949894,1705950344,1705951253,1,909,19
8523,1705949894,1705950344,1705951253,1,909,19
8524,1705949894,1705950344,1705951253,1,909,20
8525,1705949895,1705950589,1705951499,1,910,21
8526,1705949895,1705950589,1705951498,1,909,20
8527,1705949895,1705950467,1705951376,1,909,19
8528,1705949896,1705950467,1705951376,1,909,19
8529,1705949896,1705950467,1705951376,1,909,23
8530,1705949896,1705950467,1705951376,1,909,20
8531,1705949897,1705950467,1705951376,1,909,19
8532,1705949897,1705950467,1705951377,1,910,22
8533,1705949897,1705950467,1705951376,1,909,22
8534,1705949898,1705950467,1705951376,1,909,22
8535,1705949898,1705950467,1705951376,1,909,22
8536,1705949898,1705950467,1705951376,1,909,21
8537,1705949899,1705950589,1705951499,1,910,22
8538,1705949899,1705950589,1705951499,1,910,35
8539,1705949899,1705950589,1705951499,1,910,24
8540,1705949900,1705950589,1705951499,1,910,37
8541,1705949900,1705950589,1705951499,1,910,21
8542,1705949900,1705950589,1705951499,1,910,22
8543,1705949901,1705950589,1705951499,1,910,23
8544,1705949901,1705950589,1705951499,1,910,21
8545,1705949901,1705950589,1705951499,1,910,19
8546,1705949902,1705950589,1705951499,1,910,35
8547,1705949902,1705950712,1705951622,1,910,19
8548,1705949902,1705950834,1705951744,1,910,20
8549,1705949903,1705951080,1705951989,1,909,23
8550,1705949903,1705951080,1705951990,1,910,21
8551,1705949903,1705951080,1705951989,1,909,21
8552,1705949904,1705951080,1705951989,1,909,19
8553,1705949904,1705951080,1705951989,1,909,19
8554,1705949904,1705951080,1705951989,1,909,20
8555,1705949905,1705951080,1705951989,1,909,22
8556,1705949905,1705951080,1705951989,1,909,22
8557,1705949905,1705951080,1705951989,1,909,19
8558,1705949906,1705951080,1705951989,1,909,20
8559,1705949906,1705951080,1705951989,1,909,22
8560,1705949906,1705951080,1705951989,1,909,22
8561,1705949907,1705951329,1705952240,1,911,44
8562,1705949907,1705951207,1705952116,1,909,24
8563,1705949907,1705951207,1705952116,1,909,20
8564,1705949907,1705951207,1705952116,1,909,20
8565,1705949908,1705951207,1705952115,1,908,21
8566,1705949908,1705951207,1705952116,1,909,18
8567,1705949909,1705951207,1705952117,1,910,20
8568,1705949909,1705951207,1705952116,1,909,20
8569,1705949909,1705951207,1705952116,1,909,20
8570,1705949910,1705951207,1705952116,1,909,20
8571,1705949910,1705951207,1705952116,1,909,19
8572,1705949910,1705951207,1705952116,1,909,19
8573,1705949911,1705951329,1705952239,1,910,21
8574,1705949911,1705951329,1705952239,1,910,33
8575,1705949912,1705951329,1705952238,1,909,19
8576,1705949912,1705951329,1705952239,1,910,33
8577,1705949912,1705951329,1705952239,1,910,19
8578,1705949912,1705951329,1705952239,1,910,18
8579,1705949913,1705951329,1705952240,1,911,29
8580,1705949913,1705951329,1705952239,1,910,19
8581,1705949913,1705951329,1705952238,1,909,20
8582,1705949914,1705951329,1705952238,1,909,28
8583,1705949915,1705951329,1705952238,1,909,18
8584,1705949915,1705951452,1705952361,1,909,21
8585,1705949915,1705951452,1705952361,1,909,22
8586,1705949915,1705951452,1705952360,1,908,23
8587,1705949916,1705951452,1705952360,1,908,19
8588,1705949916,1705951452,1705952361,1,909,22
8589,1705949916,1705951452,1705952361,1,909,19
8590,1705949917,1705951452,1705952361,1,909,19
8591,1705949917,1705951452,1705952361,1,909,18
8592,1705949917,1705951452,1705952361,1,909,18
8593,1705949918,1705951452,1705952360,1,908,18
8594,1705949918,1705951452,1705952361,1,909,18
8595,1705949918,1705951452,1705952362,1,910,33
8596,1705949919,1705951574,1705952484,1,910,32
8597,1705949919,1705951574,1705952483,1,909,51
8598,1705949919,1705951574,1705952484,1,910,33
8599,1705949920,1705951574,1705952483,1,909,34
8600,1705949920,1705951574,1705952484,1,910,34
8601,1705949921,1705951574,1705952483,1,909,34
8602,1705949921,1705951574,1705952483,1,909,33
8603,1705949921,1705951574,1705952483,1,909,19
8604,1705949921,1705951574,1705952483,1,909,19
8605,1705949922,1705951574,1705952483,1,909,23
8606,1705949922,1705951574,1705952483,1,909,20
8607,1705949922,1705951574,1705952483,1,909,19
8608,1705949923,1705951696,1705952605,1,909,94
8609,1705949923,1705951696,1705952606,1,910,18
8610,1705949923,1705951696,1705952605,1,909,22
8611,1705949924,1705951696,1705952605,1,909,19
8612,1705949924,1705951696,1705952605,1,909,22
8613,1705949924,1705951696,1705952605,1,909,22
8614,1705949925,1705951696,1705952605,1,909,35
8615,1705949925,1705951696,1705952605,1,909,24
8616,1705949925,1705951696,1705952604,1,908,37
8617,1705949926,1705951696,1705952605,1,909,21
8618,1705949926,1705951696,1705952604,1,908,22
8619,1705949927,1705951696,1705952605,1,909,23
8620,1705949927,1705951818,1705952727,1,909,20
8621,1705949927,1705951818,1705952727,1,909,20
8622,1705949928,1705951818,1705952727,1,909,129
8623,1705949928,1705951818,1705952728,1,910,123
8624,1705949928,1705951818,1705952727,1,909,21
8625,1705949929,1705951818,1705952727,1,909,19
8626,1705949929,1705951818,1705952727,1,909,35
8627,1705949929,1705951818,1705952727,1,909,19
8628,1705949930,1705951818,1705952728,1,910,123
8629,1705949930,1705951818,1705952728,1,910,129
8630,1705949930,1705951818,1705952727,1,909,123
8631,1705949931,1705951818,1705952728,1,910,123
8632,1705949931,1705951941,1705952850,1,909,34
8633,1705949931,1705951941,1705952850,1,909,35
8634,1705949931,1705951941,1705952851,1,910,18
8635,1705949932,1705951941,1705952850,1,909,18
8636,1705949932,1705951941,1705952850,1,909,20
8637,1705949933,1705951941,1705952851,1,910,19
8638,1705949933,1705951941,1705952851,1,910,19
8639,1705949933,1705951941,1705952851,1,910,20
8640,1705949934,1705951941,1705952850,1,909,20
8641,1705949934,1705951941,1705952850,1,909,19
8642,1705949934,1705952187,1705953096,1,909,20
8643,1705949934,1705952064,1705952974,1,910,18
8644,1705949935,1705952187,1705953096,1,909,20
8645,1705949935,1705952064,1705952973,1,909,23
8646,1705949935,1705952064,1705952973,1,909,45
8647,1705949936,1705952187,1705953096,1,909,20
8648,1705949936,1705952064,1705952973,1,909,21
8649,1705949936,1705952064,1705952973,1,909,21
8650,1705949937,1705952187,1705953095,1,908,21
8651,1705949937,1705952187,1705953096,1,909,18
8652,1705949937,1705952187,1705953096,1,909,19
8653,1705949938,1705952187,1705953096,1,909,19
8654,1705949938,1705952187,1705953097,1,910,19
8655,1705949939,1705952187,1705953096,1,909,19
8656,1705949939,1705952187,1705953096,1,909,20
8657,1705949939,1705952187,1705953096,1,909,20
8658,1705949940,1705952187,1705953096,1,909,20
8659,1705949940,1705952310,1705953219,1,909,19
8660,1705949940,1705952310,1705953219,1,909,18
8661,1705949940,1705952310,1705953219,1,909,42
8662,1705949941,1705952310,1705953219,1,909,40
8663,1705949941,1705952310,1705953219,1,909,20
8664,1705949941,1705952310,1705953218,1,908,20
8665,1705949942,1705952310,1705953219,1,909,18
8666,1705949942,1705952310,1705953219,1,909,33
8667,1705949942,1705952310,1705953219,1,909,41
8668,1705949943,1705952310,1705953219,1,909,24
8669,1705949943,1705952310,1705953219,1,909,17
8670,1705949943,1705952310,1705953220,1,910,17
8671,1705949944,1705952432,1705953341,1,909,19
8672,1705949944,1705952432,1705953342,1,910,33
8673,1705949944,1705952432,1705953341,1,909,19
8674,1705949945,1705952432,1705953342,1,910,22
8675,1705949945,1705952432,1705953342,1,910,21
8676,1705949945,1705952432,1705953342,1,910,34
8677,1705949946,1705952432,1705953342,1,910,20
8678,1705949946,1705952432,1705953341,1,909,22
8679,1705949946,1705952432,1705953341,1,909,23
8680,1705949947,1705952432,1705953341,1,909,19
8681,1705949947,1705952432,1705953341,1,909,22
8682,1705949947,1705952432,1705953342,1,910,19
8683,1705949948,1705952683,1705953592,1,909,18
8684,1705949948,1705952561,1705953470,1,909,16
8685,1705949948,1705952561,1705953470,1,909,19
8686,1705949949,1705952561,1705953470,1,909,20
8687,1705949949,1705952561,1705953470,1,909,28
8688,1705949949,1705952561,1705953470,1,909,18
8689,1705949950,1705952561,1705953470,1,909,18
8690,1705949950,1705952561,1705953470,1,909,18
8691,1705949950,1705952561,1705953471,1,910,18
8692,1705949950,1705952561,1705953471,1,910,18
8693,1705949951,1705952561,1705953471,1,910,19
8694,1705949951,1705952561,1705953471,1,910,19
8695,1705949951,1705950057,1705950438,1,381,135
8696,1705949951,1705952683,1705953592,1,909,19
8697,1705949952,1705952683,1705953592,1,909,18
8698,1705949952,1705952683,1705953592,1,909,22
8699,1705949952,1705952683,1705953592,1,909,24
8700,1705949953,1705952683,1705953592,1,909,37
8701,1705949953,1705952683,1705953592,1,909,21
8702,1705949954,1705952683,1705953591,1,908,22
8703,1705949954,1705952683,1705953592,1,909,23
8704,1705949954,1705952683,1705953592,1,909,33
8705,1705949955,1705952683,1705953592,1,909,33
8706,1705949955,1705952683,1705953593,1,910,33
8707,1705949955,1705952808,1705953718,1,910,17
8708,1705949956,1705952808,1705953718,1,910,20
8709,1705949956,1705952808,1705953718,1,910,20
8710,1705949956,1705952808,1705953718,1,910,20
8711,1705949957,1705952808,1705953718,1,910,20
8712,1705949957,1705952808,1705953718,1,910,20
8713,1705949957,1705952808,1705953717,1,909,20
8714,1705949958,1705952808,1705953718,1,910,20
8715,1705949958,1705952808,1705953718,1,910,21
8716,1705949958,1705952808,1705953718,1,910,19
8717,1705949959,1705952808,1705953718,1,910,35
8718,1705949959,1705952808,1705953718,1,910,19
8719,1705949959,1705952817,1705953726,1,909,22
8720,1705949959,1705952817,1705953726,1,909,34
8721,1705949960,1705952817,1705953726,1,909,34
8722,1705949960,1705952817,1705953726,1,909,34
8723,1705949960,1705952817,1705953727,1,910,33
8724,1705949961,1705952817,1705953726,1,909,33
8725,1705949961,1705952817,1705953725,1,908,33
8726,1705949962,1705952817,1705953726,1,909,33
8727,1705949962,1705952817,1705953727,1,910,28
8728,1705949962,1705952817,1705953726,1,909,20
8729,1705949963,1705952817,1705953726,1,909,19
8730,1705949963,1705952817,1705953727,1,910,18
8731,1705949963,1705952817,1705953726,1,909,33
8732,1705949963,1705952817,1705953726,1,909,32
8733,1705949964,1705952817,1705953726,1,909,33
8734,1705949964,1705952817,1705953726,1,909,33
8735,1705949965,1705952817,1705953726,1,909,33
8736,1705949965,1705952817,1705953726,1,909,33
8737,1705949965,1705952817,1705953726,1,909,33
8738,1705949966,1705952817,1705953726,1,909,29
8739,1705949966,1705952817,1705953726,1,909,32
8740,1705949966,1705952817,1705953726,1,909,33
8741,1705949967,1705952817,1705953726,1,909,33
8742,1705949967,1705952817,1705953726,1,909,33
8743,1705949968,1705952817,1705953727,1,910,33
8744,1705949968,1705952817,1705953727,1,910,33
8745,1705949968,1705952817,1705953727,1,910,32
8746,1705949969,1705952817,1705953726,1,909,33
8747,1705949969,1705952817,1705953726,1,909,118
8748,1705949969,1705952817,1705953726,1,909,35
8749,1705949969,1705952867,1705953775,1,908,34
8750,1705949970,1705952867,1705953775,1,908,20
8751,1705949970,1705952867,1705953775,1,908,20
8752,1705949970,1705952867,1705953776,1,909,20
8753,1705949973,1705952867,1705953776,1,909,18
8754,1705949973,1705952867,1705953776,1,909,19
8755,1705949973,1705952867,1705953776,1,909,18
8756,1705949974,1705952869,1705953777,1,908,19
8757,1705949974,1705952870,1705953778,1,908,19
8758,1705949974,1705952979,1705953889,1,910,19
8759,1705949975,1705952979,1705953889,1,910,20
8760,1705949975,1705952980,1705953889,1,909,19
8761,1705949978,1705952980,1705953889,1,909,19
8762,1705949979,1705952980,1705953888,1,908,19
8763,1705949979,1705952980,1705953888,1,908,19
8764,1705949979,1705952983,1705953892,1,909,20
8765,1705949980,1705952983,1705953892,1,909,20
8766,1705949980,1705952983,1705953892,1,909,20
8767,1705949980,1705952983,1705953891,1,908,20
8768,1705949981,1705952983,1705953892,1,909,20
8769,1705949981,1705952983,1705953892,1,909,20
8770,1705949981,1705952983,1705953891,1,908,20
8771,1705949981,1705952983,1705953892,1,909,21
8772,1705949982,1705952989,1705953898,1,909,45
8773,1705949982,1705952989,1705953898,1,909,21
8774,1705949982,1705952989,1705953898,1,909,21
8775,1705949983,1705952990,1705953899,1,909,18
8776,1705949983,1705953112,1705954021,1,909,18
8777,1705949984,1705953112,1705954022,1,910,20
8778,1705949984,1705953113,1705954021,1,908,20
8779,1705949984,1705953113,1705954022,1,909,19
8780,1705949985,1705953113,1705954021,1,908,19
8781,1705949985,1705953114,1705954023,1,909,55
8782,1705949985,1705953114,1705954022,1,908,19
8783,1705949985,1705953133,1705954043,1,910,60
8784,1705949986,1705953133,1705954043,1,910,55
8785,1705949986,1705953133,1705954043,1,910,57
8786,1705949986,1705953140,1705954049,1,909,59
8787,1705949987,1705953140,1705954050,1,910,60
8788,1705949987,1705953229,1705954137,1,908,56
8789,1705949987,1705953243,1705954151,1,908,18
8790,1705949988,1705953243,1705954152,1,909,42
8791,1705949988,1705953243,1705954151,1,908,40
8792,1705949988,1705953243,1705954151,1,908,20
8793,1705949989,1705953243,1705954151,1,908,20
8794,1705949989,1705953243,1705954151,1,908,60
8795,1705949990,1705953243,1705954151,1,908,18
8796,1705949990,1705953243,1705954151,1,908,33
8797,1705949990,1705953243,1705954151,1,908,41
8798,1705949991,1705953243,1705954151,1,908,24
8799,1705949991,1705953243,1705954151,1,908,17
8800,1705949991,1705953347,1705954257,1,910,53
8801,1705949992,1705953347,1705954256,1,909,73
8802,1705949992,1705953362,1705954270,1,908,19
8803,1705949992,1705953362,1705954271,1,909,33
8804,1705949993,1705953362,1705954270,1,908,19
8805,1705949993,1705953362,1705954270,1,908,22
8806,1705949993,1705953362,1705954271,1,909,21
8807,1705949994,1705953362,1705954270,1,908,34
8808,1705949994,1705953362,1705954270,1,908,20
8809,1705949994,1705953362,1705954270,1,908,22
8810,1705949995,1705953362,1705954270,1,908,23
8811,1705949995,1705953362,1705954270,1,908,19
8812,1705949995,1705953482,1705954391,1,909,27
8813,1705949996,1705953482,1705954393,1,911,23
8814,1705949996,1705953482,1705954390,1,908,22
8815,1705949996,1705953482,1705954391,1,909,19
8816,1705949997,1705953492,1705954400,1,908,16
8817,1705949997,1705953492,1705954400,1,908,19
8818,1705949997,1705953492,1705954400,1,908,20
8819,1705949997,1705953492,1705954400,1,908,28
8820,1705949998,1705953492,1705954400,1,908,18
8821,1705949998,1705953492,1705954400,1,908,18
8822,1705949998,1705953492,1705954400,1,908,19
8823,1705949999,1705953604,1705954513,1,909,18
8824,1705949999,1705953608,1705954516,1,908,22
8825,1705949999,1705953608,1705954517,1,909,21
8826,1705950000,1705953609,1705954517,1,908,33
8827,1705950000,1705953609,1705954517,1,908,33
8828,1705950000,1705953609,1705954517,1,908,18
8829,1705950001,1705953609,1705954517,1,908,23
8830,1705950001,1705953609,1705954517,1,908,19
8831,1705950002,1705953609,1705954517,1,908,37
8832,1705950002,1705953609,1705954518,1,909,18
8833,1705950002,1705953609,1705954517,1,908,24
8834,1705950002,1705953609,1705954518,1,909,33
8835,1705950003,1705953724,1705954633,1,909,22
8836,1705950003,1705953724,1705954633,1,909,19
8837,1705950003,1705953724,1705954632,1,908,18
8838,1705950004,1705953724,1705954632,1,908,18
8839,1705950004,1705953734,1705954642,1,908,19
8840,1705950004,1705953734,1705954643,1,909,19
8841,1705950005,1705953734,1705954643,1,909,20
8842,1705950005,1705953734,1705954643,1,909,17
8843,1705950005,1705953734,1705954643,1,909,20
8844,1705950006,1705953735,1705954643,1,908,19
8845,1705950006,1705953735,1705954643,1,908,35
8846,1705950006,1705953735,1705954643,1,908,20
8847,1705950007,1705953735,1705954644,1,909,20
8848,1705950007,1705953735,1705954644,1,909,20
8849,1705950007,1705953735,1705954644,1,909,20
8850,1705950008,1705953735,1705954644,1,909,21
8851,1705950008,1705953742,1705954650,1,908,33
8852,1705950008,1705953742,1705954650,1,908,34
8853,1705950009,1705953742,1705954650,1,908,33
8854,1705950009,1705953742,1705954650,1,908,33
8855,1705950010,1705953742,1705954650,1,908,33
8856,1705950010,1705953742,1705954651,1,909,33
8857,1705950010,1705953742,1705954650,1,908,118
8858,1705950011,1705953742,1705954651,1,909,19
8859,1705950011,1705953742,1705954651,1,909,33
8860,1705950011,1705953742,1705954651,1,909,29
8861,1705950012,1705953742,1705954651,1,909,34
8862,1705950012,1705953742,1705954651,1,909,34
8863,1705950012,1705953743,1705954651,1,908,20
8864,1705950013,1705953743,1705954651,1,908,33
8865,1705950013,1705953743,1705954651,1,908,22
8866,1705950013,1705953743,1705954651,1,908,32
8867,1705950014,1705953743,1705954651,1,908,33
8868,1705950014,1705953743,1705954652,1,909,33
8869,1705950014,1705953743,1705954651,1,908,33
8870,1705950015,1705953743,1705954651,1,908,33
8871,1705950015,1705953743,1705954652,1,909,28
8872,1705950015,1705953743,1705954652,1,909,33
8873,1705950016,1705953743,1705954652,1,909,33
8874,1705950016,1705953743,1705954652,1,909,32
8875,1705950016,1705953743,1705954652,1,909,32
8876,1705950017,1705953743,1705954652,1,909,33
8877,1705950017,1705953791,1705954700,1,909,33
8878,1705950017,1705953791,1705954700,1,909,33
8879,1705950018,1705953791,1705954700,1,909,35
8880,1705950018,1705953792,1705954700,1,908,20
8881,1705950018,1705953792,1705954702,1,910,20
8882,1705950019,1705953792,1705954702,1,910,18
8883,1705950037,1705952817,1705953460,2,643,27
8884,1705950063,1705950096,1705965050,2,14954,134
8885,1705950067,1705950078,1705950949,1,871,23
8886,1705950089,1705953950,1705953980,1,30,17
8887,1705950090,1705953950,1705953980,1,30,19
8888,1705950090,1705953950,1705953980,1,30,17
8889,1705950090,1705953950,1705953980,1,30,17
8890,1705950091,1705953950,1705953980,1,30,18
8891,1705950091,1705953950,1705953980,1,30,19
8892,1705950091,1705953951,1705953980,1,29,18
8893,1705950092,1705953951,1705953981,1,30,19
8894,1705950092,1705953951,1705953981,1,30,18
8895,1705950092,1705953951,1705953981,1,30,19
8896,1705950093,1705953952,1705953981,1,29,18
8897,1705950093,1705953952,1705953982,1,30,19
8898,1705950093,1705953953,1705953982,1,29,19
8899,1705950095,1705953954,1705953984,1,30,19
8900,1705950095,1705953961,1705953990,1,29,45
8901,1705950104,1705954007,1705954037,1,30,21
8902,1705950104,1705954008,1705954037,1,29,21
8903,1705950104,1705954008,1705954037,1,29,19
8904,1705950106,1705954066,1705954095,1,29,17
8905,1705950106,1705954066,1705954095,1,29,17
8906,1705950107,1705954066,1705954095,1,29,22
8907,1705950108,1705954066,1705954096,1,30,17
8908,1705950108,1705954066,1705954095,1,29,44
8909,1705950108,1705954066,1705954096,1,30,18
8910,1705950110,1705954066,1705954095,1,29,19
8911,1705950110,1705954066,1705954095,1,29,19
8912,1705950110,1705954066,1705954095,1,29,19
8913,1705950111,1705954066,1705954096,1,30,19
8914,1705950111,1705954066,1705954096,1,30,19
8915,1705950111,1705954066,1705954095,1,29,21
8916,1705950112,1705954066,1705954095,1,29,21
8917,1705950112,1705954066,1705954096,1,30,19
8918,1705950113,1705954066,1705954096,1,30,19
8919,1705950113,1705954066,1705954095,1,29,18
8920,1705950113,1705954066,1705954096,1,30,19
8921,1705950114,1705954066,1705954095,1,29,22
8922,1705950114,1705954066,1705954096,1,30,18
8923,1705950114,1705954066,1705954096,1,30,18
8924,1705950114,1705954066,1705954096,1,30,19
8925,1705950115,1705954066,1705954096,1,30,20
8926,1705950115,1705954066,1705954095,1,29,19
8927,1705950115,1705954066,1705954095,1,29,19
8928,1705950116,1705954066,1705954096,1,30,19
8929,1705950116,1705954066,1705954096,1,30,19
8930,1705950117,1705954066,1705954095,1,29,19
8931,1705950117,1705954066,1705954095,1,29,20
8932,1705950117,1705954066,1705954095,1,29,20
8933,1705950117,1705954066,1705954096,1,30,23
8934,1705950149,1705950153,1705950547,1,394,47
8935,1705950150,1705950153,1705950547,1,394,59
8936,1705950150,1705950153,1705950547,1,394,45
8937,1705950150,1705950159,1705950547,1,388,46
8938,1705950257,1705950342,1705955771,1,5429,20
8939,1705950293,1705950563,1705957782,1,7219,24
8940,1705950307,1705950563,1705950636,1,73,20
8941,1705950452,1705950588,1705959616,1,9028,24
8942,1705950452,1705950465,1705959469,1,9004,48
8943,1705950645,1705950956,1705952797,1,1841,23
8944,1705950702,1705950711,1705959420,1,8709,61
8945,1705950726,1705951078,1705958217,4,7139,61
8946,1705950961,1705951079,1705951631,1,552,253
8947,1705950964,1705951078,1705953493,1,2415,26
8948,1705950990,1705951079,1705951284,1,205,25
8949,1705951022,1705951078,1705958269,1,7191,218
8950,1705951080,1705951205,1705951662,1,457,226
8951,1705951087,1705951328,1705954058,1,2730,36
8952,1705951393,1705951451,1705951934,1,483,138
8953,1705951818,1705951940,1705956931,1,4991,26
8954,1705951832,1705951940,1705956951,1,5011,23
8955,1705951832,1705952185,1705957226,1,5041,37
8956,1705951832,1705951940,1705956951,1,5011,22
8957,1705952000,1705952005,1705955655,1,3650,152
8958,1705952096,1705952185,1705952555,1,370,273
8959,1705952124,1705977962,1705996720,16,18758,179
8960,1705952155,1705977962,1705996592,16,18630,136
8961,1705952374,1705952431,1705966114,1,13683,54
8962,1705952477,1705952561,1705956911,4,4350,35
8963,1705952477,1705952561,1705956913,4,4352,26
8964,1705952519,1705952560,1705952911,1,351,32
8965,1705952829,1705952867,1705960924,1,8057,146
8966,1705952898,1705952928,1705956612,1,3684,226
8967,1705952976,1705958236,1705972159,1,13923,36
8968,1705953095,1705953112,1706037744,4,84632,26
8969,1705953119,1705953133,1705953183,1,50,20
8970,1705953258,1705953261,1705953643,1,382,56
8971,1705953751,1705953752,1705955565,1,1813,32
8972,1705953783,1705953791,1705962795,1,9004,39
8973,1705953794,1705953794,1705962770,1,8976,24
8974,1705953878,1705953878,1705959387,1,5509,179
8975,1705953986,1705977962,1705997827,16,19865,166
8976,1705954017,1705979971,1705998563,16,18592,150
8977,1705954069,1705954084,1705961333,1,7249,26
8978,1705954069,1705954084,1705961334,1,7250,26
8979,1705954115,1705954137,1705954389,1,252,93
8980,1705954775,1705954775,1705954888,1,113,17
8981,1705954826,1705954847,1705959860,1,5013,22
8982,1705954833,1705954833,1705956676,1,1843,22
8983,1705955089,1705955089,1705955118,1,29,18
8984,1705955090,1705955093,1705957546,1,2453,124
8985,1705955118,1705955130,1705955222,1,92,45
8986,1705955225,1705955228,1705955253,2,25,20
8987,1705955320,1705955320,1705955729,1,409,59
8988,1705955354,1705955355,1705955742,1,387,55
8989,1705955355,1705955355,1705955742,1,387,44
8990,1705955355,1705955372,1705955772,1,400,44
8991,1705955355,1705955372,1705955772,1,400,46
8992,1705955373,1705966039,1705970853,80,4814,287
8993,1705955373,1705970873,1705977942,80,7069,287
8994,1705955374,1705983800,1705987639,80,3839,360
8995,1705955374,1705992421,1706014047,80,21626,284
8996,1705955381,1705955384,1705955463,1,79,56
8997,1705955524,1705955524,1705958435,1,2911,32
8998,1705955687,1705955689,1705955717,1,28,152
8999,1705955717,1705955727,1705955980,1,253,128
9000,1705955735,1705955738,1705968889,1,13151,37
9001,1705955841,1705955856,1705964881,1,9025,24
9002,1705955848,1706042210,1706062561,16,20351,149
9003,1705955862,1705955862,1705961026,1,5164,18
9004,1705955907,1705955907,1705956061,1,154,18
9005,1705955921,1705955937,1705958078,1,2141,215
9006,1705955941,1705955941,1705956015,1,74,44
9007,1705956082,1705956082,1705962966,1,6884,186
9008,1705956131,1705956131,1705959392,1,3261,295
9009,1705956175,1705956176,1705976418,1,20242,32
9010,1705956177,1705956180,1705976408,1,20228,33
9011,1705956178,1705956204,1705976387,1,20183,46
9012,1705956227,1705956230,1705957907,1,1677,20
9013,1705956244,1705956256,1705956383,1,127,17
9014,1705956257,1705956260,1705956385,1,125,17
9015,1705956507,1705956509,1706012500,1,55991,29
9016,1705956509,1705956509,1706012779,1,56270,29
9017,1705956510,1705956652,1706012296,1,55644,44
9018,1705956511,1705956693,1706012601,1,55908,33
9019,1705956512,1705956733,1706010029,1,53296,45
9020,1705956513,1705956978,1706009944,1,52966,47
9021,1705956514,1705956978,1706010664,1,53686,30
9022,1705956515,1705956978,1706010541,1,53563,30
9023,1705956516,1705956999,1706010473,1,53474,56
9024,1705956517,1705957039,1706012780,1,55741,30
9025,1705956547,1705957039,1706012722,1,55683,40
9026,1705956548,1705957039,1706010550,1,53511,31
9027,1705956924,1705956947,1705958776,1,1829,26
9028,1705956931,1705956968,1705961961,1,4993,22
9029,1705956951,1705956969,1705961961,1,4992,24
9030,1705956951,1705956978,1705961989,1,5011,25
9031,1705957225,1705957231,1705962254,1,5023,22
9032,1705957341,1705957342,1705957519,1,177,19
9033,1705957370,1705957371,1705957481,1,110,18
9034,1705957371,1705957383,1705957481,1,98,18
9035,1705957371,1705957383,1705957481,1,98,117
9048,1705957374,1705957468,1705957915,4,447,126
9049,1705957374,1705957468,1705957853,4,385,25
9036,1705957382,1705957489,1705957535,1,46,28
9037,1705957382,1705957489,1705957534,1,45,31
9038,1705957383,1705957489,1705957540,1,51,17
9039,1705957391,1706122062,1706143699,1,21637,164
9040,1705957393,1705957545,1705957597,1,52,19
9041,1705957394,1705957545,1705957585,1,40,117
9042,1705957394,1705957545,1705957585,1,40,18
9043,1705957405,1705957545,1705957585,1,40,18
9044,1705957405,1705957604,1705957645,1,41,18
9045,1705957406,1705957604,1705957645,1,41,17
9046,1705957417,1705957592,1705957634,1,42,31
9047,1705957428,1705957592,1705957634,1,42,18
9050,1705957485,1705957853,1705957892,1,39,18
9051,1705957587,1705957604,1705957848,1,244,229
9052,1705957773,1705957778,1705958552,1,774,37
9053,1705957791,1705957818,1705958067,1,249,139
9054,1705957804,1705957807,1706026447,1,68640,49
9055,1705957971,1705957971,1705957999,10,28,23
9056,1705957993,1705962321,1705962804,4,483,45
9057,1705957993,1705958074,1706012753,4,54679,36
9059,1705957993,1705958317,1706012753,4,54436,27
9060,1705957993,1705958317,1706012753,4,54436,28
9065,1705957993,1705958801,1705959262,4,461,27
9058,1705958245,1705958245,1705958322,1,77,18
9061,1705958352,1705958352,1705958414,1,62,21
9062,1705958640,1705958645,1705958851,1,206,21
9063,1705958754,1705958762,1705962402,1,3640,44
9064,1705958784,1705958786,1705962436,1,3650,20
9066,1705958855,1705958869,1705958917,1,48,21
9067,1705958922,1705958923,1705967078,1,8155,30
9068,1705959028,1705959029,1706039000,1,79971,21
9069,1705959029,1705959029,1706039111,1,80082,23
9070,1705959029,1705959033,1706039040,1,80007,25
9071,1705959029,1705959033,1706039105,1,80072,25
9072,1705959030,1705959033,1706039090,1,80057,25
9073,1705959030,1705959033,1706039089,1,80056,25
9074,1705959030,1705959033,1706039318,1,80285,24
9075,1705959031,1705959033,1706039082,1,80049,25
9076,1705959031,1705959033,1706039146,1,80113,25
9077,1705959031,1705959033,1706038980,1,79947,22
9078,1705959032,1705959033,1706039142,1,80109,22
9079,1705959032,1705959033,1706039029,1,79996,22
9080,1705959032,1705959033,1706039246,1,80213,35
9081,1705959033,1705959033,1706038992,1,79959,34
9082,1705959033,1705959037,1706039074,1,80037,35
9083,1705959033,1705959037,1706039057,1,80020,34
9084,1705959034,1705959037,1706038854,1,79817,35
9085,1705959034,1705959037,1706039189,1,80152,35
9086,1705959034,1705959037,1706039120,1,80083,34
9087,1705959035,1705959037,1706039047,1,80010,35
9088,1705959035,1705959037,1706038702,1,79665,35
9089,1705959035,1705959037,1706039067,1,80030,34
9090,1705959036,1705959037,1706039269,1,80232,34
9091,1705959036,1705959037,1706039233,1,80196,36
9092,1705959036,1705959281,1706039128,1,79847,26
9093,1705959040,1705959416,1706039269,1,79853,43
9094,1705959041,1705959437,1706039480,1,80043,56
9095,1705959041,1705959449,1706039338,1,79889,172
9096,1705959041,1705959984,1706039790,1,79806,25
9097,1705959042,1705960819,1706040741,1,79922,23
9098,1705959042,1705960819,1706041027,1,80208,23
9099,1705959042,1705960819,1706040780,1,79961,42
9100,1705959043,1705960819,1706040934,1,80115,42
9101,1705959043,1705960819,1706040896,1,80077,21
9102,1705959044,1705960819,1706040797,1,79978,20
9103,1705959044,1705960825,1706040912,1,80087,27
9104,1705959044,1705960825,1706040982,1,80157,20
9105,1705959045,1705960825,1706040849,1,80024,21
9106,1705959045,1705960877,1706040825,1,79948,32
9107,1705959045,1705960877,1706040695,1,79818,21
9108,1705959046,1705961355,1706041440,1,80085,38
9109,1705959046,1705961355,1706041564,1,80209,37
9110,1705959047,1705961629,1706041685,1,80056,19
9111,1705959047,1705961715,1706041789,1,80074,27
9112,1705959047,1705962200,1706042235,1,80035,35
9113,1705959048,1705962200,1706042025,1,79825,35
9114,1705959048,1705962200,1706042009,1,79809,35
9115,1705959048,1705962200,1706042377,1,80177,19
9116,1705959049,1705962200,1706042193,1,79993,35
9117,1705959049,1705962200,1706041889,1,79689,35
9118,1705959070,1705959281,1705996122,1,36841,25
9119,1705959087,1705959103,1705959302,1,199,20
9120,1705959154,1705959155,1705959209,1,54,17
9121,1705959166,1705959281,1705995935,1,36654,24
9122,1705959204,1705959208,1705959283,1,75,21
9123,1705959212,1705959223,1705959314,1,91,33
9124,1705959223,1705959281,1705994987,1,35706,23
9125,1705959273,1705959274,1705959483,1,209,23
9126,1705959421,1705959425,1705959512,1,87,47
9127,1705959469,1705959499,1705968531,1,9032,47
9128,1705959506,1705959506,1705961912,1,2406,18
9129,1705959558,1705959559,1705959793,1,234,115
9130,1705959583,1705959584,1705959616,1,32,18
9131,1705959616,1705959636,1705968657,1,9021,24
9132,1705959676,1705962321,1706016356,1,54035,28
9133,1705959678,1705959681,1705959751,1,70,21
9134,1705959681,1705959685,1705959770,1,85,31
9135,1705959731,1705962321,1706016356,1,54035,47
9136,1705959860,1705959876,1705964881,1,5005,22
9137,1705959884,1705959885,1705959968,1,83,17
9138,1705960002,1706040002,1706045299,1,5297,79
9139,1705960002,1706040141,1706053568,1,13427,75
9140,1705960013,1706042209,1706057109,1,14900,90
9141,1705960013,1706042209,1706056320,1,14111,76
9142,1705960024,1706042209,1706056419,1,14210,76
9143,1705960024,1706042209,1706058461,1,16252,75
9144,1705960025,1706042209,1706058227,1,16018,75
9145,1705960035,1706042209,1706056278,1,14069,75
9146,1705960036,1706042209,1706057521,1,15312,76
9147,1705960036,1706042209,1706056513,1,14304,79
9148,1705960037,1706042209,1706056649,1,14440,74
9149,1705960037,1706042209,1706056431,1,14222,90
9150,1705960038,1706042209,1706057960,1,15751,86
9151,1705960038,1706042209,1706057795,1,15586,76
9152,1705960039,1706042209,1706057072,1,14863,90
9153,1705960039,1706042209,1706057450,1,15241,90
9154,1705960040,1706042209,1706059146,1,16937,90
9155,1705960040,1706042209,1706056046,1,13837,75
9156,1705960041,1706042209,1706057059,1,14850,165
9157,1705960041,1706042209,1706056406,1,14197,90
9158,1705960042,1706042209,1706057266,1,15057,75
9159,1705960042,1706042209,1706057457,1,15248,89
9160,1705960043,1706042209,1706057447,1,15238,75
9161,1705960043,1706042209,1706056316,1,14107,76
9162,1705960044,1706042209,1706056973,1,14764,79
9163,1705960044,1706042209,1706056957,1,14748,86
9164,1705960045,1706042209,1706055566,1,13357,75
9165,1705960045,1705960047,1705960112,1,65,20
9166,1705960045,1706042209,1706057110,1,14901,94
9167,1705960046,1706042209,1706056433,1,14224,78
9168,1705960046,1706042209,1706057091,1,14882,79
9169,1705960047,1706042209,1706057175,1,14966,79
9170,1705960047,1706042209,1706058004,1,15795,78
9171,1705960048,1706042209,1706059163,1,16954,76
9172,1705960048,1706042209,1706059306,1,17097,77
9173,1705960049,1706042209,1706055942,1,13733,74
9174,1705960049,1706042209,1706057403,1,15194,77
9175,1705960050,1706042209,1706056813,1,14604,76
9176,1705960050,1706042209,1706056722,1,14513,77
9177,1705960051,1706042209,1706060107,1,17898,76
9178,1705960051,1706042209,1706058415,1,16206,77
9179,1705960052,1706042209,1706056786,1,14577,79
9180,1705960052,1706042209,1706056280,1,14071,76
9181,1705960053,1706042209,1706057177,1,14968,77
9182,1705960053,1706042209,1706056901,1,14692,90
9183,1705960054,1706042209,1706057128,1,14919,76
9184,1705960054,1706042209,1706057169,1,14960,78
9185,1705960055,1706042209,1706057713,1,15504,76
9186,1705960055,1706042210,1706057812,1,15602,77
9187,1705960056,1706042210,1706057279,1,15069,77
9188,1705960056,1706042210,1706056440,1,14230,78
9189,1705960057,1706042210,1706056757,1,14547,76
9190,1705960057,1706042210,1706057593,1,15383,76
9191,1705960083,1705960090,1705960174,1,84,21
9192,1705960327,1705960343,1705960603,1,260,134
9193,1705960449,1705960819,1705961612,1,793,22
9194,1705960525,1705960542,1705960742,1,200,46
9195,1705960737,1705960737,1705961374,1,637,48
9196,1705960888,1705960888,1705960953,1,65,21
9197,1705960939,1705960945,1705961929,1,984,146
9198,1705961030,1705961043,1705965503,1,4460,27
9199,1705961035,1705961035,1705961063,1,28,21
9200,1705961063,1705961091,1705961330,1,239,133
9201,1705961160,1705961352,1705962872,1,1520,87
9202,1705961328,1705961352,1705961462,1,110,26
9203,1705961333,1705961355,1705968593,1,7238,138
9204,1705961333,1705961355,1705968593,1,7238,39
9205,1705961379,1705961551,1705961697,1,146,27
9206,1705961450,1705961497,1705961535,2,38,56
9207,1705961605,1705961605,1705962112,1,507,34
9208,1705961616,1705961622,1705961857,1,235,78
9209,1705961787,1705961789,1705962058,1,269,170
9210,1705961951,1705961951,1705962193,1,242,140
9211,1705961961,1705961977,1705966962,1,4985,22
9212,1705961961,1705961979,1705966962,1,4983,24
9213,1705961989,1705962200,1705967216,1,5016,36
9214,1705961989,1705962005,1706034972,1,72967,136
9215,1705962056,1705962201,1705962297,1,96,17
9216,1705962057,1705962060,1705962301,1,241,164
9217,1705962083,1705962201,1706048634,1,86433,152
9218,1705962108,1705962109,1705962327,1,218,170
9219,1705962190,1705962200,1705962434,1,234,26
9220,1705962204,1705962204,1705965823,1,3619,137
9221,1705962218,1705962237,1705965883,1,3646,39
9222,1705962254,1705962266,1705967282,1,5016,20
9223,1705962303,1705962304,1705962434,1,130,68
9224,1705962334,1705962334,1705964581,1,2247,23
9225,1705962350,1705962441,1706042744,2,80303,61
9226,1705962420,1705962441,1705964315,1,1874,200
9227,1705962452,1705962453,1705962558,1,105,19
9228,1705962548,1705962549,1705962625,1,76,61
9229,1705962557,1705962558,1705963014,1,456,53
9230,1705962618,1705962618,1705962723,1,105,110
9231,1705962665,1706123437,1706127285,16,3848,239
9232,1705962751,1705962751,1705962826,1,75,41
9233,1705962757,1705962757,1705962795,2,38,20
9234,1705962770,1705962777,1705971773,1,8996,25
9235,1705962795,1705962812,1705971812,1,9000,23
9236,1705962833,1705962834,1705963456,1,622,312
9237,1705963176,1705963177,1705963433,1,256,21
9238,1705963187,1705963188,1705963280,1,92,33
9239,1705963315,1705963317,1705964806,1,1489,99
9240,1705963322,1705963322,1705963377,1,55,17
9241,1705963387,1705963389,1705967023,1,3634,69
9242,1705963413,1705963413,1705967053,1,3640,26
9243,1705963538,1705963543,1705963599,1,56,104
9244,1705963588,1705963598,1705964002,1,404,127
9245,1705963611,1705963612,1705963688,1,76,56
9246,1705963627,1705964027,1706012742,4,48715,54
9247,1705963627,1705963652,1706012742,4,49090,43
9248,1705963960,1705963960,1705964037,1,77,21
9249,1705963974,1705963977,1705964626,1,649,293
9250,1705963993,1705964027,1705964067,1,40,104
9251,1705963996,1705964027,1705964230,1,203,20
9252,1705964159,1705964160,1705964248,1,88,18
9253,1705964173,1705964173,1705964750,1,577,31
9254,1705964302,1705964303,1705964385,1,82,16
9255,1705964388,1705964390,1705964475,1,85,22
9256,1705964402,1705964510,1705964922,1,412,63
9257,1705964434,1705964449,1705964534,1,85,19
9258,1705964537,1705964551,1705964638,1,87,21
9259,1705964624,1705964631,1705964732,1,101,21
9260,1705964638,1705964645,1705971883,1,7238,106
9261,1705964708,1705964709,1705964794,1,85,21
9262,1705964828,1705964834,1705964901,4,67,21
9263,1705964881,1705964920,1705973919,1,8999,24
9264,1705964881,1705964920,1705969947,1,5027,20
9265,1705964960,1705964961,1705965099,1,138,19
9266,1705964990,1705964991,1705965087,1,96,36
9267,1705965008,1705965009,1705967936,1,2927,184
9268,1705965011,1705965013,1705965120,1,107,18
9269,1705965168,1705965169,1705965447,1,278,142
9270,1705965201,1705965236,1705965781,1,545,144
9271,1705965229,1705965229,1705965283,1,54,21
9272,1705965255,1705965257,1705968027,1,2770,35
9273,1705965353,1705965353,1705965441,1,88,17
9274,1705965777,1705965777,1705991411,1,25634,28
9275,1705965789,1705965795,1705992147,1,26352,44
9276,1705965799,1705965802,1705990958,1,25156,27
9277,1705965916,1705965962,1705966382,1,420,63
9278,1705966046,1705966047,1706018349,1,52302,34
9279,1705966056,1705966056,1706020538,1,54482,35
9280,1705966069,1705966070,1706013725,1,47655,70
9281,1705966111,1705966111,1706028195,2,62084,40
9282,1705966116,1705966130,1705966321,8,191,43
9283,1705966242,1705966242,1705974876,1,8634,122
9284,1705966248,1705966248,1705974551,1,8303,80
9285,1705966255,1705966255,1705970584,1,4329,125
9286,1705966262,1705966264,1705970562,1,4298,98
9287,1705966272,1705966273,1705966546,1,273,33
9288,1705966278,1705966278,1706052723,1,86445,42
9289,1705966348,1705966348,1705966594,1,246,81
9290,1705966408,1705966409,1705970487,1,4078,63
9291,1705966556,1705966559,1705970203,1,3644,31
9292,1705966572,1705966573,1705966643,1,70,17
9293,1705966667,1705966668,1705966699,1,31,17
9294,1705966699,1705966715,1705966987,1,272,20
9295,1705966777,1705966777,1705966826,1,49,20
9296,1705966826,1705966842,1705966962,1,120,18
9297,1705966896,1705966896,1705967356,1,460,211
9298,1705966962,1705966973,1705971981,1,5008,135
9299,1705966962,1705966973,1705972023,1,5050,23
9300,1705966994,1705966995,1705967151,1,156,21
9301,1705967076,1705967077,1705967153,1,76,18
9302,1705967216,1705967216,1705972251,1,5035,46
9303,1705967282,1705967298,1705972321,1,5023,20
9304,1705967416,1705967417,1705967715,1,298,221
9305,1705967574,1705967575,1705967737,1,162,28
9306,1705967588,1705967589,1705967972,1,383,64
9307,1705967688,1706042210,1706059857,16,17647,161
9308,1705967690,1706042210,1706059798,16,17588,152
9309,1705967691,1706042210,1706060121,16,17911,146
9310,1705967691,1706042513,1706062880,16,20367,189
9311,1705967692,1706042763,1706064412,16,21649,271
9312,1705967705,1706063507,1706077774,16,14267,167
9313,1705968289,1705968289,1705968325,2,36,18
9314,1705968309,1705968310,1705968644,1,334,64
9315,1705968438,1705968438,1706006379,1,37941,112
9316,1705968479,1705968480,1705968521,4,41,32
9317,1705968493,1705968498,1705968589,1,91,17
9318,1705968531,1705968545,1705977541,1,8996,74
9319,1705968593,1705968594,1705975825,1,7231,53
9320,1705968593,1705968594,1705975825,1,7231,26
9321,1705968657,1705968657,1705977661,1,9004,48
9322,1705968677,1705968679,1705969150,1,471,19
9323,1705968694,1705968694,1705968772,1,78,24
9324,1705968762,1705968770,1705969180,1,410,134
9325,1705968775,1705968779,1705968824,1,45,19
9326,1705968792,1705968797,1705968858,1,61,20
9327,1705968901,1705968901,1705969311,1,410,62
9328,1705969050,1705969051,1705969214,1,163,44
9329,1705969088,1705969089,1705969142,1,53,17
9330,1705969159,1705969160,1705982879,1,13719,41
9331,1705969352,1705969353,1705969410,1,57,20
9332,1705969365,1705969365,1705969401,1,36,18
9333,1705969411,1705969426,1705970357,1,931,80
9334,1705969594,1705969595,1705970018,1,423,63
9335,1705969682,1705969683,1705970070,1,387,64
9336,1705969729,1705969729,1705970147,1,418,131
9337,1705969911,1705969911,1705969959,1,48,18
9338,1705969947,1705969954,1705974981,1,5027,22
9339,1705970206,1705970220,1705973867,1,3647,31
9340,1705970324,1705970324,1705970353,1,29,18
9341,1705970345,1705970349,1705970794,1,445,63
9342,1705970492,1705970492,1705974285,1,3793,37
9343,1705970579,1705970580,1705970684,1,104,17
9344,1705970622,1705970623,1705970681,1,58,18
9345,1705970699,1705970700,1705970893,1,193,38
9346,1705970968,1705970969,1705971153,1,184,92
9347,1705971017,1705971023,1705971092,1,69,19
9348,1705971023,1705971025,1705971354,1,329,39
9349,1705971064,1705971064,1705971682,1,618,62
9350,1705971151,1705971151,1705972338,1,1187,34
9351,1705971216,1705971216,1705971555,1,339,129
9352,1705971287,1705971288,1705971531,1,243,112
9353,1705971530,1705971654,1705972067,1,413,19
9354,1705971773,1705971778,1705980774,1,8996,112
9355,1705971812,1705971818,1705980824,1,9006,45
9356,1705971818,1705971818,1705974670,4,2852,192
9357,1705971873,1705971874,1705972082,1,208,23
9358,1705971981,1705971994,1705976992,1,4998,23
9359,1705971993,1705971994,1705979234,1,7240,41
9360,1705972023,1705972040,1705977042,1,5002,23
9361,1705972143,1705972383,1705972503,1,120,17
9362,1705972251,1705972257,1705977269,1,5012,23
9363,1705972320,1705972335,1705977344,1,5009,46
9364,1705972343,1705972343,1705999928,1,27585,25
9365,1705972421,1705972421,1705972752,1,331,222
9366,1705972513,1705972624,1705972766,1,142,18
9367,1705972649,1705972650,1705974676,4,2026,178
9368,1705972716,1705972717,1705979954,1,7237,18
9369,1705972822,1705972869,1705973081,1,212,17
9370,1705972951,1705972951,1705973007,1,56,19
9371,1705973070,1705973071,1705973228,1,157,409
9372,1705973197,1705973203,1705973456,2,253,129
9373,1705973469,1705973470,1706002999,4,29529,66
9374,1705973919,1705973929,1705982928,1,8999,24
9375,1705974353,1705974358,1705974398,1,40,18
9376,1705974981,1705974996,1705980024,1,5028,22
9377,1705975229,1705975232,1706061676,2,86444,64
9378,1705975314,1705975314,1705975452,1,138,21
9379,1705975424,1705975429,1705975456,1,27,112
9380,1705975511,1705975518,1705980229,1,4711,33
9381,1705975729,1705975729,1705975816,1,87,112
9382,1705975825,1705975829,1705983082,1,7253,31
9383,1705975825,1705975829,1705983082,1,7253,27
9384,1705976565,1705976565,1705976656,1,91,22
9385,1705976992,1705976998,1705982000,1,5002,113
9386,1705977042,1705977057,1705982058,1,5001,22
9387,1705977269,1705977291,1705982296,1,5005,23
9388,1705977344,1705977350,1705982350,1,5000,23
9389,1705977541,1705977557,1705986579,1,9022,48
9390,1705977661,1705977666,1705986679,1,9013,23
9391,1705977715,1705977717,1705977744,2,27,96
9392,1705977754,1705977754,1705977813,2,59,129
9393,1705978267,1705978269,1705978356,1,87,17
9394,1705979419,1705979419,1705979473,1,54,18
9395,1705979433,1705979434,1705979954,1,520,32
9396,1705979748,1705979749,1705979806,1,57,18
9397,1705979982,1705979983,1705980228,1,245,26
9398,1705980024,1705980041,1705985051,1,5010,22
9399,1705980527,1705980528,1705980620,1,92,32
9400,1705980774,1705980786,1705989793,1,9007,38
9401,1705980824,1705980841,1705989831,1,8990,44
9402,1705980994,1705980994,1705988233,1,7239,37
9403,1705981126,1705981127,1705987648,2,6521,26
9404,1705981427,1705981428,1705983671,1,2243,21
9405,1705981672,1705981678,1705981757,1,79,17
9406,1705981810,1705981810,1705981934,1,124,18
9407,1705981972,1705981978,1705983723,1,1745,22
9408,1705982000,1705982016,1705987012,1,4996,113
9409,1705982296,1705982312,1705987313,1,5001,22
9410,1705982350,1705982366,1705987388,1,5022,39
9411,1705982928,1705982946,1705991966,1,9020,25
9412,1705983082,1705983082,1705990315,1,7233,26
9413,1705983082,1705983082,1705990315,1,7233,27
9414,1705983222,1705983223,1706051353,1,68130,69
9415,1705983223,1705983225,1706051353,1,68128,67
9416,1705983223,1705983225,1706051353,1,68128,81
9417,1705983223,1705983225,1706051353,1,68128,99
9418,1705984482,1705984482,1705986450,1,1968,25
9419,1705984626,1705984630,1705991869,1,7239,211
9420,1705985051,1705985060,1705990101,1,5041,33
9421,1705986579,1705986595,1705995578,1,8983,24
9422,1705986679,1705986687,1705995702,1,9015,29
9423,1705987012,1705987042,1705992039,1,4997,113
9424,1705987388,1705987404,1705992400,1,4996,22
9425,1705987476,1705987477,1705995726,2,8249,80
9426,1705987477,1705987477,1705995841,2,8364,61
9427,1705987477,1705987477,1705995848,2,8371,57
9428,1705987478,1705987481,1705995746,2,8265,70
9429,1705987478,1705987481,1705995943,2,8462,57
9430,1705987479,1705987481,1705995965,2,8484,60
9431,1705987479,1705987481,1705995939,2,8458,58
9432,1705987480,1705987481,1705995938,2,8457,57
9433,1705987480,1705987481,1705995953,2,8472,58
9434,1705987480,1705987481,1705995958,2,8477,57
9435,1705987481,1705987481,1705995754,2,8273,57
9436,1705987481,1705987481,1705995941,2,8460,56
9437,1705987482,1705987485,1705995735,2,8250,72
9438,1705987482,1705987533,1705995969,2,8436,66
9439,1705987482,1705987584,1705995812,2,8228,123
9440,1705987483,1705987584,1705995851,2,8267,139
9441,1705987483,1705987584,1705995802,2,8218,137
9442,1705987484,1705987584,1705996007,2,8423,219
9443,1705987484,1705987584,1705995925,2,8341,137
9444,1705987485,1705987584,1705995803,2,8219,143
9445,1705987485,1705987584,1705995814,2,8230,137
9446,1705987485,1705987584,1705995792,2,8208,143
9447,1705987486,1705987660,1706002097,2,14437,370
9448,1705987486,1705987660,1705995896,2,8236,60
9449,1705987487,1705987660,1705995880,2,8220,58
9450,1705987487,1705987660,1705996112,2,8452,57
9451,1705987487,1705987660,1705996157,2,8497,58
9452,1705987488,1705987660,1705997194,2,9534,74
9453,1705987488,1705987660,1705995924,2,8264,71
9454,1705987489,1705987660,1705995892,2,8232,57
9455,1705987489,1705987660,1705995777,2,8117,58
9456,1705987489,1705987660,1705995899,2,8239,58
9457,1705987490,1705987660,1705996246,2,8586,70
9458,1705987490,1705987660,1705996110,2,8450,72
9459,1705987491,1705987660,1705995893,2,8233,72
9460,1705987491,1705987660,1705995926,2,8266,57
9461,1705987492,1705987660,1705995901,2,8241,62
9462,1705987492,1705987660,1705995979,2,8319,60
9463,1705987492,1705987660,1705996022,2,8362,56
9464,1705987493,1705987660,1705995893,2,8233,72
9465,1705987493,1705987660,1705996087,2,8427,71
9466,1705987494,1705987660,1705995883,2,8223,63
9467,1705987494,1705987660,1705995906,2,8246,66
9468,1705987494,1705987660,1705995870,2,8210,58
9469,1705987495,1705987660,1705996077,2,8417,81
9470,1705987495,1705987660,1705995994,2,8334,61
9471,1705987495,1705987660,1705996301,2,8641,59
9472,1705987496,1705987660,1705996210,2,8550,71
9473,1705987497,1705987660,1705996023,2,8363,63
9474,1705987497,1705987660,1705996115,2,8455,72
9475,1705987498,1705987660,1705995896,2,8236,70
9476,1705987498,1705987660,1705995897,2,8237,62
9477,1705987498,1705987660,1705995908,2,8248,58
9478,1705987499,1705987660,1705996119,2,8459,59
9479,1705987499,1705987660,1705995806,2,8146,160
9480,1705987499,1705987660,1705995883,2,8223,58
9481,1705987500,1705987660,1705996094,2,8434,57
9482,1705987500,1705987660,1705996128,2,8468,58
9483,1705987501,1705987660,1705996119,2,8459,71
9484,1705987501,1705987660,1705996016,2,8356,59
9485,1705987501,1705987660,1705998003,2,10343,72
9486,1705987502,1705987729,1705995978,2,8249,72
9487,1705987503,1705987876,1705996248,2,8372,57
9488,1705987503,1705987876,1705996185,2,8309,58
9489,1705987503,1705987876,1705996157,2,8281,62
9490,1705987504,1705987876,1705996162,2,8286,73
9491,1705987504,1705987876,1705996125,2,8249,60
9492,1705987505,1705987876,1705996149,2,8273,58
9493,1705987505,1705987876,1705996167,2,8291,74
9494,1705987505,1705987876,1705995924,2,8048,57
9495,1705987506,1705987876,1705996160,2,8284,67
9496,1705987506,1705987876,1705996181,2,8305,62
9497,1705987507,1705987876,1705996349,2,8473,61
9498,1705987507,1705987876,1705996362,2,8486,59
9499,1705987509,1705987876,1705996181,2,8305,155
9500,1705987509,1705987876,1705996170,2,8294,60
9501,1705987509,1705987876,1705996025,2,8149,79
9502,1705987510,1705987876,1705996239,2,8363,57
9503,1705987510,1705988392,1705996897,2,8505,78
9504,1705987511,1705988392,1705996632,2,8240,77
9505,1705987511,1705988392,1705996753,2,8361,97
9506,1705987511,1705988392,1705996897,2,8505,76
9507,1705987512,1705988392,1705996672,2,8280,77
9508,1705987512,1705988392,1705996617,2,8225,79
9509,1705987513,1705988392,1705996668,2,8276,78
9510,1705987514,1705988392,1705996635,2,8243,78
9511,1705987514,1705988392,1705996723,2,8331,79
9512,1705987514,1705988392,1705998398,2,10006,76
9513,1705987515,1705988392,1705996625,2,8233,79
9514,1705987515,1705988392,1705996681,2,8289,76
9515,1705987516,1705988392,1705996626,2,8234,77
9516,1705987516,1705988392,1705996616,2,8224,78
9517,1705987516,1705988392,1705996833,2,8441,79
9518,1705987517,1705988539,1705996808,2,8269,70
9519,1705987517,1705988811,1705997086,2,8275,80
9520,1705987518,1705988811,1705997169,2,8358,89
9521,1705987518,1705988811,1705997086,2,8275,91
9522,1705987518,1705988811,1705997252,2,8441,76
9523,1705987519,1705988811,1705997086,2,8275,77
9524,1705987519,1705988811,1705997432,2,8621,77
9525,1705987520,1705988811,1705997341,2,8530,77
9526,1705987520,1705988811,1705997340,2,8529,77
9527,1705987521,1705988811,1705997087,2,8276,90
9528,1705987521,1705988811,1705997170,2,8359,95
9529,1705987522,1705988811,1705997086,2,8275,76
9530,1705987522,1705988811,1705997255,2,8444,77
9531,1705987522,1705988811,1705997087,2,8276,79
9532,1705987523,1705988811,1705997254,2,8443,172
9533,1705987523,1705988811,1705997086,2,8275,77
9534,1705987524,1705988811,1705997169,2,8358,75
9535,1705987524,1705988875,1705997170,2,8295,58
9536,1705987524,1705988897,1705997005,2,8108,57
9537,1705987525,1705988897,1705997421,2,8524,77
9538,1705987525,1705988899,1705997335,2,8436,173
9539,1705987527,1705988899,1705997167,2,8268,77
9540,1705987527,1705988899,1705998471,2,9572,77
9541,1705987527,1705988899,1705997084,2,8185,83
9542,1705987528,1705988899,1705997167,2,8268,77
9543,1705987528,1705988899,1705997250,2,8351,78
9544,1705987529,1705988899,1705997419,2,8520,58
9545,1705987529,1705988899,1705997167,2,8268,58
9546,1705987529,1705988899,1705997335,2,8436,58
9547,1705987530,1705988899,1705997422,2,8523,58
9548,1705987530,1705988899,1705997167,2,8268,58
9549,1705987531,1705988899,1705997422,2,8523,57
9550,1705987531,1705988899,1705997420,2,8521,58
9551,1705987531,1705988899,1705997424,2,8525,77
9552,1705987532,1705988901,1705997251,2,8350,57
9553,1705987533,1705995742,1706004135,2,8393,80
9554,1705987533,1705995752,1706004263,2,8511,72
9555,1705987533,1705995763,1706004234,2,8471,71
9556,1705987534,1705995775,1706004133,2,8358,58
9557,1705987534,1705995819,1706004128,2,8309,71
9558,1705987535,1705995819,1706004229,2,8410,57
9559,1705987535,1705995819,1706004233,2,8414,72
9560,1705987535,1705995819,1706004217,2,8398,70
9561,1705987536,1705995824,1706004386,2,8562,159
9562,1705987536,1705995828,1706004239,2,8411,58
9563,1705987537,1705995830,1706004136,2,8306,71
9564,1705987537,1705995857,1706004330,2,8473,60
9565,1705987537,1705995865,1706004488,2,8623,58
9566,1705987538,1705995867,1706004381,2,8514,72
9567,1705987539,1705995913,1706004424,2,8511,58
9568,1705987539,1705995915,1706005409,2,9494,58
9569,1705987539,1705995913,1706004426,2,8513,57
9570,1705987540,1705995913,1706004216,2,8303,71
9571,1705987540,1705995918,1706004207,2,8289,61
9572,1705987541,1705995913,1706004201,2,8288,63
9573,1705987541,1705995922,1706004203,2,8281,67
9574,1705987541,1705995913,1706004212,2,8299,58
9575,1705987542,1705995931,1706004291,2,8360,58
9576,1705987542,1705995949,1706005116,2,9167,71
9577,1705987543,1705995949,1706004296,2,8347,72
9578,1705987543,1705995949,1706004294,2,8345,59
9579,1705987543,1705995949,1706005116,2,9167,57
9580,1705987544,1705995963,1706004296,2,8333,58
9581,1705987544,1705995963,1706004397,2,8434,58
9582,1705987545,1705995963,1706004413,2,8450,58
9583,1705987545,1705995963,1706004383,2,8420,58
9584,1705987546,1705995974,1706004289,2,8315,58
9585,1705987546,1705995974,1706004295,2,8321,58
9586,1705987547,1705995985,1706004388,2,8403,61
9587,1705987547,1705995985,1706004443,2,8458,67
9588,1705987547,1705996000,1706004508,2,8508,61
9589,1705987548,1705996000,1706004488,2,8488,58
9590,1705987548,1705996006,1706004571,2,8565,72
9591,1705987549,1705996006,1706004503,2,8497,72
9592,1705987549,1705996006,1706004501,2,8495,59
9593,1705987549,1705996006,1706004571,2,8565,57
9594,1705987550,1705996006,1706004488,2,8482,63
9595,1705987550,1705996033,1706004497,2,8464,147
9596,1705987551,1705996033,1706004488,2,8455,60
9597,1705987551,1705996033,1706005822,2,9789,60
9598,1705987552,1705996039,1706004376,2,8337,57
9599,1705987552,1705996040,1706004369,2,8329,64
9600,1705987552,1705996041,1706004374,2,8333,62
9601,1705987553,1705996094,1706004232,2,8138,82
9602,1705987553,1705996103,1706004353,2,8250,77
9603,1705987554,1705996103,1706004300,2,8197,77
9604,1705987554,1705996136,1706004437,2,8301,72
9605,1705987554,1705996136,1706004570,2,8434,71
9606,1705987555,1705996136,1706004570,2,8434,57
9607,1705987555,1705996136,1706004450,2,8314,58
9608,1705987556,1705996136,1706005107,2,8971,72
9609,1705987556,1705996136,1706004316,2,8180,71
9610,1705987557,1705996136,1706004574,2,8438,57
9611,1705987559,1705996154,1706004488,2,8334,60
9612,1705987560,1705996177,1706004672,2,8495,62
9613,1705987560,1705996177,1706004651,2,8474,67
9614,1705987561,1705996177,1706004570,2,8393,58
9615,1705987561,1705996177,1706004652,2,8475,58
9616,1705987561,1705996179,1706004652,2,8473,73
9617,1705987562,1705996194,1706004652,2,8458,74
9618,1705987562,1705996194,1706004847,2,8653,61
9619,1705987563,1705996198,1706004663,2,8465,61
9620,1705987563,1705996198,1706004675,2,8477,155
9621,1705987564,1705996216,1706004570,2,8354,58
9622,1705987564,1705996256,1706004780,2,8524,70
9623,1705987565,1705996256,1706004732,2,8476,59
9624,1705987565,1705996262,1706004733,2,8471,72
9625,1705987566,1705996320,1706004734,2,8414,57
9626,1705987566,1705996367,1706004847,2,8480,61
9627,1705987566,1705996367,1706004847,2,8480,59
9628,1705987567,1705996622,1706005181,2,8559,60
9629,1705987568,1705996622,1706005094,2,8472,60
9630,1705987568,1705996640,1706005092,2,8452,58
9631,1705987569,1705996640,1706005108,2,8468,59
9632,1705987569,1705996640,1706004927,2,8287,58
9633,1705987569,1705996640,1706004805,2,8165,58
9634,1705987570,1705996686,1706005136,2,8450,57
9635,1705987570,1705996686,1706004927,2,8241,57
9636,1705987571,1705996686,1706005014,2,8328,57
9637,1705987571,1705996737,1706004927,2,8190,66
9638,1705987571,1705996770,1706005433,2,8663,78
9639,1705987572,1705996824,1706005516,2,8692,70
9640,1705987572,1705996849,1706005513,2,8664,58
9641,1705987573,1705996914,1706005339,2,8425,57
9642,1705987573,1705996916,1706005431,2,8515,59
9643,1705987573,1705997021,1706005531,2,8510,58
9644,1705987574,1705997101,1706005503,2,8402,66
9645,1705987574,1705997102,1706007018,2,9916,62
9646,1705987575,1705997102,1706005379,2,8277,61
9647,1705987575,1705997103,1706005498,2,8395,72
9648,1705987576,1705997103,1706005497,2,8394,58
9649,1705987576,1705997103,1706005786,2,8683,73
9650,1705987576,1705997104,1706005687,2,8583,60
9651,1705987577,1705997105,1706005616,2,8511,56
9652,1705987577,1705997183,1706005701,2,8518,60
9653,1705987578,1705997183,1706005584,2,8401,57
9654,1705987578,1705997183,1706005422,2,8239,60
9655,1705987578,1705997183,1706005496,2,8313,60
9656,1705987579,1705997184,1706005498,2,8314,59
9657,1705987579,1705997184,1706005497,2,8313,58
9658,1705987580,1705997186,1706005585,2,8399,59
9659,1705987580,1705997186,1706006746,2,9560,75
9660,1705987581,1705997201,1706005672,2,8471,71
9661,1705987581,1705997267,1706005580,2,8313,60
9662,1705987581,1705997267,1706005783,2,8516,58
9663,1705987582,1705997270,1706005850,2,8580,58
9664,1705987582,1705997272,1706005751,2,8479,153
9665,1705987582,1705997273,1706005622,2,8349,57
9666,1705987583,1705997351,1706005863,2,8512,156
9667,1705987583,1705997351,1706005934,2,8583,59
9668,1705987584,1705997361,1706005739,2,8378,58
9669,1705987584,1705997361,1706005833,2,8472,59
9670,1705987585,1705997437,1706006017,2,8580,56
9671,1705987585,1705997437,1706005833,2,8396,58
9672,1705987586,1705997437,1706005945,2,8508,61
9673,1705987586,1705997439,1706005829,2,8390,56
9674,1705987586,1705997439,1706007803,2,10364,58
9675,1705987587,1705997442,1706005833,2,8391,61
9676,1705987587,1705997451,1706005830,2,8379,58
9677,1705987588,1705998020,1706006514,2,8494,79
9678,1705987588,1705998415,1706006934,2,8519,57
9679,1705987588,1705998483,1706007036,2,8553,59
9680,1705987589,1706002224,1706016657,2,14433,369
9681,1705987589,1706004144,1706012679,2,8535,58
9682,1705987590,1706004144,1706012675,2,8531,72
9683,1705987591,1706004146,1706012505,2,8359,60
9684,1705987591,1706004150,1706012359,2,8209,71
9685,1705987591,1706004223,1706012669,2,8446,61
9686,1705987592,1706004223,1706012763,2,8540,57
9687,1705987592,1706004223,1706012669,2,8446,63
9688,1705987593,1706004223,1706012761,2,8538,66
9689,1705987593,1706004223,1706012673,2,8450,72
9690,1705987593,1706004228,1706012762,2,8534,59
9691,1705987594,1706004246,1706012758,2,8512,58
9692,1705987594,1706004246,1706012761,2,8515,71
9693,1705987595,1706004246,1706012669,2,8423,72
9694,1705987595,1706004246,1706012793,2,8547,57
9695,1705987595,1706004249,1706012674,2,8425,81
9696,1705987596,1706004271,1706012668,2,8397,58
9697,1705987596,1706004312,1706012844,2,8532,72
9698,1705987597,1706004313,1706012751,2,8438,57
9699,1705987597,1706004337,1706012667,2,8330,71
9700,1705987598,1706004346,1706012512,2,8166,60
9701,1705987598,1706004368,1706012748,2,8380,57
9702,1705987599,1706004394,1706012751,2,8357,59
9703,1705987599,1706004394,1706012749,2,8355,63
9704,1705987599,1706004394,1706012749,2,8355,64
9705,1705987600,1706004397,1706012749,2,8352,71
9706,1705987600,1706004402,1706012927,2,8525,57
9707,1705987600,1706004403,1706012928,2,8525,160
9708,1705987601,1706004404,1706012960,2,8556,60
9709,1705987601,1706004423,1706012916,2,8493,57
9710,1705987602,1706004431,1706013678,2,9247,58
9711,1705987602,1706004431,1706012831,2,8400,102
9712,1705987603,1706004448,1706013010,2,8562,57
9713,1705987604,1706004459,1706012920,2,8461,72
9714,1705987604,1706004460,1706012830,2,8370,66
9715,1705987604,1706004466,1706012830,2,8364,58
9716,1705987605,1706004496,1706012826,2,8330,57
9717,1705987605,1706004513,1706012821,2,8308,57
9718,1705987605,1706004513,1706012664,2,8151,61
9719,1705987606,1706004513,1706012830,2,8317,60
9720,1705987606,1706004513,1706012916,2,8403,57
9721,1705987607,1706004513,1706012912,2,8399,63
9722,1705987607,1706004514,1706012916,2,8402,148
9723,1705987607,1706004518,1706013002,2,8484,60
9724,1705987608,1706004520,1706012830,2,8310,73
9725,1705987608,1706004528,1706012911,2,8383,60
9726,1705987609,1706004586,1706012910,2,8324,58
9727,1705987609,1706004587,1706013097,2,8510,59
9728,1705987610,1706004587,1706012911,2,8324,73
9729,1705987610,1706004587,1706014394,2,9807,56
9730,1705987610,1706004587,1706013002,2,8415,58
9731,1705987611,1706004592,1706012745,2,8153,57
9732,1705987611,1706004597,1706012667,2,8070,57
9733,1705987612,1706004668,1706013170,2,8502,66
9734,1705987612,1706004668,1706012909,2,8241,74
9735,1705987612,1706004669,1706012988,2,8319,58
9736,1705987613,1706004669,1706012993,2,8324,73
9737,1705987613,1706004683,1706012989,2,8306,60
9738,1705987614,1706004689,1706013078,2,8389,62
9739,1705987614,1706004692,1706013177,2,8485,155
9740,1705987615,1706004748,1706013076,2,8328,57
9741,1705987615,1706004749,1706014518,2,9769,72
9742,1705987615,1706004750,1706013070,2,8320,58
9743,1705987616,1706004797,1706013155,2,8358,71
9744,1705987616,1706004821,1706014042,2,9221,59
9745,1705987617,1706004855,1706013236,2,8381,62
9746,1705987617,1706004865,1706013235,2,8370,82
9747,1705987617,1706004865,1706013246,2,8381,61
9748,1705987618,1706004865,1706013344,2,8479,59
9749,1705987618,1706004865,1706013231,2,8366,56
9750,1705987619,1706004865,1706013150,2,8285,58
9751,1705987619,1706004865,1706013440,2,8575,81
9752,1705987619,1706004943,1706014539,2,9596,59
9753,1705987620,1706004944,1706013441,2,8497,67
9754,1705987621,1706004944,1706013318,2,8374,58
9755,1705987621,1706005028,1706013397,2,8369,96
9756,1705987622,1706005124,1706013486,2,8362,58
9757,1705987622,1706005124,1706013473,2,8349,83
9758,1705987623,1706005124,1706013475,2,8351,60
9759,1705987623,1706005124,1706013479,2,8355,58
9760,1705987623,1706005124,1706013479,2,8355,96
9761,1705987624,1706005124,1706013607,2,8483,96
9762,1705987624,1706005141,1706013468,2,8327,58
9763,1705987625,1706005194,1706013384,2,8190,58
9764,1705987625,1706005348,1706013741,2,8393,57
9765,1705987625,1706005384,1706013542,2,8158,59
9766,1705987626,1706005438,1706013799,2,8361,59
9767,1705987626,1706005438,1706013551,2,8113,60
9768,1705987626,1706005438,1706013906,2,8468,56
9769,1705987627,1706005438,1706013799,2,8361,71
9770,1705987628,1706005508,1706013888,2,8380,58
9771,1705987628,1706005508,1706013886,2,8378,77
9772,1705987628,1706005508,1706014022,2,8514,102
9773,1705987629,1706005508,1706014020,2,8512,81
9774,1705987629,1706005508,1706013900,2,8392,82
9775,1705987629,1706005508,1706014023,2,8515,82
9776,1705987630,1706005525,1706014022,2,8497,72
9777,1705987630,1706005525,1706015105,2,9580,58
9778,1705987631,1706005543,1706013890,2,8347,56
9779,1705987631,1706005596,1706013967,2,8371,57
9780,1705987631,1706005596,1706013967,2,8371,58
9781,1705987632,1706005596,1706013989,2,8393,57
9782,1705987632,1706005627,1706013901,2,8274,57
9783,1705987632,1706005627,1706013817,2,8190,59
9784,1705987633,1706005692,1706014064,2,8372,71
9785,1705987633,1706005709,1706014043,2,8334,61
9786,1705987634,1706005718,1706014048,2,8330,60
9787,1705987634,1706005759,1706014040,2,8281,58
9788,1705987635,1706005770,1706013945,2,8175,153
9789,1705987635,1706005800,1706013873,2,8073,57
9790,1705987635,1706005803,1706014130,2,8327,71
9791,1705987636,1706005838,1706014209,2,8371,60
9792,1705987636,1706005845,1706014206,2,8361,56
9793,1705987636,1706005849,1706014217,2,8368,57
9794,1705987637,1706005849,1706014498,2,8649,61
9795,1705987637,1706005856,1706014357,2,8501,59
9796,1705987638,1706005856,1706014212,2,8356,58
9797,1705987638,1706005880,1706014203,2,8323,156
9798,1705987638,1706005871,1706014203,2,8332,56
9799,1705987639,1706005950,1706014290,2,8340,58
9800,1705987639,1706005964,1706014295,2,8331,58
9801,1705987640,1706006033,1706014488,2,8455,57
9802,1705987640,1706006523,1706015187,2,8664,58
9803,1705987641,1706006758,1706015455,2,8697,80
9804,1705987641,1706006941,1706015451,2,8510,71
9805,1705987641,1706007025,1706015539,2,8514,57
9806,1705987642,1706007042,1706015539,2,8497,57
9807,1705987642,1706007820,1706016369,2,8549,59
9808,1705987642,1706012615,1706021220,2,8605,61
9809,1705987643,1706012743,1706021130,2,8387,60
9810,1705987643,1706012868,1706021211,2,8343,57
9811,1705987644,1706012743,1706021137,2,8394,61
9812,1705987644,1706012868,1706021211,2,8343,57
9813,1705987645,1706012868,1706021209,2,8341,58
9814,1705987645,1706012868,1706021297,2,8429,79
9815,1705987646,1706012868,1706021130,2,8262,58
9816,1705987646,1706012999,1706021376,2,8377,56
9817,1705987646,1706012999,1706021466,2,8467,61
9818,1705987647,1706012999,1706021382,2,8383,74
9819,1705987647,1706012999,1706021375,2,8376,62
9820,1705987648,1706013125,1706021545,2,8420,58
9821,1705987648,1706012999,1706021373,2,8374,58
9822,1705987648,1706012999,1706021381,2,8382,57
9823,1705987649,1706012999,1706021449,2,8450,57
9824,1705987649,1706013125,1706021531,2,8406,58
9825,1705987650,1706013125,1706021456,2,8331,57
9826,1705987650,1706013125,1706021369,2,8244,57
9827,1705987651,1706013125,1706021475,2,8350,57
9828,1705987651,1706013125,1706021466,2,8341,57
9829,1705987651,1706013125,1706021370,2,8245,57
9830,1705987652,1706013125,1706021452,2,8327,62
9831,1705987652,1706013125,1706021547,2,8422,58
9832,1705987653,1706013125,1706021818,2,8693,60
9833,1705987653,1706013251,1706021629,2,8378,155
9834,1705987653,1705987660,1705987713,1,53,35
9835,1705987653,1706013379,1706021969,2,8590,62
9836,1705988003,1705988392,1706005132,1,16740,79
9837,1705989793,1705989809,1705998799,1,8990,38
9838,1705989831,1705989848,1705998856,1,9008,45
9839,1705990101,1705990117,1705995143,1,5026,20
9840,1705990315,1705990320,1705997576,1,7256,31
9841,1705990315,1705990320,1705997576,1,7256,27
9842,1705991915,1705991915,1705997738,1,5823,152
9843,1705991918,1705991919,1705997739,1,5820,217
9844,1705991966,1705991983,1706000990,1,9007,24
9845,1705992039,1705992044,1705997058,1,5014,22
9846,1705993389,1705993391,1705994114,1,723,62
9847,1705995143,1705995159,1706000215,1,5056,20
9848,1705995578,1705995594,1706004581,1,8987,24
9849,1705995702,1705995719,1706004753,1,9034,25
9850,1705995880,1705995914,1705995990,1,76,54
9851,1705995880,1705995913,1705995990,1,77,58
9852,1705995880,1705995913,1705995990,1,77,53
9853,1705995880,1705995913,1705995990,1,77,70
9854,1705995880,1705995913,1705995990,1,77,71
9855,1705995880,1705995913,1705995990,1,77,57
9856,1705995880,1705995913,1705995990,1,77,20
9857,1705995880,1705995913,1705995990,1,77,20
9858,1705995880,1705995914,1705995990,1,76,61
9859,1705995880,1705995914,1705995990,1,76,57
9860,1705997031,1705997031,1705997070,1,39,18
9861,1705997058,1705997082,1706002100,1,5018,22
9862,1705997574,1705997574,1705997608,1,34,19
9863,1705997576,1705997592,1706004839,1,7247,27
9864,1705997576,1705997593,1706004839,1,7246,31
9865,1705997926,1705997926,1705999759,1,1833,153
9866,1705998647,1705998647,1705999614,1,967,134
9867,1705998685,1705998768,1706031196,1,32428,136
9869,1705998685,1705998768,1706022907,1,24139,102
9870,1705998685,1705998768,1706032847,1,34079,135
9871,1705998685,1705998768,1706021022,1,22254,103
9868,1705998698,1705998699,1705998742,1,43,17
9872,1705998786,1705998815,1706011219,1,12404,49
9873,1705998793,1706000636,1706075828,16,75192,56
9874,1705998799,1705998931,1706007933,1,9002,22
9875,1705998818,1706076157,1706148757,16,72600,142
9876,1705998825,1706169114,1706240624,16,71510,36
9877,1705998831,1706247355,1706321814,16,74459,472
9878,1705998837,1706324814,1706403190,16,78376,40
9879,1705998845,1706403208,1706477790,16,74582,171
9880,1705998851,1706477807,1706556001,16,78194,32
9881,1705998856,1705998931,1706007933,1,9002,44
9882,1705998857,1706585844,1706656119,16,70275,43
9883,1705999024,1705999776,1705999982,2,206,22
9884,1705999463,1705999464,1705999545,1,81,18
9885,1705999610,1705999613,1706003237,1,3624,300
9886,1705999715,1706068645,1706072277,16,3632,58
9887,1705999715,1706072402,1706076028,16,3626,143
9888,1705999715,1706080526,1706084165,16,3639,118
9889,1705999716,1706086465,1706090106,16,3641,141
9890,1705999716,1706093382,1706097007,16,3625,55
9891,1705999716,1706103307,1706106951,16,3644,55
9892,1705999717,1706110360,1706113987,16,3627,50
9893,1705999717,1706002575,1706006209,4,3634,52
9894,1705999717,1706007585,1706011224,4,3639,43
9895,1705999717,1706017039,1706020681,4,3642,29
9896,1705999718,1706020848,1706024494,4,3646,52
9897,1705999718,1706031485,1706035124,4,3639,34
9898,1705999718,1706036224,1706039868,4,3644,54
9899,1705999718,1706055615,1706059245,4,3630,57
9900,1705999719,1706060117,1706063751,4,3634,43
9901,1705999719,1706064121,1706067744,4,3623,62
9902,1705999719,1706068403,1706072038,4,3635,41
9903,1705999720,1706019604,1706023231,8,3627,38
9904,1705999720,1706030971,1706034615,8,3644,70
9905,1705999720,1706060240,1706063871,8,3631,33
9906,1705999720,1706066075,1706069696,8,3621,120
9907,1705999721,1706069853,1706073478,8,3625,44
9908,1705999721,1706077480,1706081102,8,3622,142
9909,1705999721,1706081377,1706085006,8,3629,44
9910,1705999721,1706086585,1706090226,8,3641,31
9911,1705999952,1705999953,1706002381,1,2428,28
9912,1706000012,1706000017,1706000108,1,91,17
9913,1706000215,1706000258,1706005285,1,5027,21
9914,1706000353,1706000636,1706001234,1,598,77
9915,1706000353,1706000354,1706001031,1,677,56
9916,1706000353,1706000354,1706001031,1,677,57
9917,1706000353,1706000354,1706001031,1,677,55
9918,1706000353,1706000354,1706001031,1,677,56
9919,1706000353,1706000354,1706001036,1,682,58
9920,1706000353,1706000354,1706001031,1,677,57
9931,1706000353,1706000636,1706001234,1,598,56
9932,1706000353,1706000636,1706001239,1,603,57
9933,1706000353,1706000636,1706001234,1,598,78
9921,1706000396,1706000743,1706001369,1,626,20
9922,1706000437,1706122934,1706144572,1,21638,36
9923,1706000437,1706169450,1706191074,1,21624,38
9924,1706000437,1706355866,1706377499,1,21633,41
9925,1706000437,1706377502,1706399133,1,21631,40
9926,1706000445,1706123183,1706144812,1,21629,71
9927,1706000445,1706169450,1706191074,1,21624,39
9928,1706000446,1706355866,1706377499,1,21633,43
9929,1706000446,1706377502,1706399133,1,21631,38
9930,1706000627,1706000636,1706001549,1,913,21
9934,1706000841,1706000842,1706002355,1,1513,90
9935,1706000909,1706000910,1706047418,1,46508,86
9936,1706000910,1706063248,1706092413,1,29165,128
9937,1706000910,1706092523,1706127257,1,34734,109
9938,1706000911,1706129310,1706165884,1,36574,84
9939,1706000911,1706169163,1706202060,1,32897,84
9940,1706000911,1706244874,1706282584,1,37710,85
9941,1706000911,1706288561,1706320381,1,31820,83
9942,1706000912,1706327384,1706354366,1,26982,84
9943,1706000912,1706354404,1706375709,1,21305,82
9944,1706000913,1706375725,1706412630,1,36905,85
9945,1706000913,1706413411,1706437883,1,24472,82
9946,1706000913,1706437900,1706469813,1,31913,81
9947,1706000913,1706469830,1706505285,1,35455,82
9948,1706000914,1706505301,1706535997,1,30696,82
9949,1706000914,1706536013,1706563382,1,27369,80
9950,1706000914,1706610844,1706633138,1,22294,79
9951,1706000915,1706656444,1706687194,1,30750,82
9952,1706000915,1706687210,1706704995,1,17785,416
9953,1706000915,1706717042,1706744908,1,27866,82
9954,1706000990,1706000998,1706010019,1,9021,24
9955,1706001331,1706001331,1706001429,1,98,18
9956,1706001573,1706001573,1706001651,1,78,19
9957,1706001607,1706001607,1706001886,1,279,134
9958,1706001695,1706001833,1706030625,1,28792,82
9959,1706001897,1706001897,1706002078,1,181,62
9960,1706001963,1706001975,1706005180,1,3205,65
9961,1706001967,1706002297,1706005177,1,2880,66
9962,1706002100,1706002466,1706007470,1,5004,36
9963,1706002207,1706002218,1706002502,1,284,129
9964,1706002215,1706002218,1706002277,1,59,18
9965,1706002307,1706002466,1706010641,4,8175,71
9966,1706002521,1706002521,1706088964,1,86443,27
9967,1706002546,1706002547,1706088993,1,86446,21
9968,1706002616,1706002618,1706003170,1,552,64
9969,1706002711,1706002719,1706032878,1,30159,75
9970,1706002720,1706002727,1706004759,1,2032,29
9971,1706002731,1706002731,1706004759,1,2028,27
9972,1706002732,1706002735,1706002786,1,51,33
9973,1706002743,1706002744,1706002775,2,31,33
9974,1706002778,1706002783,1706002820,1,37,34
9975,1706002803,1706002807,1706004759,1,1952,28
9976,1706002847,1706002847,1706002875,1,28,34
9977,1706002875,1706002880,1706003085,1,205,129
9978,1706002907,1706002908,1706008338,1,5430,36
9979,1706003079,1706003080,1706003815,1,735,40
9980,1706003280,1706003288,1706003567,1,279,63
9981,1706003450,1706003453,1706003635,1,182,27
9982,1706003476,1706003477,1706004199,1,722,22
9983,1706003519,1706003522,1706003736,1,214,22
9984,1706003523,1706003526,1706007303,1,3777,41
9985,1706003545,1706003558,1706003771,1,213,52
9986,1706003568,1706003576,1706003919,1,343,80
9987,1706003624,1706122186,1706143820,1,21634,491
9988,1706003683,1706123688,1706145321,1,21633,492
9989,1706003704,1706125485,1706147125,1,21640,490
9990,1706003717,1706125855,1706147487,1,21632,477
9991,1706003733,1706125981,1706147607,1,21626,492
9992,1706003736,1706003804,1706007425,1,3621,32
9993,1706003736,1706003804,1706007425,1,3621,31
9994,1706003747,1706130300,1706151932,1,21632,491
9995,1706003759,1706151543,1706169852,1,18309,491
9996,1706003764,1706003765,1706023279,1,19514,264
9997,1706003806,1706003807,1706003863,1,56,17
9998,1706003867,1706003868,1706005786,1,1918,27
9999,1706003903,1706003904,1706010228,1,6324,40
10000,1706003987,1706003987,1706004055,4,68,22
10001,1706004021,1706004022,1706004133,1,111,32
10002,1706004029,1706004029,1706008139,1,4110,18
10003,1706004029,1706008156,1706029127,1,20971,18
10004,1706004029,1706030967,1706051889,1,20922,21
10005,1706004030,1706055361,1706076256,1,20895,24
10006,1706004030,1706076273,1706097201,1,20928,24
10007,1706004030,1706098783,1706119636,1,20853,27
10008,1706004030,1706004033,1706008149,1,4116,19
10009,1706004031,1706008173,1706029150,1,20977,19
10010,1706004031,1706030967,1706051863,1,20896,43
10011,1706004031,1706054986,1706075857,1,20871,19
10012,1706004032,1706075904,1706096791,1,20887,21
10013,1706004032,1706098761,1706119664,1,20903,21
10014,1706004032,1706004033,1706008167,1,4134,18
10015,1706004033,1706008188,1706029163,1,20975,19
10016,1706004033,1706030967,1706051892,1,20925,19
10017,1706004033,1706055109,1706076014,1,20905,19
10018,1706004033,1706076031,1706096935,1,20904,18
10019,1706004034,1706098783,1706119643,1,20860,36
10020,1706004058,1706004058,1706004133,1,75,33
10021,1706004177,1706004185,1706009629,1,5444,39
10022,1706004178,1706004185,1706004441,1,256,134
10023,1706004180,1706004185,1706004411,1,226,64
10024,1706004272,1706004306,1706004932,1,626,57
10025,1706004272,1706004275,1706004933,1,658,58
10026,1706004272,1706004275,1706004933,1,658,71
10027,1706004272,1706004275,1706004933,1,658,72
10028,1706004272,1706004275,1706004933,1,658,72
10029,1706004272,1706004279,1706004933,1,654,71
10030,1706004272,1706004279,1706004933,1,654,72
10031,1706004294,1706004312,1706004933,1,621,57
10032,1706004294,1706004306,1706004932,1,626,57
10033,1706004294,1706004307,1706004934,1,627,57
10034,1706004294,1706004307,1706004934,1,627,58
10035,1706004294,1706004311,1706004933,1,622,58
10036,1706004294,1706004311,1706004932,1,621,57
10037,1706004294,1706004312,1706004933,1,621,57
10038,1706004506,1706004513,1706004765,1,252,111
10039,1706004563,1706004586,1706006433,1,1847,88
10040,1706004581,1706004869,1706013884,1,9015,48
10041,1706004598,1706004599,1706005311,2,712,36
10042,1706004672,1706004865,1706005611,1,746,36
10043,1706004682,1706004865,1706005617,1,752,22
10044,1706004686,1706154764,1706165590,1,10826,491
10045,1706004695,1706005640,1706065578,60,59938,98
10046,1706004702,1706161516,1706165590,1,4074,488
10047,1706004753,1706004869,1706013872,1,9003,47
10048,1706004781,1706004869,1706004926,4,57,39
10049,1706004828,1706004832,1706004860,1,28,19
10050,1706004839,1706004865,1706012102,1,7237,56
10051,1706004839,1706004865,1706012102,1,7237,28
10052,1706004850,1706004852,1706008489,1,3637,28
10053,1706004860,1706004865,1706008489,1,3624,40
10054,1706004901,1706004903,1706004973,1,70,19
10055,1706004905,1706004907,1706008549,1,3642,31
10056,1706005017,1706005033,1706005671,1,638,128
10057,1706005158,1706005158,1706024469,1,19311,66
10058,1706005158,1706005162,1706024469,1,19307,84
10059,1706005285,1706005302,1706010324,1,5022,80
10060,1706005394,1706005402,1706048593,1,43191,219
10061,1706005410,1706005450,1706005898,1,448,41
10062,1706005433,1706005438,1706005687,1,249,104
10063,1706005689,1706005692,1706005898,1,206,39
10064,1706005739,1706005748,1706025484,1,19736,215
10065,1706005872,1706005914,1706006934,2,1020,39
10066,1706005973,1706005976,1706007509,1,1533,31
10067,1706005999,1706006003,1706006854,1,851,28
10068,1706006203,1706006204,1706006978,1,774,20
10069,1706006215,1706006304,1706007012,1,708,28
10070,1706006395,1706006395,1706007465,1,1070,47
10071,1706006460,1706006465,1706011811,1,5346,96
10072,1706006623,1706006624,1706006726,1,102,101
10073,1706006702,1706063633,1706077863,16,14230,166
10074,1706006703,1706063755,1706077711,16,13956,161
10075,1706006703,1706063755,1706077556,16,13801,182
10076,1706006704,1706063969,1706077451,16,13482,164
10077,1706006704,1706064049,1706078080,16,14031,163
10078,1706006705,1706064208,1706078049,16,13841,149
10079,1706006705,1706064511,1706077459,16,12948,258
10080,1706006706,1706065551,1706077452,16,11901,170
10081,1706006757,1706065601,1706078341,16,12740,162
10082,1706006761,1706065601,1706077714,16,12113,168
10083,1706006762,1706065601,1706077401,16,11800,162
10084,1706006764,1706065687,1706078263,16,12576,175
10085,1706006765,1706066700,1706077718,16,11018,217
10086,1706006766,1706066955,1706077141,16,10186,161
10087,1706006766,1706067513,1706078069,16,10556,164
10088,1706006767,1706067513,1706078299,16,10786,150
10089,1706006767,1706067513,1706078086,16,10573,181
10090,1706006768,1706067513,1706078256,16,10743,163
10091,1706006768,1706067876,1706089507,16,21631,116
10092,1706006769,1706077158,1706077212,16,54,157
10093,1706006769,1706077231,1706077283,16,52,157
10094,1706006770,1706077300,1706077352,16,52,47
10095,1706006770,1706077371,1706077423,16,52,47
10096,1706006857,1706006868,1706007005,1,137,36
10097,1706006919,1706068645,1706068760,2,115,37
10098,1706006967,1706007025,1706010724,1,3699,36
10099,1706006987,1706007329,1706007768,2,439,38
10100,1706007001,1706007001,1706009798,1,2797,37
10101,1706007028,1706008505,1706008619,2,114,32
10102,1706007060,1706007060,1706007415,1,355,34
10103,1706007086,1706007091,1706025930,1,18839,276
10104,1706007098,1706007103,1706050425,1,43322,321
10105,1706007142,1706007340,1706007385,4,45,78
10106,1706007159,1706007167,1706007213,1,46,19
10107,1706007248,1706007249,1706029741,1,22492,233
10108,1706007317,1706007317,1706010558,1,3241,25
10109,1706007433,1706007442,1706007579,4,137,23
10110,1706007435,1706007947,1706008547,1,600,34
10111,1706007435,1706007947,1706008547,1,600,31
10112,1706007470,1706007481,1706012487,1,5006,21
10113,1706007470,1706007481,1706008272,1,791,137
10114,1706007480,1706007487,1706007590,1,103,30
10115,1706007491,1706007504,1706031947,1,24443,330
10116,1706007502,1706007527,1706007554,1,27,26
10117,1706007554,1706007573,1706007867,1,294,55
10118,1706007773,1706007947,1706008862,2,915,35
10119,1706007878,1706007879,1706017958,2,10079,221
10120,1706007933,1706007938,1706016955,1,9017,24
10121,1706007933,1706007939,1706016932,1,8993,23
10122,1706008248,1706008249,1706008273,1,24,16
10123,1706008253,1706008254,1706008275,1,21,18
10124,1706008495,1706008502,1706018998,1,10496,21
10125,1706008548,1706008553,1706018995,1,10442,38
10126,1706008551,1706008553,1706018996,1,10443,22
10127,1706008556,1706008560,1706018949,1,10389,25
10128,1706008558,1706008561,1706018949,1,10388,24
10129,1706008561,1706008564,1706018949,1,10385,25
10130,1706008563,1706008674,1706009426,1,752,32
10131,1706008563,1706008674,1706009426,1,752,34
10132,1706008564,1706008564,1706018950,1,10386,22
10133,1706008567,1706008569,1706018949,1,10380,27
10134,1706008570,1706008573,1706018949,1,10376,25
10135,1706008573,1706008576,1706018949,1,10373,24
10136,1706008576,1706008580,1706018949,1,10369,23
10137,1706008580,1706008584,1706018949,1,10365,25
10138,1706008582,1706008584,1706019100,1,10516,24
10139,1706008585,1706008591,1706019052,1,10461,25
10140,1706008588,1706008591,1706019052,1,10461,23
10141,1706008592,1706008596,1706019099,1,10503,25
10142,1706008595,1706008596,1706019053,1,10457,24
10143,1706008598,1706008600,1706019099,1,10499,23
10144,1706008601,1706008605,1706019055,1,10450,24
10145,1706008605,1706008605,1706019054,1,10449,24
10146,1706008643,1706008644,1706008897,1,253,55
10147,1706008650,1706008654,1706012474,1,3820,22
10148,1706008708,1706008918,1706009218,2,300,24
10149,1706008900,1706008907,1706009604,1,697,37
10150,1706008907,1706010147,1706012652,2,2505,87
10151,1706008907,1706008907,1706008943,2,36,31
10152,1706008911,1706009285,1706009528,2,243,54
10153,1706008925,1706014370,1706016827,2,2457,86
10154,1706008938,1706009901,1706010088,4,187,55
10155,1706008942,1706009901,1706010092,8,191,55
10156,1706008947,1706009655,1706009863,16,208,56
10157,1706008949,1706008951,1706012196,2,3245,30
10158,1706008958,1706009655,1706010294,32,639,43
10159,1706008982,1706009408,1706095800,1,86392,73
10160,1706009046,1706009046,1706009284,1,238,38
10161,1706009066,1706013879,1706013982,4,103,23
10162,1706009070,1706013879,1706014083,4,204,58
10163,1706009266,1706009408,1706031947,1,22539,283
10164,1706009291,1706009533,1706011293,1,1760,34
10165,1706009291,1706009533,1706011293,1,1760,31
10166,1706009350,1706009901,1706012299,1,2398,33
10167,1706009396,1706009397,1706009437,1,40,30
10168,1706009587,1706009587,1706010359,1,772,62
10169,1706009693,1706009693,1706009973,1,280,61
10170,1706009699,1706009901,1706009958,1,57,29
10171,1706009729,1706009778,1706010110,1,332,31
10172,1706009733,1706010127,1706010437,1,310,53
10173,1706009746,1706010097,1706010217,1,120,53
10174,1706009763,1706009901,1706015336,1,5435,37
10175,1706009773,1706010233,1706010837,1,604,75
10176,1706009787,1706068645,1706068828,2,183,41
10177,1706009809,1706009990,1706010080,1,90,61
10178,1706009905,1706011007,1706096581,1,85574,32
10179,1706010019,1706010392,1706019396,1,9004,24
10180,1706010121,1706010923,1706097368,32,86445,354
10181,1706010278,1706010279,1706010381,1,102,30
10182,1706010324,1706010392,1706015425,1,5033,23
10183,1706010344,1706010376,1706010539,1,163,53
10184,1706010358,1706014614,1706014699,4,85,22
10185,1706010406,1706015706,1706102144,32,86438,354
10186,1706010511,1706010515,1706010734,1,219,45
10187,1706010548,1706010556,1706010783,1,227,49
10188,1706010557,1706010558,1706014194,1,3636,41
10189,1706010568,1706010569,1706010867,1,298,75
10190,1706010690,1706010923,1706011117,2,194,45
10191,1706010693,1706010923,1706011119,4,196,47
10192,1706010697,1706010761,1706011405,8,644,53
10193,1706010702,1706010886,1706017694,1,6808,20
10194,1706010702,1706010886,1706017694,1,6808,59
10195,1706010825,1706010884,1706012488,1,1604,48
10196,1706010829,1706010829,1706010906,1,77,51
10197,1706010969,1706012744,1706012974,16,230,69
10198,1706011027,1706011255,1706012485,32,1230,38
10199,1706011032,1706011378,1706012605,64,1227,61
10200,1706011036,1706014261,1706015489,128,1228,413
10201,1706011042,1706013654,1706014888,256,1234,125
10202,1706011058,1706015025,1706016269,256,1244,125
10203,1706011062,1706015621,1706016869,128,1248,413
10204,1706011066,1706016405,1706017649,64,1244,105
10205,1706011070,1706014248,1706015489,32,1241,257
10206,1706011311,1706011311,1706012538,1,1227,75
10207,1706011465,1706011465,1706012723,1,1258,62
10208,1706011562,1706013879,1706065259,1,51380,22
10209,1706011593,1706013879,1706074483,1,60604,20
10210,1706011800,1706011801,1706012230,1,429,67
10211,1706011906,1706011906,1706012035,1,129,80
10212,1706011966,1706012052,1706012290,1,238,94
10213,1706011983,1706086464,1706098931,4,12467,179
10214,1706011984,1706119935,1706132423,4,12488,175
10215,1706011984,1706149822,1706162252,4,12430,175
10216,1706011984,1706164227,1706176812,4,12585,183
10217,1706011984,1706178201,1706190868,4,12667,176
10218,1706011985,1706351455,1706363984,4,12529,178
10219,1706011985,1706364000,1706376450,4,12450,174
10220,1706011985,1706376467,1706388992,4,12525,183
10221,1706011985,1706390730,1706403191,4,12461,173
10222,1706011986,1706404443,1706417159,4,12716,176
10223,1706011986,1706417743,1706430363,4,12620,176
10224,1706011986,1706431120,1706443706,4,12586,191
10225,1706011986,1706458051,1706470524,4,12473,176
10226,1706011987,1706474489,1706486950,4,12461,176
10227,1706011987,1706499040,1706511608,4,12568,197
10228,1706011987,1706543317,1706555962,4,12645,179
10229,1706011988,1706571106,1706583572,4,12466,186
10230,1706011988,1706584532,1706597212,4,12680,177
10231,1706011988,1706612348,1706624810,4,12462,176
10232,1706011988,1706627851,1706640391,4,12540,177
10233,1706011989,1706658049,1706670602,4,12553,175
10234,1706011989,1706670670,1706683095,4,12425,175
10235,1706011989,1706683144,1706695613,4,12469,172
10236,1706011989,1706696641,1706709165,4,12524,189
10237,1706011990,1706723689,1706736296,4,12607,193
10238,1706011990,1706736313,1706748719,4,12406,180
10239,1706012102,1706013623,1706020859,1,7236,91
10240,1706012102,1706013746,1706020990,1,7244,26
10241,1706012161,1706012245,1706012571,1,326,26
10242,1706012204,1706012247,1706015644,2,3397,67
10243,1706012224,1706013251,1706025718,2,12467,24
10244,1706012249,1706012306,1706012442,1,136,94
10245,1706012261,1706012458,1706012583,1,125,94
10246,1706012278,1706016483,1706019916,2,3433,23
10247,1706012327,1706013746,1706013799,4,53,20
10248,1706012328,1706014614,1706024886,1,10272,24
10249,1706012334,1706014614,1706021678,1,7064,27
10250,1706012487,1706013746,1706018740,1,4994,22
10251,1706012523,1706012544,1706012819,1,275,19
10252,1706012771,1706013125,1706026943,1,13818,44
10253,1706012773,1706012774,1706012994,1,220,75
10254,1706012902,1706012902,1706013224,1,322,42
10255,1706012920,1706012926,1706013026,1,100,71
10256,1706012932,1706012936,1706020172,1,7236,58
10257,1706012933,1706013623,1706019061,1,5438,29
10258,1706012933,1706012936,1706013345,1,409,59
10259,1706013011,1706013015,1706013293,1,278,75
10260,1706013022,1706013125,1706013173,1,48,18
10261,1706013133,1706016068,1706102512,16,86444,96
10262,1706013196,1706016068,1706102513,8,86445,78
10263,1706013396,1706013402,1706013469,1,67,59
10264,1706013457,1706013458,1706013813,1,355,29
10265,1706013540,1706013541,1706013903,1,362,38
10266,1706013649,1706013654,1706013730,1,76,58
10267,1706013736,1706013879,1706021787,1,7908,23
10268,1706013820,1706014370,1706071958,1,57588,416
10269,1706013872,1706013879,1706022905,1,9026,25
10270,1706013884,1706014370,1706023382,1,9012,23
10271,1706013961,1706014370,1706100818,1,86448,181
10279,1706013961,1706014370,1706100280,1,85910,195
10280,1706013961,1706014370,1706100818,1,86448,195
10281,1706013961,1706014370,1706100339,1,85969,181
10282,1706013961,1706014370,1706099487,1,85117,183
10283,1706013961,1706014370,1706100818,1,86448,182
10272,1706014058,1706014058,1706014122,1,64,37
10273,1706014110,1706014248,1706014301,4,53,55
10274,1706014218,1706014222,1706014294,1,72,37
10275,1706014282,1706014287,1706014631,1,344,37
10276,1706014297,1706014301,1706015004,1,703,19
10277,1706014333,1706014338,1706014464,1,126,43
10278,1706014338,1706014342,1706014537,1,195,74
10284,1706014512,1706014514,1706014903,1,389,64
10285,1706014540,1706014545,1706015545,1,1000,62
10286,1706014558,1706014559,1706014767,1,208,82
10287,1706014696,1706014698,1706015742,1,1044,267
10288,1706014788,1706014805,1706015576,8,771,33
10289,1706015043,1706015948,1706016046,4,98,33
10290,1706015071,1706016068,1706016143,4,75,78
10291,1706015128,1706015220,1706016133,1,913,61
10292,1706015128,1706015220,1706016133,1,913,62
10293,1706015190,1706015203,1706015456,1,253,42
10294,1706015196,1706015196,1706015724,1,528,108
10295,1706015219,1706015220,1706015730,1,510,108
10296,1706015254,1706015254,1706015736,1,482,108
10297,1706015272,1706015272,1706015741,1,469,112
10298,1706015425,1706015706,1706020730,1,5024,23
10299,1706015468,1706015706,1706021044,1,5338,18
10300,1706015535,1706015568,1706015649,1,81,42
10301,1706015548,1706016068,1706028151,2,12083,96
10302,1706015551,1706015554,1706015599,8,45,44
10303,1706015563,1706015568,1706015647,1,79,46
10304,1706015586,1706015661,1706015744,2,83,45
10305,1706015633,1706016466,1706016766,1,300,83
10306,1706015652,1706015760,1706022992,1,7232,71
10307,1706015695,1706016437,1706019701,1,3264,23
10308,1706015742,1706015760,1706016848,1,1088,267
10309,1706015809,1706015827,1706015995,4,168,24
10310,1706015839,1706015840,1706026201,1,10361,134
10311,1706016023,1706016068,1706016156,4,88,91
10312,1706016075,1706016323,1706016420,4,97,58
10313,1706016120,1706016189,1706031947,1,15758,215
10314,1706016178,1706016183,1706016445,1,262,59
10315,1706016205,1706016437,1706023679,1,7242,69
10316,1706016215,1706016215,1706024093,1,7878,132
10317,1706016239,1706016240,1706027214,1,10974,129
10318,1706016270,1706016271,1706024413,1,8142,129
10319,1706016308,1706016405,1706016456,4,51,34
10320,1706016313,1706016405,1706033182,4,16777,51
10321,1706016348,1706016405,1706016613,1,208,17
10322,1706016381,1706016437,1706016466,2,29,21
10323,1706016417,1706016417,1706016998,1,581,25
10324,1706016626,1706016631,1706016683,4,52,35
10325,1706016633,1706016634,1706016777,1,143,19
10326,1706016740,1706016741,1706016791,1,50,18
10327,1706016777,1706016777,1706031947,1,15170,215
10328,1706016785,1706017862,1706017980,1,118,19
10329,1706016789,1706016790,1706033345,1,16555,349
10330,1706016811,1706016843,1706017040,1,197,56
10331,1706016828,1706018249,1706018816,1,567,19
10332,1706016828,1706018249,1706018816,1,567,22
10333,1706016882,1706017056,1706019240,1,2184,56
10334,1706016932,1706016953,1706025937,1,8984,24
10335,1706016932,1706016953,1706016988,1,35,19
10336,1706016955,1706016971,1706026065,1,9094,24
10337,1706016982,1706016986,1706017038,4,52,34
10338,1706017169,1706017170,1706017295,1,125,93
10339,1706017183,1706017184,1706017679,1,495,28
10340,1706017236,1706017237,1706017277,4,40,19
10341,1706017374,1706017375,1706103800,4,86425,50
10342,1706017377,1706017379,1706103800,4,86421,63
10343,1706017431,1706017431,1706017471,4,40,21
10344,1706017472,1706017488,1706017734,1,246,19
10345,1706017492,1706017493,1706017544,4,51,22
10346,1706017508,1706017710,1706018085,1,375,253
10347,1706017628,1706017785,1706017819,20,34,33
10348,1706017708,1706019973,1706026496,1,6523,95
10349,1706017708,1706019973,1706026496,1,6523,53
10350,1706017837,1706017838,1706018951,1,1113,26
10351,1706017874,1706017875,1706018057,4,182,28
10352,1706017908,1706017928,1706018183,4,255,134
10353,1706017965,1706018102,1706018212,2,110,22
10354,1706017968,1706017969,1706017997,1,28,18
10355,1706017997,1706018007,1706018161,1,154,20
10356,1706018130,1706018131,1706018216,4,85,35
10357,1706018221,1706018234,1706018434,1,200,20
10358,1706018369,1706018370,1706018802,4,432,140
10359,1706018459,1706018463,1706021445,1,2982,42
10360,1706018508,1706018513,1706040136,1,21623,36
10361,1706018510,1706018513,1706018552,4,39,20
10362,1706018586,1706018586,1706018612,4,26,20
10363,1706018615,1706018621,1706023776,1,5155,270
10364,1706018688,1706019354,1706022992,32,3638,37
10365,1706018691,1706030967,1706034616,64,3649,113
10366,1706018694,1706023203,1706026839,128,3636,117
10367,1706018699,1706034757,1706038398,256,3641,330
10368,1706018711,1706037092,1706037623,4,531,26
10369,1706018714,1706038489,1706042122,256,3633,114
10370,1706018718,1706027038,1706030683,128,3645,112
10371,1706018721,1706030967,1706034616,64,3649,43
10372,1706018724,1706028293,1706031943,32,3650,37
10373,1706018740,1706018855,1706023871,1,5016,21
10374,1706018746,1706018855,1706020678,1,1823,27
10375,1706018757,1706018758,1706018836,1,78,19
10376,1706018798,1706018832,1706018971,1,139,22
10377,1706018933,1706018978,1706019079,1,101,26
10378,1706018933,1706018978,1706019095,1,117,23
10379,1706018933,1706019354,1706019484,1,130,33
10380,1706018934,1706019354,1706019504,1,150,23
10381,1706018934,1706019354,1706019537,1,183,18
10382,1706018934,1706019354,1706019573,1,219,25
10383,1706018934,1706019354,1706019654,1,300,26
10384,1706018935,1706019354,1706019743,1,389,31
10385,1706018935,1706019354,1706019951,1,597,41
10386,1706018935,1706019354,1706020974,1,1620,52
10387,1706018964,1706018964,1706019901,1,937,54
10388,1706018993,1706018993,1706019397,1,404,28
10389,1706019011,1706019354,1706020076,1,722,30
10390,1706019079,1706019079,1706019186,1,107,18
10391,1706019148,1706019230,1706019357,1,127,18
10392,1706019301,1706019354,1706020371,1,1017,23
10393,1706019309,1706019323,1706019603,1,280,149
10394,1706019344,1706019626,1706024498,1,4872,39
10395,1706019396,1706020095,1706029116,1,9021,34
10396,1706019519,1706019601,1706019652,1,51,18
10397,1706019558,1706019601,1706019696,1,95,33
10398,1706019713,1706019717,1706019936,1,219,95
10399,1706019732,1706019734,1706020030,1,296,37
10400,1706019802,1706031095,1706034836,4,3741,179
10401,1706019806,1706019813,1706020440,1,627,66
10402,1706019944,1706019960,1706019988,1,28,21
10403,1706019945,1706030967,1706117414,1,86447,92
10404,1706019959,1706030967,1706117338,1,86371,96
10405,1706019963,1706030967,1706117340,1,86373,94
10406,1706019973,1706030967,1706117343,1,86376,93
10407,1706019988,1706019994,1706020464,1,470,121
10408,1706020018,1706020022,1706020472,1,450,18
10409,1706020065,1706020066,1706021921,1,1855,54
10410,1706020089,1706022739,1706029207,1,6468,61
10411,1706020134,1706020501,1706022225,1,1724,58
10412,1706020157,1706020750,1706020876,1,126,22
10413,1706020173,1706020204,1706027305,1,7101,48
10414,1706020284,1706022254,1706026074,1,3820,38
10415,1706020329,1706020481,1706021153,1,672,65
10416,1706020472,1706020594,1706021704,1,1110,24
10417,1706020484,1706020499,1706020733,1,234,20
10418,1706020569,1706020594,1706020745,1,151,20
10419,1706020632,1706021091,1706036631,1,15540,139
10420,1706020657,1706027038,1706040827,1,13789,28
10421,1706020657,1706030463,1706030549,1,86,20
10422,1706020658,1706030842,1706030904,1,62,22
10423,1706020658,1706030842,1706030904,1,62,22
10424,1706020658,1706030842,1706030904,1,62,23
10425,1706020659,1706030842,1706030904,1,62,43
10426,1706020659,1706030842,1706030904,1,62,19
10427,1706020659,1706030842,1706030904,1,62,19
10428,1706020659,1706030842,1706030904,1,62,19
10429,1706020660,1706030842,1706030904,1,62,18
10430,1706020660,1706030842,1706030904,1,62,20
10431,1706020660,1706030842,1706030904,1,62,19
10432,1706020661,1706030842,1706030904,1,62,20
10433,1706020661,1706030842,1706030904,1,62,20
10434,1706020662,1706032363,1706040989,2,8626,59
10435,1706020663,1706032363,1706040841,2,8478,87
10436,1706020663,1706032363,1706040811,2,8448,85
10437,1706020664,1706032363,1706040698,2,8335,57
10438,1706020664,1706032363,1706040613,2,8250,58
10439,1706020664,1706032363,1706040793,2,8430,58
10440,1706020665,1706032363,1706040637,2,8274,59
10441,1706020665,1706032363,1706041056,2,8693,58
10442,1706020665,1706032363,1706040832,2,8469,57
10443,1706020666,1706032363,1706040749,2,8386,58
10444,1706020666,1706032487,1706040983,2,8496,59
10445,1706020667,1706032487,1706042211,2,9724,57
10446,1706020667,1706032487,1706040967,2,8480,57
10447,1706020667,1706032863,1706041451,2,8588,70
10448,1706020668,1706033242,1706041694,2,8452,57
10449,1706020668,1706033242,1706041503,2,8261,59
10450,1706020669,1706033492,1706041847,2,8355,72
10451,1706020669,1706035477,1706043779,2,8302,57
10452,1706020670,1706035601,1706043879,2,8278,57
10453,1706020670,1706036221,1706044691,2,8470,61
10454,1706020671,1706036468,1706044747,2,8279,58
10455,1706020671,1706036344,1706045321,2,8977,58
10456,1706020671,1706036344,1706045107,2,8763,58
10457,1706020672,1706036344,1706045574,2,9230,58
10458,1706020672,1706036344,1706045102,2,8758,72
10459,1706020672,1706036344,1706045381,2,9037,58
10460,1706020673,1706036344,1706045235,2,8891,57
10461,1706020673,1706036468,1706045029,2,8561,66
10462,1706020674,1706036468,1706044940,2,8472,60
10463,1706020674,1706036468,1706046301,2,9833,58
10464,1706020675,1706036468,1706044760,2,8292,58
10465,1706020675,1706036468,1706045707,2,9239,82
10466,1706020677,1706036468,1706045641,2,9173,57
10467,1706020677,1706036468,1706045344,2,8876,57
10468,1706020678,1706036468,1706045438,2,8970,81
10469,1706020678,1706036468,1706044764,2,8296,58
10470,1706020679,1706036592,1706044922,2,8330,75
10471,1706020679,1706036962,1706045221,2,8259,82
10472,1706020680,1706036963,1706045211,2,8248,57
10473,1706020680,1706036963,1706038542,2,1579,58
10474,1706020681,1706036963,1706045242,2,8279,86
10475,1706020681,1706036963,1706045400,2,8437,58
10476,1706020682,1706036963,1706045249,2,8286,170
10477,1706020682,1706036963,1706045310,2,8347,58
10478,1706020682,1706036963,1706045334,2,8371,58
10479,1706020683,1706036963,1706045234,2,8271,58
10480,1706020683,1706036963,1706045479,2,8516,58
10481,1706020683,1706036963,1706045525,2,8562,103
10482,1706020684,1706037092,1706045487,2,8395,58
10483,1706020684,1706037092,1706045566,2,8474,59
10484,1706020685,1706037092,1706045482,2,8390,57
10485,1706020685,1706037092,1706045437,2,8345,70
10486,1706020686,1706037092,1706045630,2,8538,62
10487,1706020687,1706037092,1706045612,2,8520,57
10488,1706020687,1706037092,1706045435,2,8343,58
10489,1706020687,1706037092,1706045553,2,8461,92
10490,1706020688,1706037092,1706045556,2,8464,56
10491,1706020688,1706037092,1706045402,2,8310,75
10492,1706020689,1706037092,1706045288,2,8196,57
10493,1706020689,1706037092,1706045488,2,8396,71
10494,1706020690,1706037469,1706045760,2,8291,66
10495,1706020690,1706037469,1706045736,2,8267,82
10496,1706020690,1706037469,1706045797,2,8328,59
10497,1706020691,1706037593,1706046123,2,8530,57
10498,1706020691,1706037593,1706046135,2,8542,56
10499,1706020692,1706037716,1706045855,2,8139,57
10500,1706020693,1706037716,1706045941,2,8225,58
10501,1706020693,1706037839,1706046133,2,8294,57
10502,1706020694,1706038331,1706047149,2,8818,91
10503,1706020694,1706038331,1706046620,2,8289,76
10504,1706020694,1706038331,1706046746,2,8415,89
10505,1706020695,1706038331,1706046660,2,8329,89
10506,1706020695,1706038331,1706046700,2,8369,59
10507,1706020696,1706038331,1706046663,2,8332,58
10508,1706020696,1706038331,1706046808,2,8477,57
10509,1706020697,1706038331,1706046619,2,8288,72
10510,1706020697,1706038331,1706047159,2,8828,60
10511,1706020697,1706038331,1706047157,2,8826,58
10512,1706020698,1706038331,1706047160,2,8829,58
10513,1706020698,1706038331,1706047150,2,8819,59
10514,1706020699,1706038489,1706046779,2,8290,79
10515,1706020700,1706038489,1706046827,2,8338,58
10516,1706020700,1706038489,1706046781,2,8292,59
10517,1706020701,1706038489,1706046781,2,8292,56
10518,1706020701,1706038489,1706046869,2,8380,71
10519,1706020701,1706038489,1706046791,2,8302,70
10520,1706020702,1706038453,1706046790,2,8337,80
10521,1706020702,1706038453,1706046693,2,8240,82
10522,1706020703,1706038453,1706046785,2,8332,82
10523,1706020703,1706038453,1706046787,2,8334,81
10524,1706020703,1706038453,1706046804,2,8351,63
10525,1706020704,1706038489,1706046823,2,8334,58
10526,1706020704,1706038489,1706046880,2,8391,59
10527,1706020705,1706038489,1706046865,2,8376,364
10528,1706020706,1706038489,1706046768,2,8279,71
10529,1706020706,1706038489,1706046826,2,8337,58
10530,1706020706,1706038489,1706046625,2,8136,59
10531,1706020707,1706038489,1706046734,2,8245,62
10532,1706020707,1706038489,1706046774,2,8285,58
10533,1706020708,1706038489,1706046762,2,8273,82
10534,1706020708,1706038489,1706046762,2,8273,76
10535,1706020709,1706038489,1706048949,2,10460,58
10536,1706020709,1706038489,1706046921,2,8432,61
10537,1706020709,1706038489,1706046756,2,8267,58
10538,1706020710,1706038489,1706046798,2,8309,103
10539,1706020710,1706038489,1706046968,2,8479,59
10540,1706020711,1706038489,1706046977,2,8488,58
10541,1706020712,1706038489,1706047467,2,8978,58
10542,1706020712,1706038489,1706046823,2,8334,103
10543,1706020713,1706038562,1706046796,2,8234,58
10544,1706020713,1706038723,1706053146,2,14423,42
10545,1706020713,1706038723,1706047364,2,8641,63
10546,1706020714,1706038723,1706047259,2,8536,61
10547,1706020714,1706038723,1706046950,2,8227,58
10548,1706020715,1706038723,1706047242,2,8519,58
10549,1706020715,1706038723,1706048047,2,9324,72
10550,1706020715,1706038723,1706046936,2,8213,64
10551,1706020716,1706038723,1706046952,2,8229,65
10552,1706020716,1706038723,1706047224,2,8501,59
10553,1706020717,1706038723,1706047551,2,8828,59
10554,1706020718,1706038723,1706047113,2,8390,62
10555,1706020718,1706038723,1706047156,2,8433,58
10556,1706020719,1706038724,1706047620,2,8896,447
10557,1706020719,1706038724,1706048108,2,9384,74
10558,1706020720,1706038724,1706047195,2,8471,153
10559,1706020722,1706038724,1706047034,2,8310,58
10560,1706020722,1706038797,1706047368,2,8571,58
10561,1706020724,1706038879,1706048482,2,9603,71
10562,1706020724,1706039000,1706047339,2,8339,59
10563,1706020725,1706040630,1706049119,2,8489,59
10564,1706020725,1706040653,1706049676,2,9023,59
10565,1706020725,1706040714,1706048966,2,8252,58
10566,1706020726,1706040758,1706049001,2,8243,59
10567,1706020726,1706040809,1706049024,2,8215,78
10568,1706020727,1706040823,1706049042,2,8219,58
10569,1706020727,1706040838,1706049082,2,8244,84
10570,1706020727,1706040849,1706049746,2,8897,58
10571,1706020728,1706040978,1706049189,2,8211,78
10572,1706020728,1706041002,1706049380,2,8378,87
10573,1706020729,1706041002,1706049287,2,8285,57
10574,1706020729,1706041062,1706049548,2,8486,57
10575,1706020730,1706041523,1706049774,2,8251,60
10576,1706020730,1706024189,1706029270,1,5081,36
10577,1706020730,1706041525,1706049836,2,8311,64
10578,1706020731,1706041715,1706050084,2,8369,57
10579,1706020731,1706041852,1706051415,2,9563,61
10580,1706020731,1706042252,1706052133,2,9881,57
10581,1706020732,1706043799,1706053541,2,9742,59
10582,1706020732,1706043901,1706052173,2,8272,56
10583,1706020733,1706044708,1706053231,2,8523,62
10584,1706020733,1706044776,1706053296,2,8520,58
10585,1706020733,1706044781,1706053290,2,8509,58
10586,1706020734,1706044919,1706053166,2,8247,58
10587,1706020734,1706044939,1706053580,2,8641,75
10588,1706020735,1706044956,1706053346,2,8390,60
10589,1706020735,1706045045,1706053814,2,8769,67
10590,1706020736,1706045112,1706053399,2,8287,57
10591,1706020736,1706045118,1706054380,2,9262,72
10592,1706020736,1706045260,1706054797,2,9537,59
10593,1706020737,1706045260,1706053569,2,8309,86
10594,1706020737,1706045240,1706053688,2,8448,82
10595,1706020737,1706045240,1706053693,2,8453,57
10596,1706020738,1706045260,1706053472,2,8212,59
10597,1706020738,1706045265,1706053495,2,8230,171
10598,1706020739,1706045304,1706053671,2,8367,57
10599,1706020739,1706045327,1706053903,2,8576,58
10600,1706020739,1706045327,1706053788,2,8461,61
10601,1706020740,1706045343,1706054888,2,9545,58
10602,1706020740,1706045351,1706053766,2,8415,58
10603,1706020741,1706045399,1706054747,2,9348,58
10604,1706020741,1706045417,1706053635,2,8218,58
10605,1706020741,1706045419,1706053668,2,8249,76
10606,1706020742,1706045451,1706053630,2,8179,58
10607,1706020742,1706045453,1706053864,2,8411,71
10608,1706020742,1706045455,1706054881,2,9426,82
10609,1706020743,1706045496,1706053722,2,8226,59
10610,1706020743,1706045499,1706053721,2,8222,57
10611,1706020744,1706045504,1706053726,2,8222,58
10612,1706020744,1706045504,1706053570,2,8066,70
10613,1706020744,1706045589,1706053814,2,8225,59
10614,1706020745,1706045589,1706054624,2,9035,69
10615,1706020745,1706045589,1706054426,2,8837,58
10616,1706020746,1706045590,1706055178,2,9588,58
10617,1706020746,1706045629,1706054331,2,8702,58
10618,1706020747,1706045646,1706054538,2,8892,63
10619,1706020747,1706045646,1706054964,2,9318,58
10620,1706020747,1706045658,1706053984,2,8326,58
10621,1706020748,1706045717,1706054830,2,9113,59
10622,1706020748,1706045741,1706054191,2,8450,83
10623,1706020748,1706045770,1706053985,2,8215,83
10624,1706020749,1706045815,1706054064,2,8249,66
10625,1706020749,1706045873,1706054146,2,8273,57
10626,1706020750,1706045962,1706054228,2,8266,58
10627,1706020750,1706046147,1706054493,2,8346,58
10628,1706020750,1706046149,1706054389,2,8240,58
10629,1706020751,1706046155,1706054605,2,8450,58
10630,1706020751,1706046317,1706054767,2,8450,58
10631,1706020752,1706046636,1706055114,2,8478,58
10632,1706020752,1706046638,1706055126,2,8488,73
10633,1706020753,1706046641,1706055257,2,8616,59
10634,1706020753,1706046676,1706055155,2,8479,70
10635,1706020754,1706046679,1706055091,2,8412,57
10636,1706020754,1706046712,1706056530,2,9818,83
10637,1706020755,1706046722,1706055193,2,8471,60
10638,1706020755,1706046761,1706055196,2,8435,62
10639,1706020755,1706046779,1706055324,2,8545,71
10640,1706020756,1706046779,1706055326,2,8547,57
10641,1706020756,1706046796,1706055324,2,8528,71
10642,1706020757,1706046796,1706055235,2,8439,79
10643,1706020757,1706046796,1706055237,2,8441,58
10644,1706020758,1706046796,1706055236,2,8440,81
10645,1706020758,1706046796,1706055198,2,8402,75
10646,1706020759,1706046804,1706055039,2,8235,57
10647,1706020759,1706046804,1706054991,2,8187,58
10648,1706020760,1706046804,1706054878,2,8074,81
10649,1706020760,1706046804,1706054994,2,8190,81
10650,1706020761,1706046818,1706055037,2,8219,71
10651,1706020761,1706046818,1706055125,2,8307,58
10652,1706020761,1706046818,1706055032,2,8214,80
10653,1706020762,1706046818,1706055042,2,8224,102
10654,1706020762,1706046820,1706055124,2,8304,63
10655,1706020763,1706046836,1706054877,2,8041,59
10656,1706020763,1706046840,1706055035,2,8195,58
10657,1706020764,1706046842,1706055122,2,8280,102
10658,1706020764,1706046843,1706055118,2,8275,58
10659,1706020765,1706046843,1706055286,2,8443,58
10660,1706020765,1706046886,1706055121,2,8235,363
10661,1706020766,1706046886,1706055074,2,8188,70
10662,1706020766,1706046896,1706055373,2,8477,58
10663,1706020767,1706046942,1706055224,2,8282,60
10664,1706020767,1706046950,1706055714,2,8764,56
10665,1706020767,1706046957,1706055197,2,8240,63
10666,1706020768,1706046982,1706055190,2,8208,65
10667,1706020768,1706046982,1706055447,2,8465,57
10668,1706020769,1706046985,1706055201,2,8216,58
10669,1706020769,1706047046,1706055279,2,8233,57
10670,1706020770,1706047129,1706055475,2,8346,61
10671,1706020770,1706047166,1706055446,2,8280,72
10672,1706020771,1706047166,1706056266,2,9100,58
10673,1706020771,1706047174,1706055575,2,8401,57
10674,1706020772,1706047174,1706056255,2,9081,59
10675,1706020772,1706047176,1706056133,2,8957,60
10676,1706020773,1706047177,1706056357,2,9180,57
10677,1706020773,1706047240,1706055577,2,8337,58
10678,1706020774,1706047259,1706056057,2,8798,58
10679,1706020774,1706047280,1706055869,2,8589,62
10680,1706020774,1706047355,1706056345,2,8990,58
10681,1706020775,1706047363,1706057100,2,9737,59
10682,1706020775,1706047377,1706056310,2,8933,58
10683,1706020776,1706047377,1706055710,2,8333,62
10684,1706020776,1706047477,1706056234,2,8757,61
10685,1706020777,1706047557,1706056362,2,8805,60
10686,1706020777,1706047638,1706056330,2,8692,58
10687,1706020777,1706048058,1706057270,2,9212,58
10688,1706020778,1706048115,1706057401,2,9286,71
10689,1706020778,1706048499,1706056663,2,8164,62
10690,1706020779,1706048973,1706057090,2,8117,57
10691,1706020779,1706048982,1706057235,2,8253,57
10692,1706020779,1706049020,1706057323,2,8303,60
10693,1706020780,1706049041,1706057364,2,8323,79
10694,1706020781,1706049059,1706057499,2,8440,59
10695,1706020781,1706049100,1706058437,2,9337,85
10696,1706020781,1706049136,1706058645,2,9509,58
10697,1706020782,1706049205,1706058407,2,9202,78
10698,1706020782,1706049303,1706057496,2,8193,58
10699,1706020783,1706049390,1706058503,2,9113,57
10700,1706020783,1706049556,1706059827,2,10271,66
10701,1706020783,1706049699,1706058334,2,8635,59
10702,1706020784,1706049766,1706058606,2,8840,58
10703,1706020784,1706049783,1706057970,2,8187,58
10704,1706020785,1706050114,1706058199,2,8085,57
10705,1706020785,1706049847,1706057874,2,8027,59
10706,1706020786,1706051435,1706059649,2,8214,140
10707,1706020786,1706052150,1706060427,2,8277,58
10708,1706020786,1706052193,1706060453,2,8260,57
10709,1706020787,1706053187,1706061460,2,8273,57
10710,1706020787,1706053248,1706061716,2,8468,61
10711,1706020788,1706053280,1706067715,2,14435,40
10712,1706020789,1706053306,1706062617,2,9311,59
10713,1706020789,1706053313,1706061732,2,8419,59
10714,1706020789,1706053363,1706061666,2,8303,60
10715,1706020790,1706053416,1706063568,2,10152,57
10716,1706020790,1706053489,1706061683,2,8194,58
10717,1706020791,1706053511,1706061632,2,8121,170
10718,1706020791,1706053561,1706061735,2,8174,58
10719,1706020792,1706053585,1706061799,2,8214,87
10720,1706020792,1706053587,1706061966,2,8379,72
10721,1706020792,1706053592,1706061920,2,8328,75
10722,1706020793,1706053646,1706062080,2,8434,58
10723,1706020793,1706053651,1706061723,2,8072,57
10724,1706020794,1706053687,1706061763,2,8076,75
10725,1706020794,1706053687,1706061904,2,8217,57
10726,1706020795,1706053704,1706061890,2,8186,83
10727,1706020795,1706053711,1706061976,2,8265,57
10728,1706020796,1706053739,1706061930,2,8191,57
10729,1706020796,1706053739,1706061935,2,8196,59
10730,1706020797,1706053739,1706061933,2,8194,58
10731,1706020797,1706053771,1706062089,2,8318,58
10732,1706020798,1706053798,1706062254,2,8456,58
10733,1706020798,1706053820,1706062254,2,8434,59
10734,1706020798,1706053820,1706062083,2,8263,61
10735,1706020799,1706053881,1706062485,2,8604,70
10736,1706020799,1706053941,1706062396,2,8455,57
10737,1706020800,1706054001,1706062396,2,8395,57
10738,1706020800,1706054002,1706062226,2,8224,83
10739,1706020801,1706054081,1706062292,2,8211,67
10740,1706020802,1706054163,1706062578,2,8415,58
10741,1706020802,1706054213,1706062522,2,8309,83
10742,1706020803,1706054244,1706062463,2,8219,58
10743,1706020803,1706054357,1706063053,2,8696,57
10744,1706020803,1706054396,1706064033,2,9637,59
10745,1706020804,1706054406,1706063711,2,9305,72
10746,1706020804,1706054442,1706063007,2,8565,57
10747,1706020805,1706054509,1706064360,2,9851,57
10748,1706020805,1706054554,1706063073,2,8519,63
10749,1706020806,1706054611,1706063192,2,8581,57
10750,1706020806,1706054644,1706062914,2,8270,56
10751,1706020807,1706054759,1706063250,2,8491,75
10752,1706020807,1706054776,1706064030,2,9254,59
10753,1706020808,1706054814,1706064077,2,9263,58
10754,1706020808,1706054841,1706063162,2,8321,59
10755,1706020809,1706054896,1706064021,2,9125,59
10756,1706020809,1706054896,1706063331,2,8435,82
10757,1706020810,1706054897,1706063163,2,8266,58
10758,1706020810,1706054898,1706064395,2,9497,134
10759,1706020810,1706054969,1706064763,2,9794,59
10760,1706020811,1706055008,1706063327,2,8319,58
10761,1706020811,1706055010,1706063441,2,8431,81
10762,1706020812,1706055058,1706063425,2,8367,57
10763,1706020812,1706055058,1706063326,2,8268,80
10764,1706020813,1706055058,1706063495,2,8437,58
10765,1706020814,1706055058,1706063539,2,8481,71
10766,1706020814,1706055058,1706065663,2,10605,60
10767,1706020814,1706055081,1706063326,2,8245,102
10768,1706020815,1706055101,1706063407,2,8306,72
10769,1706020815,1706055135,1706063407,2,8272,58
10770,1706020816,1706055135,1706063426,2,8291,57
10771,1706020816,1706055135,1706063363,2,8228,56
10772,1706020817,1706055135,1706063407,2,8272,58
10773,1706020817,1706055141,1706063359,2,8218,364
10774,1706020817,1706055141,1706063358,2,8217,63
10775,1706020818,1706055141,1706063179,2,8038,102
10776,1706020818,1706055171,1706063407,2,8236,70
10777,1706020819,1706055211,1706063429,2,8218,65
10778,1706020832,1706055211,1706065035,2,9824,58
10779,1706020833,1706055211,1706063434,2,8223,87
10780,1706020835,1706055211,1706063242,2,8031,58
10781,1706020835,1706055211,1706063662,2,8451,73
10782,1706020836,1706055213,1706063444,2,8231,62
10783,1706020836,1706055214,1706063488,2,8274,63
10784,1706020836,1706055242,1706063362,2,8120,75
10785,1706020837,1706055242,1706063487,2,8245,61
10786,1706020837,1706055252,1706063511,2,8259,79
10787,1706020838,1706055269,1706063486,2,8217,58
10788,1706020838,1706055232,1706064871,2,9639,58
10789,1706020839,1706055292,1706065135,2,9843,59
10790,1706020839,1706055292,1706063424,2,8132,81
10791,1706020839,1706055341,1706064541,2,9200,70
10792,1706020841,1706055341,1706063679,2,8338,58
10793,1706020842,1706055341,1706065483,2,10142,59
10794,1706020842,1706055390,1706063651,2,8261,58
10795,1706020843,1706055463,1706064029,2,8566,72
10796,1706020843,1706055469,1706064009,2,8540,59
10797,1706020844,1706055480,1706063733,2,8253,78
10798,1706020846,1706055584,1706064087,2,8503,62
10799,1706020846,1706055584,1706064515,2,8931,61
10800,1706020848,1706055726,1706066514,2,10788,61
10801,1706020848,1706055726,1706064450,2,8724,60
10802,1706020849,1706055879,1706064166,2,8287,58
10803,1706020849,1706056064,1706064692,2,8628,63
10804,1706020849,1706056144,1706065041,2,8897,58
10805,1706020850,1706056250,1706065226,2,8976,63
10806,1706020850,1706056272,1706066274,2,10002,58
10807,1706020851,1706056288,1706065114,2,8826,60
10808,1706020851,1706056326,1706064570,2,8244,59
10809,1706020851,1706020892,1706022201,1,1309,274
10810,1706020852,1706056337,1706065115,2,8778,57
10811,1706020852,1706056351,1706064960,2,8609,59
10812,1706020852,1706056362,1706065215,2,8853,58
10813,1706020853,1706056370,1706065048,2,8678,75
10814,1706020854,1706056546,1706064815,2,8269,60
10815,1706020854,1706056668,1706065721,2,9053,71
10816,1706020854,1706057118,1706066259,2,9141,147
10817,1706020855,1706057289,1706065538,2,8249,58
10818,1706020855,1706057118,1706065387,2,8269,58
10819,1706020856,1706057240,1706065792,2,8552,58
10820,1706020856,1706057339,1706066148,2,8809,60
10821,1706020857,1706057372,1706066530,2,9158,56
10822,1706020857,1706057416,1706065535,2,8119,78
10823,1706020857,1706057507,1706066827,2,9320,72
10824,1706020858,1706057514,1706066756,2,9242,58
10825,1706020858,1706057890,1706066973,2,9083,71
10826,1706020859,1706057981,1706066191,2,8210,61
10827,1706020859,1706020968,1706028227,1,7259,26
10828,1706020859,1706058233,1706066523,2,8290,57
10829,1706020860,1706058351,1706066976,2,8625,59
10830,1706020860,1706058423,1706066684,2,8261,79
10831,1706020861,1706058459,1706066683,2,8224,84
10832,1706020861,1706058519,1706067598,2,9079,58
10833,1706020862,1706058623,1706067337,2,8714,59
10834,1706020862,1706058662,1706066934,2,8272,58
10835,1706020862,1706059667,1706068512,2,8845,58
10836,1706020863,1706059854,1706068547,2,8693,58
10837,1706020863,1706060433,1706068953,2,8520,57
10838,1706020864,1706060468,1706068960,2,8492,57
10839,1706020864,1706061481,1706069972,2,8491,57
10840,1706020866,1706020968,1706023676,1,2708,115
10841,1706020867,1706061649,1706069940,2,8291,170
10842,1706020867,1706061683,1706070302,2,8619,60
10843,1706020867,1706061705,1706071021,2,9316,71
10844,1706020868,1706061743,1706070434,2,8691,58
10845,1706020868,1706061743,1706070191,2,8448,62
10846,1706020972,1706021481,1706023473,1,1992,37
10847,1706020990,1706021719,1706028969,1,7250,27
10848,1706021068,1706022244,1706022361,1,117,28
10849,1706021127,1706032114,1706032227,4,113,19
10850,1706021176,1706021216,1706024420,1,3204,25
10851,1706021197,1706021216,1706021464,1,248,34
10852,1706021233,1706021343,1706021486,1,143,21
10853,1706021446,1706032363,1706032441,4,78,19
10854,1706021703,1706021843,1706022841,1,998,27
10855,1706021763,1706031357,1706081793,2,50436,259
10856,1706021966,1706021982,1706022238,1,256,34
10857,1706021995,1706022098,1706022787,1,689,74
10858,1706022095,1706022098,1706022146,1,48,19
10859,1706022109,1706022221,1706022308,1,87,19
10860,1706022207,1706022207,1706029794,8,7587,102
10861,1706022207,1706029812,1706037318,8,7506,104
10862,1706022207,1706037339,1706044862,8,7523,104
10863,1706022207,1706044879,1706049466,8,4587,103
10864,1706022208,1706049490,1706050352,8,862,101
10865,1706022208,1706051231,1706059346,8,8115,103
10866,1706022208,1706059366,1706067144,8,7778,103
10867,1706022208,1706067161,1706074848,8,7687,103
10868,1706022209,1706074867,1706082981,8,8114,103
10869,1706022209,1706082998,1706090725,8,7727,103
10870,1706022209,1706090742,1706098318,8,7576,103
10871,1706022209,1706098336,1706105921,8,7585,104
10872,1706022210,1706105938,1706113551,8,7613,104
10873,1706022210,1706113569,1706121278,8,7709,104
10874,1706022210,1706121295,1706128961,8,7666,104
10875,1706022211,1706128979,1706136724,8,7745,102
10876,1706022211,1706136741,1706137274,8,533,103
10877,1706022211,1706137291,1706142527,8,5236,100
10878,1706022211,1706142532,1706143421,8,889,99
10879,1706022212,1706173467,1706181298,8,7831,103
10880,1706022212,1706181314,1706189001,8,7687,102
10881,1706022212,1706189020,1706196703,8,7683,104
10882,1706022212,1706196721,1706204406,8,7685,100
10883,1706022213,1706204423,1706211968,8,7545,103
10884,1706022213,1706211986,1706219599,8,7613,104
10885,1706022213,1706219616,1706226855,8,7239,103
10886,1706022213,1706226891,1706234544,8,7653,103
10887,1706022214,1706234565,1706242211,8,7646,103
10888,1706022214,1706242228,1706249792,8,7564,102
10889,1706022214,1706249833,1706257642,8,7809,103
10890,1706022215,1706257659,1706265108,8,7449,103
10891,1706022215,1706265127,1706272570,8,7443,103
10892,1706022215,1706272594,1706274373,8,1779,101
10893,1706022215,1706274393,1706280690,8,6297,100
10894,1706022216,1706280715,1706283631,8,2916,101
10895,1706022216,1706284517,1706291938,8,7421,100
10896,1706022216,1706291957,1706296976,8,5019,102
10897,1706022216,1706297005,1706304460,8,7455,102
10898,1706022217,1706304478,1706311954,8,7476,102
10899,1706022217,1706311971,1706319578,8,7607,102
10900,1706022217,1706319596,1706327267,8,7671,102
10901,1706022217,1706327285,1706334961,8,7676,101
10902,1706022218,1706334978,1706342606,8,7628,101
10903,1706022218,1706342630,1706350353,8,7723,102
10904,1706022218,1706350371,1706357977,8,7606,103
10905,1706022219,1706357994,1706365549,8,7555,102
10906,1706022219,1706365581,1706373137,8,7556,101
10907,1706022219,1706373154,1706380745,8,7591,101
10908,1706022219,1706380763,1706388483,8,7720,102
10909,1706022220,1706026047,1706026257,1,210,34
10910,1706022220,1706388501,1706396131,8,7630,102
10911,1706022225,1706026789,1706026886,1,97,31
10912,1706022386,1706022467,1706022505,1,38,15
10913,1706022405,1706022422,1706022641,1,219,20
10914,1706022674,1706022713,1706022746,1,33,15
10915,1706022679,1706022712,1706026007,8,3295,37
10916,1706022887,1706022958,1706024051,1,1093,121
10917,1706022900,1706022959,1706023061,1,102,19
10918,1706022905,1706024440,1706033493,1,9053,28
10919,1706022908,1706022958,1706024045,1,1087,99
10920,1706022940,1706022958,1706023949,1,991,25
10921,1706023115,1706023203,1706023240,1,37,19
10922,1706023122,1706023126,1706023219,1,93,17
10923,1706023132,1706023132,1706023162,1,30,41
10924,1706023297,1706023299,1706023544,1,245,44
10925,1706023298,1706023449,1706026997,4,3548,26
10926,1706023306,1706023325,1706023412,1,87,18
10927,1706023327,1706023448,1706023551,1,103,18
10928,1706023336,1706037092,1706062028,2,24936,126
10929,1706023382,1706024563,1706033625,1,9062,25
10930,1706023431,1706023448,1706023689,1,241,41
10931,1706023440,1706023637,1706023753,1,116,20
10932,1706023484,1706023489,1706028433,1,4944,38
10933,1706023495,1706023560,1706023620,1,60,27
10934,1706023580,1706023705,1706024166,1,461,26
10935,1706023621,1706037092,1706123517,1,86425,89
10936,1706023625,1706023696,1706026495,1,2799,80
10937,1706023629,1706023694,1706023754,1,60,18
10938,1706023716,1706023810,1706024168,1,358,51
10939,1706023719,1706026586,1706032690,2,6104,38
10940,1706023793,1706023816,1706024413,1,597,28
10941,1706023804,1706024686,1706031947,1,7261,311
10942,1706023820,1706024475,1706024821,1,346,257
10943,1706023827,1706024837,1706032059,1,7222,87
10944,1706023871,1706024563,1706029583,1,5020,40
10945,1706023899,1706023942,1706028708,1,4766,19
10946,1706023959,1706030842,1706038636,1,7794,27
10947,1706023960,1706030842,1706030937,1,95,20
10948,1706023960,1706030967,1706042389,1,11422,28
10949,1706023995,1706024066,1706024191,1,125,35
10950,1706024017,1706026660,1706028337,1,1677,33
10951,1706024035,1706026676,1706028120,1,1444,48
10952,1706024060,1706024065,1706035445,1,11380,260
10953,1706024060,1706024182,1706026022,1,1840,19
10954,1706024092,1706024518,1706024991,1,473,60
10955,1706024100,1706024439,1706050663,1,26224,135
10956,1706024111,1706024189,1706024696,1,507,46
10957,1706024135,1706029012,1706029072,1,60,42
10958,1706024197,1706030967,1706053806,1,22839,297
10959,1706024203,1706024219,1706024458,1,239,23
10960,1706024235,1706024316,1706024411,1,95,23
10961,1706024277,1706026513,1706026643,1,130,18
10962,1706024340,1706024440,1706024540,1,100,34
10963,1706024399,1706037092,1706037332,1,240,23
11229,1706024399,1706037092,1706037332,1,240,21
11230,1706024399,1706037092,1706037332,1,240,23
11231,1706024399,1706037092,1706037333,1,241,22
11232,1706024399,1706037092,1706037332,1,240,22
11233,1706024399,1706037092,1706037332,1,240,22
11234,1706024399,1706037092,1706038171,1,1079,27
11235,1706024399,1706037092,1706037332,1,240,22
11236,1706024399,1706037092,1706037332,1,240,46
11237,1706024399,1706037092,1706037332,1,240,47
10964,1706024432,1706024439,1706024773,1,334,25
10965,1706024586,1706024686,1706024842,1,156,21
10966,1706024724,1706024810,1706024895,1,85,32
10967,1706024735,1706030842,1706085514,1,54672,67
10968,1706024739,1706030842,1706085514,1,54672,68
10969,1706024776,1706024810,1706026578,1,1768,17
10970,1706024779,1706037092,1706052476,2,15384,71
10971,1706024806,1706024810,1706025157,1,347,28
10972,1706024858,1706024934,1706025089,1,155,21
10973,1706024861,1706024934,1706025607,1,673,24
10974,1706024971,1706026047,1706099406,1,73359,112
10975,1706024972,1706025311,1706025338,1,27,23
10976,1706024984,1706026047,1706103779,1,77732,118
10977,1706025022,1706026047,1706046208,1,20161,92
10978,1706025036,1706025052,1706025294,1,242,21
10979,1706025075,1706026047,1706058492,1,32445,36
10980,1706025134,1706038332,1706100776,2,62444,40
10981,1706025142,1706025180,1706028817,1,3637,27
10982,1706025143,1706037092,1706052605,2,15513,75
10983,1706025158,1706025181,1706025859,1,678,24
10984,1706025161,1706025181,1706025410,1,229,28
10985,1706025166,1706037092,1706052610,2,15518,76
10986,1706025169,1706038332,1706052617,2,14285,79
10987,1706025182,1706038332,1706052622,2,14290,78
10988,1706025338,1706025355,1706026295,1,940,124
10989,1706025366,1706025548,1706025713,1,165,29
10990,1706025367,1706030842,1706030908,4,66,31
10991,1706025373,1706038332,1706090935,2,52603,84
10992,1706025373,1706038332,1706090937,2,52605,85
10993,1706025373,1706038332,1706090943,2,52611,84
10994,1706025613,1706026513,1706026902,1,389,257
10995,1706025671,1706030842,1706031312,4,470,35
10996,1706025694,1706038332,1706124714,1,86382,107
10997,1706025703,1706038332,1706124742,1,86410,108
10998,1706025719,1706026047,1706034503,2,8456,35
10999,1706025871,1706025920,1706026866,1,946,25
11000,1706025899,1706114132,1706117774,16,3642,56
11001,1706025899,1706072155,1706075788,4,3633,43
11002,1706025900,1706076997,1706080622,4,3625,52
11003,1706025900,1706080767,1706084405,4,3638,52
11004,1706025900,1706084532,1706088156,4,3624,52
11005,1706025900,1706093250,1706096887,8,3637,33
11006,1706025901,1706098337,1706101963,8,3626,49
11007,1706025901,1706103307,1706106951,8,3644,46
11008,1706025926,1706026047,1706026148,1,101,21
11009,1706025937,1706026915,1706035969,1,9054,26
11010,1706025941,1706038332,1706124705,1,86373,110
11011,1706025957,1706038332,1706124705,1,86373,109
11012,1706026049,1706026082,1706026481,1,399,63
11013,1706026058,1706026093,1706026543,1,450,135
11014,1706026065,1706029191,1706038242,1,9051,23
11015,1706026112,1706026313,1706026341,1,28,40
11016,1706026163,1706026170,1706026307,1,137,69
11017,1706026341,1706026357,1706026569,1,212,35
11018,1706026440,1706038332,1706124722,2,86390,121
11019,1706026452,1706038332,1706124723,2,86391,110
11020,1706026457,1706038332,1706124722,2,86390,108
11021,1706026464,1706038332,1706124722,2,86390,111
11022,1706026475,1706030842,1706117233,1,86391,58
11023,1706026530,1706029323,1706033277,1,3954,19
11024,1706026530,1706029323,1706033277,1,3954,33
11025,1706026535,1706026561,1706026660,1,99,42
11026,1706026554,1706026577,1706030447,1,3870,50
11027,1706026567,1706026789,1706026844,1,55,22
11028,1706026576,1706029320,1706029445,1,125,32
11029,1706026577,1706029320,1706035746,1,6426,47
11030,1706026577,1706029577,1706035992,1,6415,37
11031,1706026578,1706029451,1706035889,1,6438,45
11032,1706026578,1706029577,1706029765,1,188,19
11033,1706026578,1706029703,1706036210,1,6507,29
11034,1706026579,1706026789,1706028637,1,1848,37
11035,1706026579,1706029703,1706036294,1,6591,53
11036,1706026579,1706029829,1706036512,1,6683,38
11037,1706026580,1706030463,1706031073,1,610,55
11038,1706026580,1706030716,1706032354,1,1638,62
11039,1706026687,1706030842,1706030908,4,66,21
11040,1706026709,1706026789,1706026827,1,38,20
11041,1706026710,1706026789,1706030439,1,3650,169
11042,1706026833,1706030967,1706117411,1,86444,66
11043,1706026838,1706030967,1706117412,1,86445,92
11044,1706026841,1706027241,1706032579,1,5338,41
11045,1706026844,1706028843,1706029022,1,179,23
11046,1706026845,1706031095,1706117531,1,86436,69
11047,1706026851,1706031095,1706117531,1,86436,99
11048,1706026854,1706031095,1706117531,1,86436,95
11049,1706026859,1706031095,1706117531,1,86436,71
11050,1706026861,1706026915,1706027074,1,159,31
11051,1706026863,1706031095,1706117531,1,86436,70
11052,1706026879,1706026915,1706027053,1,138,23
11053,1706026949,1706026965,1706027220,1,255,18
11054,1706027008,1706039116,1706086883,4,47767,39
11055,1706027014,1706027038,1706027200,1,162,17
11056,1706027020,1706027038,1706027199,1,161,18
11057,1706027031,1706027038,1706027231,1,193,18
11058,1706027037,1706027038,1706027234,1,196,27
11059,1706027053,1706030842,1706085810,1,54968,23
11060,1706027068,1706038332,1706124779,4,86447,64
11061,1706027114,1706027163,1706028145,1,982,29
11062,1706027176,1706030842,1706117291,4,86449,60
11063,1706027203,1706027287,1706055088,1,27801,118
11064,1706027270,1706030842,1706117292,4,86450,73
11065,1706027271,1706027287,1706027394,1,107,17
11066,1706027325,1706027326,1706028431,1,1105,46
11067,1706027343,1706028550,1706029651,1,1101,20
11068,1706027432,1706028450,1706028827,1,377,221
11069,1706027479,1706027788,1706027940,1,152,20
11070,1706027488,1706027914,1706028010,1,96,17
11071,1706027494,1706029064,1706030395,1,1331,41
11072,1706027498,1706028040,1706028237,1,197,30
11073,1706027504,1706028294,1706028427,1,133,18
11074,1706027511,1706028294,1706028389,1,95,20
11075,1706027517,1706028294,1706028389,1,95,19
11076,1706027581,1706039195,1706039234,1,39,32
11077,1706027593,1706030716,1706031959,1,1243,22
11078,1706027657,1706028354,1706028382,1,28,22
11079,1706027660,1706030842,1706032391,2,1549,20
11080,1706027688,1706031229,1706035512,1,4283,111
11081,1706027693,1706031357,1706035630,1,4273,87
11082,1706027711,1706030842,1706032175,2,1333,23
11083,1706027727,1706030842,1706031757,2,915,40
11084,1706027792,1706030842,1706032399,4,1557,34
11085,1706027795,1706030842,1706031858,4,1016,23
11086,1706027798,1706030842,1706031432,4,590,28
11087,1706027845,1706030842,1706031757,3,915,24
11088,1706027848,1706030842,1706032400,3,1558,24
11089,1706027850,1706030842,1706031855,3,1013,24
11090,1706027983,1706028425,1706030263,1,1838,55
11091,1706028015,1706028040,1706028225,1,185,52
11105,1706028208,1706029191,1706043473,4,14282,68
11321,1706028208,1706043492,1706057707,4,14215,69
11586,1706028208,1706057731,1706071940,4,14209,67
11775,1706028208,1706071945,1706086181,4,14236,77
11873,1706028208,1706086197,1706100411,4,14214,69
12160,1706028208,1706100416,1706114646,4,14230,76
12725,1706028208,1706114663,1706128906,4,14243,66
13183,1706028208,1706128922,1706143130,4,14208,69
13567,1706028208,1706143146,1706157370,4,14224,68
13697,1706028208,1706157384,1706170497,4,13113,414
13803,1706028208,1706170518,1706176445,4,5927,86
13804,1706028208,1706176452,1706189225,4,12773,77
13808,1706028208,1706189231,1706189302,4,71,28
11092,1706028227,1706029191,1706036415,1,7224,26
11093,1706028382,1706028444,1706031655,1,3211,157
11094,1706028405,1706039985,1706119958,16,79973,133
11095,1706028427,1706028448,1706028995,1,547,138
11096,1706028441,1706042210,1706112143,16,69933,66
11097,1706028636,1706028893,1706029206,1,313,21
11098,1706028770,1706029064,1706029480,1,416,21
11099,1706028871,1706028933,1706032042,1,3109,233
11100,1706028968,1706029320,1706036574,1,7254,45
11101,1706028982,1706029066,1706029490,1,424,51
11102,1706029078,1706033247,1706036867,1,3620,28
11103,1706029116,1706031095,1706040122,1,9027,23
11104,1706029185,1706029201,1706029466,1,265,33
11106,1706029229,1706029233,1706031623,1,2390,23
11107,1706029270,1706031095,1706036127,1,5032,22
11108,1706029493,1706029576,1706031597,1,2021,19
11109,1706029498,1706029578,1706029733,1,155,19
11110,1706029511,1706029527,1706030095,1,568,222
11111,1706029526,1706029576,1706031399,1,1823,18
11112,1706029583,1706031357,1706036363,1,5006,23
11113,1706029843,1706035774,1706035968,1,194,24
11114,1706029897,1706030333,1706030402,2,69,17
11115,1706029969,1706031462,1706033185,1,1723,31
11116,1706030140,1706030201,1706030433,1,232,20
11117,1706030183,1706031394,1706031446,1,52,134
11118,1706030196,1706030465,1706030697,1,232,51
11119,1706030494,1706030511,1706030822,1,311,122
11120,1706030712,1706030842,1706059633,1,28791,41
11121,1706030826,1706031239,1706032948,1,1709,264
11122,1706030867,1706030884,1706031114,1,230,32
11123,1706030932,1706030967,1706031642,1,675,60
11125,1706030932,1706030967,1706031642,1,675,63
11126,1706030932,1706030967,1706031647,1,680,62
11127,1706030932,1706030967,1706031642,1,675,60
11124,1706030955,1706030967,1706031642,1,675,56
11128,1706030955,1706030967,1706031642,1,675,56
11129,1706030955,1706030967,1706031647,1,680,58
11130,1706030955,1706030967,1706031646,1,679,57
11131,1706030955,1706030967,1706031642,1,675,57
11132,1706031159,1706031175,1706031377,1,202,134
11133,1706031487,1706031640,1706035114,1,3474,23
11134,1706031516,1706031671,1706035117,1,3446,132
11135,1706031600,1706031606,1706034962,1,3356,59
11136,1706031613,1706031986,1706037435,1,5449,27
11137,1706031629,1706038699,1706042037,1,3338,57
11138,1706031632,1706031737,1706033561,1,1824,40
11139,1706031789,1706032193,1706037635,1,5442,23
11140,1706031953,1706031986,1706118433,1,86447,36
11141,1706032009,1706032114,1706038938,1,6824,166
11142,1706032078,1706032114,1706077481,1,45367,43
11143,1706032169,1706032486,1706032516,1,30,18
11144,1706032234,1706032363,1706081577,1,49214,35
11145,1706032236,1706032363,1706079536,1,47173,40
11146,1706032247,1706042210,1706097143,3,54933,47
11147,1706032264,1706032363,1706081670,1,49307,43
11148,1706032278,1706042210,1706097142,3,54932,47
11149,1706032315,1706032363,1706081251,1,48888,35
11150,1706032431,1706032486,1706036117,1,3631,19
11151,1706032461,1706042210,1706097143,3,54933,58
11152,1706032579,1706032706,1706033548,1,842,57
11153,1706032630,1706032697,1706033063,1,366,75
11154,1706032655,1706032656,1706032931,1,275,17
11155,1706032674,1706032706,1706032943,1,237,38
11156,1706032907,1706033084,1706038258,1,5174,75
11157,1706032945,1706032965,1706038914,2,5949,39
11158,1706032977,1706032991,1706033458,1,467,33
11159,1706033012,1706033119,1706033188,16,69,35
11160,1706033035,1706033242,1706082517,1,49275,41
11161,1706033036,1706033242,1706081994,1,48752,39
11162,1706033037,1706033242,1706081665,1,48423,53
11163,1706033038,1706033242,1706082450,1,49208,39
11164,1706033083,1706033119,1706033200,1,81,17
11165,1706033171,1706035133,1706036729,4,1596,51
11166,1706033217,1706033242,1706034591,1,1349,161
11167,1706033455,1706033491,1706033766,1,275,20
11168,1706033493,1706038332,1706047371,1,9039,26
11169,1706033496,1706033870,1706037303,1,3433,57
11170,1706033496,1706039072,1706042413,1,3341,57
11171,1706033496,1706038453,1706041788,1,3335,55
11172,1706033496,1706039116,1706042467,1,3351,60
11173,1706033497,1706039116,1706042448,1,3332,60
11174,1706033497,1706039116,1706042445,1,3329,60
11175,1706033497,1706039116,1706055512,1,16396,64
11176,1706033517,1706033522,1706033767,1,245,34
11177,1706033615,1706033620,1706035452,1,1832,18
11178,1706033624,1706038332,1706047371,1,9039,78
11179,1706033922,1706033992,1706120419,1,86427,20
11180,1706033926,1706034610,1706121054,1,86444,59
11181,1706033930,1706034733,1706121175,1,86442,21
11182,1706033934,1706034733,1706121175,1,86442,20
11183,1706033938,1706034982,1706121416,1,86434,59
11184,1706033943,1706035106,1706121536,1,86430,20
11185,1706033947,1706034982,1706121416,1,86434,21
11186,1706033952,1706034982,1706121416,1,86434,20
11187,1706033956,1706034982,1706121416,1,86434,22
11188,1706033962,1706035354,1706121811,1,86457,20
11189,1706034232,1706034249,1706034358,1,109,19
11190,1706034274,1706037216,1706037628,1,412,57
11191,1706034531,1706035354,1706102891,2,67537,46
11192,1706034586,1706037092,1706080323,8,43231,176
11193,1706034605,1706039564,1706039665,4,101,54
11194,1706034632,1706041032,1706042755,4,1723,62
11195,1706034858,1706042210,1706043589,4,1379,75
11196,1706034998,1706035003,1706035261,1,258,19
11197,1706035071,1706039195,1706042529,1,3334,66
11198,1706035072,1706039195,1706042526,1,3331,68
11199,1706035072,1706039195,1706042538,1,3343,69
11200,1706035072,1706039195,1706042546,1,3351,66
11201,1706035072,1706039317,1706042663,1,3346,78
11202,1706035073,1706039317,1706042646,1,3329,77
11203,1706035073,1706039317,1706055716,1,16399,82
11204,1706035179,1706035277,1706035757,1,480,24
11205,1706035795,1706036962,1706037041,54,79,121
11206,1706035937,1706036344,1706039680,4,3336,196
11207,1706035969,1706038332,1706047346,1,9014,25
11208,1706036087,1706040292,1706046931,2,6639,54
11209,1706036095,1706040790,1706047402,2,6612,56
11210,1706036100,1706041153,1706047670,2,6517,59
11211,1706036104,1706041886,1706048468,2,6582,71
11212,1706036108,1706042210,1706048741,2,6531,55
11213,1706036127,1706038332,1706043358,1,5026,23
11214,1706036363,1706038332,1706043333,1,5001,23
11215,1706036415,1706038332,1706045570,1,7238,28
11216,1706036490,1706036493,1706036996,1,503,24
11217,1706036492,1706036747,1706037218,1,471,26
11218,1706036574,1706038332,1706045580,1,7248,29
11219,1706036855,1706077442,1706077501,16,59,148
11220,1706036856,1706077469,1706077524,16,55,151
11221,1706036856,1706077469,1706077525,16,56,138
11222,1706036857,1706077478,1706077533,16,55,240
11223,1706036858,1706077542,1706077600,16,58,47
11224,1706036858,1706077542,1706077596,16,54,41
11225,1706036860,1706077552,1706077606,16,54,130
11226,1706036919,1706036924,1706039099,1,2175,54
11227,1706036966,1706036978,1706039772,1,2794,68
11228,1706037073,1706037074,1706037315,1,241,33
11238,1706037236,1706042210,1706128656,32,86446,31
11239,1706037296,1706040911,1706056561,1,15650,19
11240,1706037353,1706037593,1706038214,1,621,34
11241,1706037359,1706038208,1706038780,1,572,33
11242,1706037368,1706038331,1706039566,1,1235,34
11243,1706037373,1706038331,1706039566,1,1235,80
11244,1706037399,1706038331,1706038862,1,531,76
11245,1706037405,1706038331,1706038865,1,534,33
11246,1706037546,1706037554,1706038103,1,549,194
11247,1706037546,1706037554,1706038185,2,631,24
11248,1706037744,1706042210,1706126843,4,84633,26
11249,1706037809,1706037809,1706038249,1,440,22
11250,1706038226,1706038230,1706040132,2,1902,25
11251,1706038242,1706039016,1706048018,1,9002,24
11252,1706038677,1706039195,1706039423,1,228,30
11253,1706038858,1706038871,1706038949,1,78,18
11254,1706038979,1706039009,1706041727,1,2718,34
11255,1706039228,1706039229,1706039299,1,70,32
11256,1706039337,1706039355,1706039708,1,353,156
11257,1706039561,1706039561,1706039594,1,33,32
11258,1706039594,1706041153,1706041244,1,91,24
11259,1706039814,1706039815,1706039889,1,74,32
11260,1706040122,1706040152,1706049164,1,9012,34
11261,1706040205,1706040206,1706043829,2,3623,32
11262,1706040482,1706040495,1706040638,1,143,21
11263,1706040784,1706040809,1706040968,1,159,134
11264,1706040866,1706040876,1706040960,1,84,17
11265,1706040881,1706040882,1706053068,1,12186,171
11266,1706041072,1706041072,1706042898,1,1826,20
11267,1706041206,1706041206,1706041245,4,39,33
11268,1706041435,1706041468,1706042183,4,715,67
11269,1706041440,1706041456,1706041527,1,71,31
11270,1706041577,1706041598,1706041669,1,71,31
11271,1706041626,1706042057,1706042490,4,433,189
11272,1706041651,1706041651,1706041752,1,101,19
11273,1706041663,1706041679,1706042116,1,437,95
11274,1706041695,1706041702,1706041877,1,175,20
11275,1706041729,1706041734,1706041818,1,84,25
11276,1706041812,1706042210,1706042739,4,529,146
11277,1706041819,1706041827,1706042576,1,749,19
11278,1706041832,1706041852,1706042017,1,165,72
11279,1706041868,1706042210,1706063841,64,21631,108
11280,1706042114,1706042115,1706043976,1,1861,55
11281,1706042193,1706042201,1706042558,1,357,134
11282,1706042196,1706042210,1706042647,4,437,41
11283,1706042228,1706077613,1706097511,32,19898,123
11284,1706042229,1706077619,1706092240,32,14621,103
11285,1706042229,1706077730,1706081822,32,4092,154
11286,1706042229,1706077738,1706082180,32,4442,116
11287,1706042230,1706077881,1706082221,32,4340,153
11288,1706042230,1706078098,1706081914,32,3816,51
11289,1706042230,1706078103,1706082864,32,4761,83
11290,1706042231,1706078281,1706083077,32,4796,158
11291,1706042231,1706078357,1706082412,32,4055,52
11292,1706042231,1706081840,1706085933,32,4093,138
11293,1706042231,1706081932,1706085750,32,3818,51
11294,1706042232,1706082201,1706086518,32,4317,116
11295,1706042232,1706082242,1706086544,32,4302,54
11296,1706042232,1706082429,1706086600,32,4171,52
11297,1706042233,1706082881,1706087742,32,4861,64
11298,1706042233,1706083095,1706087841,32,4746,55
11299,1706042233,1706085950,1706090033,32,4083,52
11300,1706042234,1706086538,1706090825,32,4287,115
11301,1706042234,1706086568,1706090857,32,4289,54
11302,1706042234,1706086620,1706090800,32,4180,52
11303,1706042312,1706042313,1706042355,4,42,34
11304,1706042709,1706042710,1706042825,1,115,34
11305,1706042827,1706042841,1706043935,1,1094,21
11306,1706042847,1706042847,1706066938,1,24091,23
11307,1706042870,1706042874,1706069618,4,26744,49
11308,1706042900,1706042906,1706043690,4,784,78
11309,1706042901,1706043425,1706043525,4,100,21
11310,1706042988,1706042997,1706043203,2,206,34
11311,1706042995,1706043242,1706043408,2,166,34
11312,1706043002,1706045989,1706046190,2,201,35
11313,1706043233,1706043238,1706043266,1,28,31
11314,1706043266,1706043281,1706043455,1,174,114
11315,1706043333,1706043542,1706048547,1,5005,24
11316,1706043336,1706043338,1706043934,1,596,84
11317,1706043358,1706043542,1706048561,1,5019,23
11318,1706043363,1706043370,1706043466,1,96,41
11319,1706043374,1706043542,1706092728,1,49186,31
11320,1706043474,1706141056,1706191694,1,50638,208
11540,1706043474,1706056473,1706108427,1,51954,183
11542,1706043474,1706056598,1706139243,1,82645,160
11543,1706043474,1706056598,1706138827,1,82229,193
11544,1706043474,1706056598,1706138454,1,81856,200
11548,1706043474,1706056736,1706140100,1,83364,200
11549,1706043474,1706056736,1706110274,1,53538,189
11550,1706043474,1706056736,1706133881,1,77145,179
11552,1706043474,1706056859,1706133954,1,77095,176
11553,1706043474,1706056859,1706143305,1,86446,175
11554,1706043474,1706056859,1706143305,1,86446,227
11555,1706043474,1706056859,1706109213,1,52354,183
11556,1706043474,1706056859,1706139422,1,82563,161
11557,1706043474,1706056859,1706138871,1,82012,170
11558,1706043474,1706056859,1706139615,1,82756,179
11560,1706043474,1706056982,1706140408,1,83426,201
11562,1706043474,1706057118,1706110525,1,53407,189
11563,1706043474,1706057118,1706134109,1,76991,184
11564,1706043474,1706057118,1706134087,1,76969,187
11565,1706043474,1706057118,1706143548,1,86430,171
11568,1706043474,1706057240,1706143670,1,86430,107
11569,1706043474,1706057240,1706109509,1,52269,183
11570,1706043474,1706057240,1706140482,1,83242,171
11571,1706043474,1706057240,1706139700,1,82460,168
11572,1706043474,1706057240,1706139644,1,82404,178
11573,1706043474,1706057240,1706140939,1,83699,203
11574,1706043474,1706057240,1706110764,1,53524,189
11575,1706043474,1706057362,1706135091,1,77729,173
11576,1706043474,1706057362,1706135159,1,77797,179
11578,1706043474,1706057485,1706143914,1,86429,179
11579,1706043474,1706057485,1706143914,1,86429,200
11580,1706043474,1706057485,1706109440,1,51955,184
11581,1706043474,1706057485,1706139843,1,82358,160
11582,1706043474,1706057610,1706139425,1,81815,168
11583,1706043474,1706057610,1706139908,1,82298,175
11587,1706043474,1706057733,1706141043,1,83310,198
11593,1706043474,1706058104,1706111599,1,53495,190
11594,1706043474,1706058104,1706135234,1,77130,173
11595,1706043474,1706058104,1706135253,1,77149,176
11600,1706043474,1706058987,1706145414,1,86427,183
11603,1706043474,1706059239,1706145684,1,86445,145
11604,1706043474,1706059366,1706101266,1,41900,184
11605,1706043474,1706059366,1706120855,1,61489,161
11606,1706043474,1706059366,1706120227,1,60861,168
11607,1706043474,1706059366,1706120498,1,61132,176
11608,1706043474,1706059366,1706120600,1,61234,199
11611,1706043474,1706059741,1706102282,1,42541,185
11612,1706043474,1706059741,1706116631,1,56890,168
11613,1706043474,1706059741,1706116211,1,56470,255
11614,1706043474,1706059865,1706146314,1,86449,172
11615,1706043474,1706059865,1706146314,1,86449,165
11616,1706043474,1706059865,1706101710,1,41845,184
11617,1706043474,1706059865,1706121256,1,61391,162
11618,1706043474,1706059865,1706120875,1,61010,169
11619,1706043474,1706059865,1706121366,1,61501,175
11620,1706043474,1706059865,1706121252,1,61387,199
11621,1706043474,1706059865,1706102310,1,42445,185
11622,1706043474,1706059865,1706116512,1,56647,169
11623,1706043474,1706059865,1706116183,1,56318,181
11624,1706043474,1706059865,1706140235,1,80370,172
11625,1706043474,1706059866,1706146314,1,86448,164
11627,1706043474,1706060238,1706101755,1,41517,183
11628,1706043474,1706060238,1706122351,1,62113,162
11629,1706043474,1706060238,1706121841,1,61603,170
11630,1706043474,1706060238,1706121346,1,61108,176
11631,1706043474,1706060238,1706121542,1,61304,199
11632,1706043474,1706060238,1706102745,1,42507,187
11633,1706043474,1706060238,1706117517,1,57279,168
11634,1706043474,1706060238,1706117378,1,57140,174
11635,1706043474,1706060238,1706133633,1,73395,172
11636,1706043474,1706060500,1706124919,1,64419,189
11637,1706043474,1706060500,1706102139,1,41639,183
11639,1706043474,1706060632,1706122310,1,61678,160
11641,1706043474,1706060881,1706122520,1,61639,172
11643,1706043474,1706061385,1706121920,1,60535,179
11650,1706043474,1706061883,1706123253,1,61370,198
11651,1706043474,1706061883,1706104419,1,42536,210
11652,1706043474,1706061883,1706118691,1,56808,167
11657,1706043474,1706062005,1706118616,1,56611,188
11658,1706043474,1706062005,1706135840,1,73835,171
11659,1706043474,1706062005,1706148447,1,86442,169
11660,1706043474,1706062005,1706095512,1,33507,192
11661,1706043474,1706062005,1706108353,1,46348,163
11662,1706043474,1706062005,1706107671,1,45666,200
11663,1706043474,1706062005,1706109337,1,47332,174
11664,1706043474,1706062005,1706108524,1,46519,197
11665,1706043474,1706062005,1706095913,1,33908,183
11666,1706043474,1706062005,1706109075,1,47070,170
11667,1706043474,1706062005,1706108262,1,46257,177
11668,1706043474,1706062005,1706109827,1,47822,176
11674,1706043474,1706062128,1706109044,1,46916,202
11675,1706043474,1706062128,1706095643,1,33515,182
11676,1706043474,1706062128,1706108463,1,46335,171
11677,1706043474,1706062252,1706108264,1,46012,199
11678,1706043474,1706062252,1706109041,1,46789,202
11679,1706043474,1706062375,1706108951,1,46576,199
11680,1706043474,1706062375,1706096129,1,33754,182
11681,1706043474,1706062375,1706109490,1,47115,175
11682,1706043474,1706062375,1706108880,1,46505,177
11683,1706043474,1706062375,1706110597,1,48222,180
11684,1706043474,1706062375,1706110373,1,47998,201
11685,1706043474,1706062499,1706095743,1,33244,182
11686,1706043474,1706062499,1706109013,1,46514,167
11687,1706043474,1706062499,1706108678,1,46179,175
11688,1706043474,1706062499,1706109004,1,46505,178
11689,1706043474,1706062499,1706108651,1,46152,199
11690,1706043474,1706062499,1706096239,1,33740,183
11691,1706043474,1706062499,1706109878,1,47379,174
11692,1706043474,1706062499,1706109352,1,46853,177
11693,1706043474,1706062622,1706109702,1,47080,205
11694,1706043474,1706062622,1706109258,1,46636,202
11695,1706043474,1706062622,1706096102,1,33480,182
11696,1706043474,1706062622,1706109076,1,46454,171
11697,1706043474,1706062746,1706108655,1,45909,176
11698,1706043474,1706062746,1706109091,1,46345,174
11699,1706043474,1706063002,1706109133,1,46131,199
11700,1706043474,1706063002,1706096689,1,33687,188
11701,1706043474,1706063002,1706110106,1,47104,174
11702,1706043474,1706063002,1706109714,1,46712,178
11703,1706043474,1706063002,1706110039,1,47037,186
11704,1706043474,1706063002,1706109922,1,46920,202
11705,1706043474,1706063002,1706124425,1,61423,192
11706,1706043474,1706063002,1706149442,1,86440,169
11707,1706043474,1706063002,1706149442,1,86440,190
11708,1706043474,1706063002,1706149442,1,86440,184
11709,1706043474,1706063002,1706149442,1,86440,206
11710,1706043474,1706063002,1706125897,1,62895,196
11711,1706043474,1706063125,1706139317,1,76192,182
11712,1706043474,1706063125,1706139292,1,76167,183
12038,1706043474,1706095522,1706179937,1,84415,187
12039,1706043474,1706095650,1706182094,1,86444,191
12041,1706043474,1706095759,1706157178,1,61419,190
12043,1706043474,1706095918,1706182364,1,86446,169
12050,1706043474,1706096109,1706182544,1,86435,180
12051,1706043474,1706096137,1706182574,1,86437,184
12052,1706043474,1706096246,1706182694,1,86448,207
12062,1706043474,1706096697,1706159462,1,62765,198
12183,1706043474,1706101271,1706177600,1,76329,182
12202,1706043474,1706101718,1706177239,1,75521,194
12204,1706043474,1706101769,1706173903,1,72134,147
12220,1706043474,1706102145,1706157152,1,55007,117
12228,1706043474,1706102290,1706163984,1,61694,191
12230,1706043474,1706102325,1706188765,1,86440,169
12245,1706043474,1706102757,1706189215,1,86458,176
12336,1706043474,1706104426,1706190865,1,86439,183
12421,1706043474,1706107687,1706194112,1,86425,231
12440,1706043474,1706108274,1706170785,1,62511,196
12442,1706043474,1706108349,1706185484,1,77135,426
12444,1706043474,1706108365,1706186382,1,78017,187
12445,1706043474,1706108432,1706183128,1,74696,191
12446,1706043474,1706108470,1706190500,1,82030,193
12448,1706043474,1706108529,1706169914,1,61385,191
12454,1706043474,1706108663,1706195103,1,86440,173
12455,1706043474,1706108663,1706195103,1,86440,182
12460,1706043474,1706108683,1706195133,1,86450,184
12467,1706043474,1706108893,1706195314,1,86421,207
12473,1706043474,1706108961,1706171358,1,62397,196
12474,1706043474,1706109021,1706185236,1,76215,183
12475,1706043474,1706109021,1706185313,1,76292,161
12477,1706043474,1706109049,1706180364,1,71315,151
12478,1706043474,1706109049,1706195415,1,86366,159
12485,1706043474,1706109086,1706160270,1,51184,190
12486,1706043474,1706109086,1706179861,1,70775,179
12488,1706043474,1706109096,1706180079,1,70983,183
12490,1706043474,1706109142,1706179745,1,70603,186
12495,1706043474,1706109229,1706179918,1,70689,218
12497,1706043474,1706109272,1706161313,1,52041,193
12501,1706043474,1706109405,1706174800,1,65395,186
12502,1706043474,1706109405,1706174596,1,65191,190
12505,1706043474,1706109445,1706185862,1,76417,183
12506,1706043474,1706109498,1706195945,1,86447,197
12507,1706043474,1706109516,1706160449,1,50933,191
12514,1706043474,1706109707,1706180535,1,70828,179
12516,1706043474,1706109719,1706179793,1,70074,182
12519,1706043474,1706109836,1706180700,1,70864,211
12523,1706043474,1706109895,1706181130,1,71235,206
12524,1706043474,1706109934,1706161860,1,51926,425
12530,1706043474,1706110046,1706175143,1,65097,187
12535,1706043474,1706110122,1706174380,1,64258,189
12539,1706043474,1706110292,1706196725,1,86433,179
12545,1706043474,1706110378,1706196815,1,86437,172
12555,1706043474,1706110530,1706161826,1,51296,205
12561,1706043474,1706110613,1706182150,1,71537,179
12565,1706043474,1706110769,1706182760,1,71991,178
12581,1706043474,1706111612,1706182284,1,70672,187
12799,1706043474,1706116217,1706187043,1,70826,210
12800,1706043474,1706116217,1706168393,1,52176,193
12819,1706043474,1706116528,1706182555,1,66027,186
12821,1706043474,1706116651,1706182538,1,65887,181
12910,1706043474,1706117399,1706184142,1,66743,191
12912,1706043474,1706117523,1706192173,1,74650,198
12954,1706043474,1706118623,1706169655,1,51032,191
12955,1706043474,1706118699,1706189800,1,71101,182
13006,1706043474,1706120244,1706191614,1,71370,183
13012,1706043474,1706120503,1706191031,1,70528,187
13015,1706043474,1706120614,1706191146,1,70532,210
13018,1706043474,1706120885,1706172600,1,51715,193
13019,1706043474,1706120886,1706186676,1,65790,188
13037,1706043474,1706121268,1706187359,1,66091,425
13038,1706043474,1706121268,1706186254,1,64986,190
13043,1706043474,1706121372,1706207816,1,86444,189
13044,1706043474,1706121372,1706163990,1,42618,430
13045,1706043474,1706121552,1706177445,1,55893,182
13058,1706043474,1706121857,1706176241,1,54384,184
13059,1706043474,1706121929,1706177485,1,55556,190
13061,1706043474,1706122317,1706178053,1,55736,208
13062,1706043474,1706122360,1706165651,1,43291,191
13064,1706043474,1706122534,1706173486,1,50952,181
13082,1706043474,1706123258,1706172970,1,49712,185
13111,1706043474,1706124447,1706175046,1,50599,188
13118,1706043474,1706124925,1706175502,1,50577,194
13126,1706043474,1706125905,1706168680,1,42775,189
13340,1706043474,1706133638,1706188717,1,55079,179
13345,1706043474,1706133894,1706189052,1,55158,183
13347,1706043474,1706133966,1706189462,1,55496,185
13349,1706043474,1706134103,1706189686,1,55583,205
13350,1706043474,1706134119,1706177206,1,43087,190
13375,1706043474,1706135099,1706185906,1,50807,180
13376,1706043474,1706135176,1706185809,1,50633,185
13378,1706043474,1706135259,1706185934,1,50675,188
13379,1706043474,1706135259,1706185786,1,50527,193
13397,1706043474,1706135850,1706178462,1,42612,189
13478,1706043474,1706138471,1706194035,1,55564,179
13494,1706043474,1706138843,1706194229,1,55386,183
13495,1706043474,1706138889,1706194167,1,55278,197
13496,1706043474,1706139256,1706194747,1,55491,205
13499,1706043474,1706139308,1706182217,1,42909,190
13500,1706043474,1706139323,1706190327,1,51004,181
13502,1706043474,1706139433,1706190596,1,51163,185
13503,1706043474,1706139433,1706190449,1,51016,189
13506,1706043474,1706139624,1706190305,1,50681,195
13509,1706043474,1706139650,1706182502,1,42852,190
13511,1706043474,1706139730,1706195396,1,55666,178
13512,1706043474,1706139857,1706194895,1,55038,182
13517,1706043474,1706139917,1706195321,1,55404,187
13524,1706043474,1706140106,1706195769,1,55663,214
13530,1706043474,1706140240,1706183218,1,42978,191
13532,1706043474,1706140421,1706191449,1,51028,183
13533,1706043474,1706140496,1706191022,1,50526,189
13539,1706043474,1706140948,1706191815,1,50867,188
11322,1706043565,1706055361,1706055788,4,427,143
11323,1706043608,1706043609,1706045485,1,1876,34
11324,1706043618,1706043954,1706045707,1,1753,32
11325,1706043628,1706063507,1706063701,24,194,94
11326,1706043632,1706043633,1706047252,1,3619,39
11327,1706043652,1706043653,1706047281,1,3628,41
11328,1706043657,1706043707,1706045018,4,1311,202
11329,1706043679,1706043707,1706046411,1,2704,66
11330,1706043704,1706043707,1706043735,1,28,78
11331,1706043704,1706056473,1706091730,4,35257,120
11332,1706043735,1706043747,1706043853,1,106,32
11333,1706043743,1706043846,1706044630,4,784,119
11334,1706043791,1706044739,1706044898,1,159,31
11335,1706043795,1706043846,1706043961,1,115,24
11336,1706043796,1706044939,1706045059,1,120,31
11337,1706043804,1706045076,1706045192,1,116,30
11338,1706043808,1706045118,1706045267,1,149,18
11339,1706043916,1706045124,1706045650,1,526,56
11340,1706043921,1706045124,1706045648,1,524,57
11341,1706043927,1706045265,1706048183,1,2918,31
11342,1706043928,1706043935,1706044010,1,75,38
11343,1706043932,1706045364,1706047522,1,2158,33
11344,1706043939,1706045364,1706045899,1,535,32
11345,1706043940,1706043954,1706044718,1,764,101
11346,1706043944,1706045742,1706046249,1,507,32
11347,1706044024,1706044024,1706044146,1,122,33
11348,1706044071,1706044072,1706044334,1,262,32
11349,1706044218,1706044221,1706044287,1,66,32
11350,1706044265,1706044292,1706045065,1,773,38
11351,1706044332,1706044349,1706044419,1,70,33
11352,1706044336,1706044351,1706044851,1,500,33
11353,1706044376,1706044536,1706046279,1,1743,43
11354,1706044436,1706044647,1706045225,1,578,118
11355,1706044714,1706044725,1706045229,1,504,145
11356,1706044745,1706044776,1706044913,1,137,54
11357,1706044748,1706063969,1706064189,84,220,168
11358,1706044856,1706044857,1706045204,1,347,29
11359,1706044918,1706055735,1706142112,2,86377,97
11360,1706044922,1706044932,1706044996,1,64,22
11361,1706044926,1706055859,1706142229,2,86370,212
11362,1706044946,1706056473,1706080638,1,24165,77
11363,1706044990,1706044994,1706045080,1,86,18
11364,1706045129,1706045134,1706045206,1,72,19
11365,1706045143,1706045145,1706045219,1,74,20
11366,1706045227,1706045260,1706045298,1,38,68
11367,1706045334,1706045343,1706045461,1,118,49
11368,1706045343,1706126412,1706131360,1,4948,73
11369,1706045344,1706126412,1706140173,1,13761,75
11370,1706045519,1706045589,1706088902,4,43313,101
11371,1706045580,1706045989,1706053243,1,7254,27
11372,1706045730,1706045731,1706047625,1,1894,28
11373,1706045940,1706045962,1706046084,1,122,44
11374,1706045943,1706045962,1706046031,1,69,45
11375,1706046253,1706046359,1706046457,4,98,24
11376,1706046348,1706046481,1706046565,4,84,24
11377,1706046433,1706046604,1706047358,1,754,24
11378,1706046433,1706046604,1706047357,1,753,30
11379,1706046433,1706046604,1706047358,1,754,26
11380,1706046434,1706046604,1706047356,1,752,25
11381,1706046434,1706047722,1706048179,1,457,25
11382,1706046434,1706047722,1706048179,1,457,25
11383,1706046435,1706047722,1706048179,1,457,25
11384,1706046469,1706048338,1706105171,1,56833,31
11385,1706046469,1706048338,1706105172,1,56834,30
11386,1706046470,1706048829,1706105173,1,56344,31
11387,1706046470,1706048829,1706105171,1,56342,31
11388,1706046470,1706048829,1706105171,1,56342,41
11389,1706046470,1706048829,1706105171,1,56342,66
11390,1706046471,1706048829,1706105171,1,56342,32
11391,1706046471,1706048829,1706105171,1,56342,31
11392,1706046471,1706051724,1706108828,1,57104,37
11393,1706046471,1706051724,1706108833,1,57109,30
11394,1706046472,1706051724,1706108833,1,57109,30
11395,1706046472,1706051724,1706108833,1,57109,42
11396,1706046472,1706051724,1706108828,1,57104,31
11397,1706046473,1706051724,1706108834,1,57110,30
11398,1706046473,1706052993,1706109530,1,56537,38
11399,1706046473,1706052862,1706109529,1,56667,31
11400,1706046473,1706052862,1706109530,1,56668,31
11401,1706046474,1706052862,1706109530,1,56668,31
11402,1706046474,1706052862,1706109529,1,56667,32
11403,1706046474,1706052862,1706109529,1,56667,31
11404,1706046474,1706052862,1706109530,1,56668,31
11405,1706046475,1706052862,1706109525,1,56663,31
11406,1706046475,1706052862,1706109525,1,56663,30
11407,1706046475,1706053615,1706110607,1,56992,31
11408,1706047001,1706047599,1706134031,1,86432,50
11409,1706047007,1706047599,1706114481,1,66882,51
11410,1706047012,1706047599,1706134031,1,86432,93
11411,1706047015,1706048338,1706134781,1,86443,59
11412,1706047023,1706048338,1706109679,1,61341,30
11413,1706047027,1706047721,1706134151,1,86430,32
11414,1706047034,1706047106,1706050515,1,3409,62
11415,1706047050,1706047599,1706047701,4,102,20
11416,1706047085,1706047097,1706047210,1,113,18
11417,1706047181,1706047217,1706047586,2,369,138
11418,1706047276,1706047280,1706050666,1,3386,37
11419,1706047288,1706047292,1706050678,1,3386,42
11420,1706047346,1706047600,1706056602,1,9002,25
11421,1706047360,1706047363,1706047391,1,28,44
11422,1706047371,1706047722,1706056720,1,8998,24
11423,1706047371,1706047377,1706047464,1,87,19
11424,1706047371,1706047722,1706056731,1,9009,120
11425,1706047391,1706047396,1706047467,1,71,32
11426,1706047532,1706047537,1706047594,1,57,32
11427,1706047666,1706047683,1706047775,1,92,18
11428,1706047675,1706047683,1706051309,1,3626,41
11429,1706047749,1706048217,1706048320,4,103,21
11430,1706047809,1706047809,1706055038,4,7229,94
11431,1706047854,1706047855,1706134240,2,86385,413
11432,1706047906,1706047907,1706047935,1,28,44
11433,1706047934,1706047954,1706048010,1,56,22
11434,1706048018,1706048095,1706057101,1,9006,25
11435,1706048051,1706048058,1706048144,1,86,22
11436,1706048231,1706053739,1706054453,1,714,43
11437,1706048231,1706053862,1706054575,1,713,24
11438,1706048232,1706053862,1706054578,1,716,24
11439,1706048232,1706053862,1706054576,1,714,25
11440,1706048232,1706053862,1706054578,1,716,26
11441,1706048232,1706054364,1706055103,1,739,24
11442,1706048233,1706054364,1706055104,1,740,25
11443,1706048233,1706054487,1706055198,1,711,26
11444,1706048233,1706054611,1706055309,1,698,24
11445,1706048234,1706054611,1706055311,1,700,26
11446,1706048234,1706054739,1706055453,1,714,25
11447,1706048234,1706054739,1706055454,1,715,30
11448,1706048407,1706048462,1706049493,1,1031,36
11449,1706048424,1706048435,1706048490,1,55,18
11450,1706048429,1706048462,1706048669,1,207,24
11451,1706048436,1706048706,1706049707,1,1001,27
11452,1706048473,1706048706,1706048795,4,89,57
11453,1706048547,1706048583,1706053576,1,4993,24
11454,1706048561,1706048706,1706053723,1,5017,24
11455,1706048658,1706048675,1706048749,1,74,18
11456,1706048679,1706048685,1706048740,1,55,19
11457,1706048863,1706051475,1706051580,4,105,28
11458,1706048866,1706048870,1706048898,1,28,19
11459,1706048869,1706049973,1706051015,1,1042,35
11460,1706048898,1706048898,1706048988,1,90,44
11461,1706048925,1706048925,1706048953,1,28,19
11462,1706049032,1706051599,1706051683,4,84,28
11463,1706049065,1706049080,1706049149,1,69,45
11464,1706049164,1706049847,1706058856,1,9009,23
11465,1706049264,1706049270,1706049894,1,624,150
11466,1706049284,1706049286,1706049314,1,28,18
11467,1706049314,1706049322,1706049409,1,87,19
11468,1706049454,1706049490,1706049755,1,265,20
11469,1706049491,1706049492,1706069597,1,20105,87
11470,1706049598,1706049848,1706051662,1,1814,91
11471,1706049598,1706049973,1706051688,1,1715,66
11472,1706049599,1706051099,1706052853,1,1754,72
11473,1706049599,1706051223,1706052930,1,1707,84
11474,1706049599,1706051725,1706053460,1,1735,65
11475,1706049599,1706051725,1706053427,1,1702,94
11476,1706049600,1706051978,1706053692,1,1714,64
11477,1706049731,1706049766,1706049841,1,75,19
11478,1706049830,1706051978,1706053692,1,1714,52
11479,1706049831,1706051978,1706053690,1,1712,55
11480,1706049831,1706052612,1706054345,1,1733,55
11481,1706049831,1706052612,1706054338,1,1726,57
11482,1706049831,1706052863,1706054593,1,1730,70
11483,1706049832,1706052993,1706055428,1,2435,84
11484,1706049832,1706053120,1706054848,1,1728,171
11485,1706049923,1706049923,1706050357,1,434,70
11486,1706049940,1706055361,1706107778,1,52417,41
11487,1706049946,1706055361,1706064224,1,8863,42
11488,1706049982,1706050596,1706056028,1,5432,20
11489,1706050014,1706050014,1706050083,1,69,19
11490,1706050142,1706050142,1706050490,1,348,112
11491,1706050173,1706050224,1706051705,1,1481,19
11492,1706050291,1706050308,1706050483,1,175,47
11493,1706050311,1706050374,1706050402,1,28,99
11494,1706050402,1706050420,1706050476,1,56,99
11495,1706050590,1706050607,1706050673,1,66,18
11496,1706050602,1706050618,1706051409,1,791,137
11497,1706050602,1706050619,1706051699,1,1080,296
11498,1706050641,1706050683,1706053553,1,2870,30
11499,1706051011,1706051012,1706051182,1,170,24
11500,1706051319,1706051331,1706051423,1,92,37
11501,1706051547,1706051568,1706051778,1,210,127
11502,1706051547,1706051568,1706051719,1,151,32
11503,1706051671,1706051724,1706094916,1,43192,156
11504,1706051744,1706051750,1706051831,1,81,31
11505,1706051778,1706063125,1706083972,1,20847,71
11506,1706051792,1706053492,1706053967,1,475,65
11507,1706051928,1706053492,1706055184,1,1692,92
11508,1706051973,1706051980,1706052073,1,93,45
11509,1706052318,1706052320,1706052405,2,85,31
11510,1706052319,1706052320,1706052967,1,647,39
11511,1706052525,1706063125,1706106292,2,43167,87
11512,1706052678,1706063125,1706106352,2,43227,82
11513,1706052708,1706063248,1706106395,2,43147,88
11514,1706052714,1706063380,1706106547,2,43167,394
11515,1706052722,1706063248,1706106398,2,43150,88
11516,1706053021,1706053021,1706053050,1,29,38
11517,1706053050,1706053066,1706053148,1,82,31
11518,1706053243,1706053368,1706060604,1,7236,57
11519,1706053375,1706053380,1706053408,1,28,31
11520,1706053408,1706053416,1706053521,1,105,31
11521,1706053554,1706053561,1706057103,1,3542,33
11522,1706053576,1706055859,1706060855,1,4996,28
11523,1706053723,1706056227,1706061244,1,5017,25
11524,1706053781,1706053798,1706055274,1,1476,136
11525,1706053849,1706053872,1706053932,1,60,32
11526,1706054144,1706063248,1706083308,1,20060,77
11527,1706054864,1706054986,1706055030,1,44,34
11528,1706054968,1706054969,1706055022,1,53,31
11529,1706055116,1706055135,1706055611,1,476,103
11530,1706055453,1706055484,1706060065,1,4581,492
11531,1706055491,1706055735,1706060512,1,4777,492
11532,1706055648,1706055735,1706061641,1,5906,82
11533,1706055854,1706055859,1706063605,1,7746,30
11534,1706055924,1706055982,1706142405,1,86423,182
11535,1706055927,1706056105,1706114630,1,58525,185
11536,1706056178,1706056227,1706056582,1,355,78
11537,1706056213,1706056227,1706061676,1,5449,19
11538,1706056443,1706056449,1706060083,1,3634,41
11539,1706056451,1706056452,1706060083,1,3631,41
11541,1706056489,1706056495,1706056611,1,116,33
11545,1706056602,1706059866,1706068870,1,9004,25
11546,1706056720,1706059866,1706068871,1,9005,25
11547,1706056731,1706059866,1706068888,1,9022,25
11551,1706056746,1706063380,1706087592,1,24212,41
11559,1706056861,1706056982,1706057021,1,39,34
11561,1706057100,1706059866,1706068889,1,9023,25
11566,1706057206,1706057207,1706057235,1,28,32
11567,1706057235,1706057242,1706057308,1,66,31
11577,1706057424,1706057432,1706058136,1,704,137
11584,1706057717,1706057733,1706059478,1,1745,65
11585,1706057721,1706057733,1706059482,1,1749,64
11588,1706057999,1706058104,1706059830,1,1726,72
11589,1706058002,1706058356,1706059092,1,736,62
11590,1706058005,1706058356,1706058805,1,449,61
11591,1706058008,1706058487,1706058937,1,450,61
11592,1706058039,1706058104,1706058176,1,72,20
11596,1706058209,1706058736,1706096748,1,38012,134
11597,1706058441,1706058487,1706060387,1,1900,74
11598,1706058702,1706058714,1706058780,1,66,31
11599,1706058856,1706063125,1706072134,1,9009,24
11601,1706059143,1706059143,1706059171,1,28,32
11602,1706059171,1706059184,1706059869,1,685,252
11609,1706059382,1706059407,1706059474,1,67,32
11610,1706059609,1706059620,1706059843,1,223,118
11626,1706059928,1706063002,1706096777,2,33775,83
11638,1706060604,1706063125,1706070364,1,7239,31
11640,1706060855,1706063125,1706068122,1,4997,22
11642,1706061244,1706063248,1706068265,1,5017,28
11644,1706061528,1706061761,1706064082,1,2321,26
11645,1706061559,1706061761,1706064162,1,2401,74
11646,1706061582,1706061761,1706064268,1,2507,35
11647,1706061634,1706061883,1706065930,1,4047,112
11648,1706061654,1706061883,1706065631,1,3748,102
11649,1706061664,1706061883,1706065795,1,3912,112
11653,1706061945,1706062005,1706065345,1,3340,41
11654,1706061963,1706062005,1706065448,1,3443,41
11655,1706061977,1706062005,1706065448,1,3443,41
11656,1706062004,1706062005,1706065452,1,3447,49
11669,1706062016,1706062128,1706065415,1,3287,57
11670,1706062030,1706062128,1706065565,1,3437,60
11671,1706062089,1706062128,1706065851,1,3723,126
11672,1706062115,1706062128,1706066036,1,3908,26
11673,1706062127,1706062128,1706066211,1,4083,63
11713,1706063761,1706063761,1706063797,1,36,31
11714,1706064093,1706064208,1706067418,64,3210,128
11715,1706064381,1706064388,1706068092,1,3704,112
11716,1706064423,1706064424,1706068210,1,3786,137
11717,1706064429,1706064430,1706068471,1,4041,122
11718,1706064457,1706064457,1706068102,1,3645,114
11719,1706064463,1706064464,1706068111,1,3647,112
11720,1706064469,1706064479,1706068189,1,3710,112
11721,1706064523,1706064524,1706068259,1,3735,116
11722,1706064532,1706064532,1706068263,1,3731,105
11723,1706064536,1706064537,1706068560,1,4023,55
11724,1706064576,1706064577,1706066809,1,2232,55
11725,1706064583,1706064584,1706066800,1,2216,49
11726,1706064589,1706064590,1706066972,1,2382,47
11727,1706064604,1706064605,1706066859,1,2254,58
11728,1706064611,1706064611,1706066871,1,2260,58
11729,1706064617,1706064618,1706066949,1,2331,27
11730,1706064631,1706064632,1706066788,1,2156,36
11731,1706064641,1706064641,1706066798,1,2157,26
11732,1706064649,1706064649,1706066866,1,2217,26
11733,1706064834,1706064834,1706068198,1,3364,45
11734,1706064844,1706064844,1706068275,1,3431,45
11735,1706064850,1706064850,1706068267,1,3417,56
11736,1706064870,1706064876,1706068301,1,3425,59
11737,1706064876,1706064880,1706068516,1,3636,40
11738,1706064882,1706064884,1706068500,1,3616,41
11739,1706064897,1706064902,1706068303,1,3401,40
11740,1706064904,1706064906,1706068602,1,3696,42
11741,1706064915,1706064916,1706068626,1,3710,40
11742,1706064958,1706064959,1706068305,1,3346,41
11743,1706064964,1706064965,1706068386,1,3421,54
11744,1706064972,1706064972,1706068367,1,3395,55
11745,1706064986,1706064988,1706068404,1,3416,58
11746,1706064991,1706065005,1706068626,1,3621,58
11747,1706064996,1706065057,1706068689,1,3632,57
11748,1706065014,1706065057,1706068513,1,3456,56
11749,1706065024,1706065057,1706068793,1,3736,40
11750,1706065030,1706065057,1706068794,1,3737,41
11751,1706065120,1706065121,1706068777,1,3656,63
11752,1706065126,1706065130,1706068732,1,3602,56
11753,1706065132,1706065133,1706068853,1,3720,58
11754,1706065149,1706065151,1706068867,1,3716,27
11755,1706065156,1706065160,1706068895,1,3735,40
11756,1706065161,1706065164,1706069150,1,3986,63
11757,1706065175,1706065182,1706068893,1,3711,63
11758,1706065181,1706065182,1706068903,1,3721,63
11759,1706065186,1706065236,1706069261,1,4025,57
11760,1706067164,1706067164,1706067203,1,39,31
11761,1706067519,1706067519,1706067617,1,98,31
11762,1706067690,1706067691,1706067744,1,53,31
11763,1706068023,1706075918,1706098150,64,22232,109
11764,1706068122,1706068127,1706073131,1,5004,21
11765,1706068265,1706068280,1706073292,1,5012,40
11766,1706068870,1706068884,1706077867,1,8983,24
11767,1706068870,1706068884,1706077899,1,9015,38
11768,1706068888,1706068902,1706077899,1,8997,28
11769,1706068889,1706068902,1706077937,1,9035,27
11770,1706069613,1706069614,1706112993,1,43379,64
11771,1706069654,1706069654,1706153820,1,84166,180
11772,1706069654,1706069658,1706150468,1,80810,192
11773,1706069655,1706069658,1706133009,1,63351,194
11774,1706070364,1706070365,1706077597,1,7232,26
11776,1706072134,1706072150,1706081192,1,9042,22
11777,1706073131,1706073138,1706078157,1,5019,31
11778,1706073292,1706073308,1706078320,1,5012,22
11779,1706074744,1706076152,1706076967,1,815,26
11780,1706075328,1706075329,1706075384,1,55,31
11781,1706075478,1706075479,1706075534,1,55,31
11782,1706075830,1706075845,1706075899,1,54,31
11783,1706076465,1706076465,1706076534,1,69,31
11784,1706076622,1706076622,1706083863,1,7241,54
11785,1706077596,1706077613,1706084864,1,7251,28
11786,1706077867,1706077881,1706086892,1,9011,29
11787,1706077899,1706077915,1706086936,1,9021,30
11788,1706077899,1706077915,1706086911,1,8996,26
11789,1706077936,1706077945,1706086961,1,9016,25
11790,1706078157,1706078174,1706083158,1,4984,31
11791,1706078320,1706078336,1706083353,1,5017,21
11792,1706079707,1706079707,1706103328,1,23621,45
11793,1706080063,1706080063,1706080099,2,36,31
11794,1706080552,1706080657,1706081794,1,1137,27
11795,1706080932,1706087759,1706102538,32,14779,67
11796,1706080932,1706087858,1706101808,32,13950,58
11797,1706080932,1706090845,1706102302,32,11457,139
11798,1706080933,1706090882,1706102262,32,11380,54
11799,1706080933,1706090918,1706103479,32,12561,47
11800,1706080933,1706090983,1706103207,32,12224,51
11801,1706080933,1706091203,1706104082,32,12879,118
11802,1706080934,1706098783,1706110276,32,11493,48
11803,1706080934,1706098801,1706112202,32,13401,73
11804,1706080934,1706099017,1706110480,32,11463,82
11805,1706080935,1706101829,1706115883,32,14054,58
11806,1706080953,1706102269,1706115833,32,13564,40
11807,1706080954,1706102325,1706113763,32,11438,137
11808,1706080954,1706102325,1706113989,32,11664,83
11809,1706080954,1706102554,1706112455,32,9901,67
11810,1706080955,1706102715,1706112577,32,9862,54
11811,1706080955,1706120503,1706131910,32,11407,32
11812,1706080955,1706120503,1706131918,32,11415,60
11813,1706080955,1706120503,1706131923,32,11420,31
11814,1706080956,1706120503,1706131927,32,11424,51
11815,1706080956,1706120504,1706131924,32,11420,50
11816,1706081192,1706081201,1706090252,1,9051,45
11817,1706081262,1706081263,1706081295,2,32,31
11818,1706081887,1706081887,1706081971,2,84,31
11819,1706081926,1706081926,1706083722,1,1796,31
11820,1706082508,1706082509,1706082591,2,82,31
11821,1706082738,1706082738,1706082822,2,84,31
11822,1706083158,1706083165,1706088165,1,5000,24
11823,1706083353,1706083370,1706088404,1,5034,31
11824,1706083376,1706083377,1706091666,2,8289,71
11825,1706083377,1706083377,1706091777,2,8400,59
11826,1706083377,1706083377,1706091663,2,8286,61
11827,1706083377,1706083381,1706091906,2,8525,71
11828,1706083378,1706083381,1706091662,2,8281,64
11829,1706083378,1706083381,1706091775,2,8394,72
11830,1706083378,1706084263,1706092586,2,8323,58
11831,1706083379,1706084265,1706092586,2,8321,61
11832,1706083379,1706084410,1706092746,2,8336,56
11833,1706083380,1706084410,1706092663,2,8253,56
11834,1706083380,1706084422,1706092747,2,8325,56
11835,1706083380,1706084422,1706092755,2,8333,56
11836,1706083766,1706083769,1706083852,2,83,31
11837,1706083792,1706084263,1706084393,4,130,108
11838,1706083804,1706084263,1706084396,4,133,42
11839,1706083909,1706083910,1706083941,2,31,54
11840,1706083973,1706083981,1706084436,2,455,32
11841,1706084147,1706084161,1706084428,1,267,26
11842,1706084154,1706084263,1706084406,1,143,21
11843,1706084163,1706084263,1706084413,1,150,58
11844,1706084168,1706084263,1706084417,1,154,23
11845,1706084226,1706084227,1706084311,2,84,32
11846,1706084449,1706084449,1706147837,1,63388,39
11847,1706084452,1706084453,1706110942,1,26489,75
11848,1706084457,1706084457,1706147752,1,63295,37
11849,1706084461,1706084462,1706108290,1,23828,41
11850,1706084682,1706084683,1706101278,1,16595,31
11851,1706084683,1706085101,1706101687,1,16586,32
11852,1706084683,1706085101,1706101656,1,16555,43
11853,1706084683,1706085101,1706101625,1,16524,31
11854,1706084683,1706085101,1706101654,1,16553,32
11855,1706084684,1706085101,1706101659,1,16558,32
11856,1706084684,1706085101,1706101702,1,16601,31
11857,1706084684,1706085101,1706101672,1,16571,31
11858,1706084685,1706085101,1706101771,1,16670,32
11859,1706084685,1706085240,1706101802,1,16562,31
11860,1706084685,1706085240,1706101830,1,16590,31
11861,1706084685,1706085284,1706101819,1,16535,73
11862,1706084798,1706084799,1706085245,1,446,26
11863,1706084800,1706084803,1706085241,1,438,32
11864,1706084864,1706084893,1706092124,1,7231,29
11865,1706084877,1706084893,1706085614,1,721,137
11866,1706085112,1706085113,1706085660,2,547,216
11867,1706085525,1706085768,1706086727,4,959,46
11868,1706085563,1706085580,1706086244,1,664,137
11869,1706085642,1706085740,1706120970,1,35230,69
11870,1706085643,1706085740,1706120970,1,35230,68
11871,1706085646,1706085861,1706086722,1,861,19
11872,1706085723,1706085741,1706086297,2,556,248
11874,1706086330,1706086333,1706086780,2,447,253
11875,1706086442,1706086443,1706086542,4,99,20
11876,1706086449,1706086450,1706087771,1,1321,53
11877,1706086454,1706086455,1706086551,4,96,24
11878,1706086506,1706086506,1706087771,1,1265,46
11879,1706086518,1706086518,1706087771,1,1253,38
11880,1706086702,1706086840,1706086957,4,117,20
11881,1706086762,1706086763,1706096116,2,9353,37
11882,1706086892,1706086901,1706095924,1,9023,38
11883,1706086911,1706086918,1706095924,1,9006,29
11884,1706086936,1706086945,1706095961,1,9016,26
11885,1706086961,1706086974,1706095995,1,9021,30
11886,1706087328,1706087329,1706087427,4,98,17
11887,1706087346,1706087350,1706116141,1,28791,45
11888,1706087457,1706087465,1706173846,2,86381,109
11889,1706087489,1706167751,1706189394,1,21643,50
11890,1706087489,1706355625,1706377259,1,21634,124
11891,1706087489,1706377273,1706398893,1,21620,37
11892,1706087490,1706414123,1706435771,1,21648,36
11893,1706087495,1706167751,1706189394,1,21643,41
11894,1706087495,1706355625,1706377259,1,21634,124
11895,1706087496,1706377273,1706398893,1,21620,41
11896,1706087496,1706414732,1706436371,1,21639,39
11897,1706087511,1706168603,1706190234,1,21631,64
11898,1706087511,1706355625,1706377259,1,21634,124
11899,1706087512,1706377273,1706398893,1,21620,49
11900,1706087512,1706414852,1706436491,1,21639,395
11901,1706087518,1706168603,1706190234,1,21631,54
11902,1706087518,1706355625,1706377259,1,21634,124
11903,1706087518,1706377273,1706398893,1,21620,56
11904,1706087518,1706417262,1706438891,1,21629,53
11905,1706087640,1706087642,1706130887,1,43245,238
11906,1706087646,1706117983,1706121625,16,3642,35
11907,1706087646,1706130917,1706134540,16,3623,37
11908,1706087646,1706139272,1706142913,16,3641,33
11909,1706087647,1706150809,1706154458,16,3649,415
11910,1706087647,1706159677,1706163324,16,3647,415
11911,1706087647,1706164227,1706167859,16,3632,32
11912,1706087648,1706088159,1706091786,4,3627,46
11913,1706087648,1706092157,1706095806,4,3649,46
11914,1706087648,1706096963,1706100610,4,3647,70
11915,1706087648,1706102147,1706105781,4,3634,47
11916,1706087649,1706110360,1706113987,4,3627,33
11917,1706087649,1706114258,1706117893,4,3635,34
11918,1706087649,1706117983,1706121625,4,3642,54
11919,1706087649,1706122063,1706125707,4,3644,30
11920,1706087650,1706130672,1706134300,4,3628,33
11921,1706087650,1706137414,1706141053,4,3639,33
11922,1706087650,1706110360,1706113987,8,3627,37
11923,1706087650,1706114132,1706117774,8,3642,37
11924,1706087651,1706118383,1706122015,8,3632,424
11925,1706087651,1706124968,1706128598,8,3630,112
11926,1706087651,1706134966,1706138594,8,3628,31
11927,1706087652,1706139272,1706142913,8,3641,32
11928,1706087652,1706150809,1706154458,8,3649,41
11929,1706087824,1706087825,1706091455,1,3630,55
11930,1706087839,1706087841,1706091484,1,3643,29
11931,1706088165,1706088172,1706093165,1,4993,23
11932,1706088404,1706088419,1706093439,1,5020,23
11933,1706088517,1706088518,1706089143,1,625,28
11934,1706088541,1706088542,1706088627,1,85,25
11935,1706088576,1706088577,1706124623,1,36046,22
11936,1706088765,1706088766,1706133195,1,44429,24
11937,1706088887,1706088889,1706130419,1,41530,40
11938,1706088887,1706088889,1706130398,1,41509,54
11939,1706088888,1706088889,1706130388,1,41499,51
11940,1706089005,1706089005,1706089050,1,45,18
11941,1706089229,1706089230,1706089426,4,196,20
11942,1706089246,1706089248,1706089522,1,274,27
11943,1706089262,1706089263,1706174328,1,85065,21
11944,1706089349,1706089349,1706174156,1,84807,27
11945,1706089442,1706089444,1706093074,1,3630,53
11946,1706089562,1706089607,1706089778,16,171,116
11947,1706089777,1706089904,1706117755,16,27851,103
11948,1706089900,1706089904,1706090091,4,187,23
11949,1706089933,1706090051,1706090859,32,808,51
11950,1706090070,1706090073,1706093704,1,3631,46
11951,1706090140,1706090141,1706095564,1,5423,22
11952,1706090155,1706090219,1706097414,1,7195,34
11953,1706090155,1706090219,1706097414,1,7195,33
11954,1706090234,1706090262,1706094027,4,3765,65
11955,1706090252,1706090262,1706099304,1,9042,26
11956,1706090373,1706090381,1706091083,1,702,212
11957,1706090390,1706090393,1706091127,1,734,45
11958,1706090730,1706090730,1706108828,1,18098,33
11959,1706090882,1706090882,1706092713,1,1831,31
11960,1706090938,1706090945,1706091229,1,284,28
11961,1706090986,1706090988,1706091026,1,38,19
11962,1706091071,1706091100,1706091183,32,83,108
11963,1706091157,1706091161,1706091236,2,75,24
11964,1706091391,1706091679,1706134901,4,43222,76
11965,1706091415,1706091415,1706091441,2,26,24
11966,1706091418,1706091435,1706091539,1,104,33
11967,1706091471,1706091472,1706091497,2,25,24
11968,1706091494,1706092261,1706092504,32,243,93
11969,1706091534,1706091795,1706091857,1,62,53
11970,1706091632,1706091795,1706178162,2,86367,103
11971,1706091633,1706091795,1706178223,2,86428,96
11972,1706091633,1706091795,1706178162,2,86367,104
11973,1706091680,1706091683,1706091774,2,91,44
11974,1706091723,1706091724,1706105878,1,14154,53
11975,1706091790,1706091795,1706093586,1,1791,69
11976,1706091805,1706091916,1706127907,1,35991,45
11977,1706091866,1706091866,1706100360,1,8494,30
11978,1706091956,1706092036,1706093737,1,1701,55
11979,1706092005,1706092006,1706092501,1,495,32
11980,1706092124,1706092157,1706099379,1,7222,29
11981,1706092126,1706092157,1706092240,1,83,19
11982,1706092126,1706092157,1706092240,1,83,32
11983,1706092127,1706092385,1706121466,1,29081,30
11984,1706092127,1706092431,1706121461,1,29030,128
11985,1706092127,1706092522,1706121467,1,28945,79
11986,1706092128,1706092523,1706121466,1,28943,93
11987,1706092128,1706092522,1706121461,1,28939,29
11988,1706092128,1706092522,1706121467,1,28945,80
11989,1706092128,1706092522,1706121467,1,28945,92
11990,1706092129,1706092523,1706121466,1,28943,80
11991,1706092204,1706092522,1706094232,1,1710,81
11992,1706092204,1706092523,1706094237,1,1714,90
11993,1706092205,1706092522,1706094252,1,1730,65
11994,1706092205,1706092522,1706094253,1,1731,65
11995,1706092205,1706092522,1706094236,1,1714,76
11996,1706092206,1706092522,1706094234,1,1712,87
11997,1706092206,1706092522,1706094231,1,1709,78
11998,1706092206,1706092522,1706093271,1,749,67
11999,1706092206,1706092522,1706093265,1,743,64
12000,1706092207,1706092522,1706093265,1,743,63
12001,1706092207,1706092522,1706093265,1,743,68
12002,1706092207,1706092522,1706093266,1,744,64
12003,1706092207,1706092523,1706093258,1,735,65
12004,1706092208,1706092523,1706093263,1,740,91
12005,1706092208,1706092523,1706093265,1,742,91
12006,1706092231,1706092261,1706112207,1,19946,362
12007,1706092256,1706092261,1706092368,1,107,22
12008,1706092481,1706092481,1706096106,1,3625,55
12009,1706092525,1706092535,1706092781,1,246,39
12010,1706092538,1706092538,1706093020,2,482,138
12011,1706092732,1706092740,1706094573,1,1833,31
12012,1706092784,1706092791,1706121461,1,28670,31
12013,1706092784,1706092791,1706121461,1,28670,29
12014,1706092784,1706092791,1706121466,1,28675,28
12015,1706092784,1706092791,1706121461,1,28670,29
12016,1706092928,1706092939,1706094166,1,1227,34
12017,1706092959,1706092960,1706094167,1,1207,32
12018,1706093164,1706093172,1706098188,1,5016,21
12019,1706093439,1706093463,1706098485,1,5022,23
12020,1706093544,1706094054,1706094504,4,450,283
12021,1706093744,1706093747,1706093801,1,54,21
12022,1706093760,1706093760,1706093904,1,144,27
12023,1706093784,1706093785,1706097425,1,3640,53
12024,1706093805,1706093809,1706101028,1,7219,38
12025,1706093962,1706093967,1706094067,1,100,22
12026,1706093963,1706093967,1706094176,2,209,49
12027,1706094138,1706094182,1706123135,2,28953,246
12028,1706094275,1706095864,1706095976,2,112,19
12029,1706094351,1706094352,1706094675,2,323,53
12030,1706094571,1706094571,1706095695,4,1124,281
12031,1706094902,1706094911,1706094952,1,41,19
12032,1706094926,1706094926,1706097747,2,2821,56
12033,1706095083,1706095086,1706098718,1,3632,29
12034,1706095096,1706095096,1706098718,1,3622,41
12035,1706095118,1706098334,1706098668,32,334,73
12036,1706095127,1706098334,1706098676,128,342,106
12037,1706095273,1706095362,1706095414,1,52,18
12040,1706095696,1706096353,1706098282,4,1929,442
12042,1706095868,1706096231,1706096289,1,58,17
12044,1706095924,1706098783,1706107804,1,9021,29
12045,1706095924,1706098783,1706107788,1,9005,35
12046,1706095961,1706098783,1706107788,1,9005,42
12047,1706095995,1706098783,1706107788,1,9005,38
12048,1706096046,1706096055,1706096280,1,225,36
12049,1706096090,1706098783,1706099850,1,1067,26
12053,1706096251,1706096254,1706096620,1,366,73
12054,1706096345,1706096348,1706096419,8,71,36
12055,1706096411,1706096411,1706097466,1,1055,49
12056,1706096592,1706098334,1706112781,1,14447,37
12057,1706096612,1706098334,1706112781,1,14447,27
12058,1706096625,1706098334,1706112781,1,14447,37
12059,1706096644,1706098690,1706113114,1,14424,27
12060,1706096651,1706098690,1706104487,1,5797,19
12061,1706096661,1706098690,1706105473,1,6783,21
12063,1706096726,1706098783,1706099502,4,719,41
12064,1706096783,1706098690,1706117665,1,18975,116
12065,1706096792,1706107490,1706108051,4,561,51
12066,1706096842,1706098690,1706185130,2,86440,81
12067,1706097127,1706098783,1706113470,1,14687,28
12068,1706097323,1706097575,1706184016,1,86441,34
12069,1706097323,1706098783,1706113469,1,14686,30
12070,1706097326,1706098783,1706113474,1,14691,29
12071,1706097329,1706098783,1706113480,1,14697,23
12072,1706097333,1706098783,1706113474,1,14691,24
12073,1706097336,1706097575,1706184016,1,86441,19
12074,1706097338,1706098783,1706113474,1,14691,30
12075,1706097342,1706098783,1706113462,1,14679,26
12076,1706097343,1706097575,1706184017,1,86442,20
12077,1706097344,1706098783,1706113477,1,14694,24
12078,1706097348,1706098783,1706113523,1,14740,26
12079,1706097351,1706097575,1706184017,1,86442,20
12080,1706097351,1706098783,1706113490,1,14707,26
12081,1706097357,1706098783,1706113479,1,14696,26
12082,1706097361,1706098783,1706113428,1,14645,47
12083,1706097364,1706097575,1706184017,1,86442,19
12084,1706097364,1706098783,1706113459,1,14676,40
12085,1706097367,1706098783,1706113462,1,14679,28
12086,1706097370,1706098783,1706113465,1,14682,26
12087,1706097372,1706097575,1706184017,1,86442,21
12088,1706097373,1706098783,1706113461,1,14678,41
12089,1706097376,1706098783,1706113455,1,14672,28
12090,1706097380,1706098783,1706113428,1,14645,31
12091,1706097380,1706097575,1706184017,1,86442,21
12092,1706097382,1706098783,1706113463,1,14680,30
12093,1706097386,1706098783,1706113459,1,14676,30
12094,1706097388,1706097575,1706184017,1,86442,22
12095,1706097388,1706097408,1706104637,1,7229,53
12096,1706097395,1706098334,1706184768,1,86434,40
12097,1706097402,1706098334,1706184768,1,86434,38
12098,1706097411,1706098334,1706184768,1,86434,38
12099,1706097416,1706097455,1706104697,1,7242,48
12100,1706097416,1706097455,1706104697,1,7242,31
12101,1706097503,1706097503,1706098154,1,651,64
12102,1706097554,1706097555,1706102568,1,5013,63
12103,1706097565,1706097945,1706100541,1,2596,59
12104,1706097735,1706097821,1706098110,1,289,23
12105,1706097752,1706098783,1706185220,2,86437,68
12106,1706097759,1706098783,1706185220,2,86437,85
12107,1706097765,1706098783,1706185174,2,86391,85
12108,1706097769,1706098783,1706185174,2,86391,88
12109,1706097771,1706097949,1706098131,1,182,102
12110,1706097772,1706098783,1706185174,2,86391,78
12111,1706097792,1706097809,1706097933,1,124,31
12112,1706097792,1706097809,1706097917,1,108,37
12113,1706097932,1706098783,1706099027,1,244,28
12114,1706097932,1706098783,1706099027,1,244,20
12115,1706097932,1706098783,1706099027,1,244,18
12116,1706097932,1706098783,1706099027,1,244,20
12117,1706097933,1706098783,1706099027,1,244,23
12118,1706097933,1706098783,1706099027,1,244,19
12119,1706097933,1706098783,1706099027,1,244,36
12120,1706097933,1706098783,1706099027,1,244,18
12121,1706098121,1706098334,1706098423,2,89,34
12122,1706098188,1706098783,1706103788,1,5005,21
12123,1706098206,1706120504,1706137980,16,17476,148
12124,1706098237,1706120504,1706138162,16,17658,154
12125,1706098266,1706098272,1706102201,1,3929,47
12126,1706098267,1706120504,1706138238,16,17734,163
12127,1706098297,1706120504,1706139162,16,18658,224
12128,1706098369,1706098376,1706098795,1,419,47
12129,1706098449,1706099326,1706099532,1,206,82
12130,1706098484,1706098783,1706103788,1,5005,21
12131,1706098521,1706098581,1706100427,2,1846,34
12132,1706098551,1706099549,1706099688,1,139,134
12133,1706098617,1706098735,1706099310,1,575,127
12134,1706098663,1706098735,1706098867,1,132,24
12135,1706098696,1706098726,1706102824,1,4098,35
12136,1706098706,1706098783,1706099000,32,217,82
12137,1706098708,1706098783,1706185220,4,86437,54
12138,1706098771,1706098783,1706102412,1,3629,23
12139,1706098837,1706098860,1706098963,1,103,47
12140,1706098837,1706098889,1706098964,1,75,24
12141,1706098839,1706099053,1706099112,1,59,31
12142,1706098839,1706099056,1706100094,1,1038,137
12143,1706098968,1706098969,1706105103,1,6134,25
12144,1706099053,1706099704,1706100154,1,450,145
12145,1706099091,1706099197,1706101909,1,2712,47
12146,1706099098,1706099128,1706099180,1,52,31
12147,1706099136,1706099137,1706099187,1,50,17
12148,1706099304,1706099316,1706108330,1,9014,23
12149,1706099317,1706099318,1706099371,8,53,35
12150,1706099379,1706099389,1706106630,1,7241,29
12151,1706099445,1706099452,1706178811,1,79359,57
12152,1706099700,1706099701,1706102042,1,2341,25
12153,1706099963,1706099964,1706102037,1,2073,21
12154,1706100135,1706100146,1706107372,1,7226,32
12155,1706100164,1706100164,1706100568,1,404,18
12156,1706100227,1706100227,1706100876,1,649,52
12157,1706100360,1706100368,1706108895,1,8527,31
12158,1706100378,1706100378,1706101452,4,1074,39
12159,1706100410,1706100559,1706101909,1,1350,60
12161,1706100598,1706100602,1706101886,1,1284,23
12162,1706100663,1706100893,1706101211,1,318,72
12163,1706100710,1706100710,1706101404,8,694,196
12164,1706100740,1706100741,1706101708,1,967,28
12165,1706100895,1706101045,1706102297,1,1252,43
12166,1706100918,1706101229,1706101308,1,79,72
12167,1706100928,1706100930,1706187349,1,86419,183
12168,1706100928,1706100930,1706180379,1,79449,181
12169,1706100928,1706100930,1706187349,1,86419,181
12170,1706100928,1706100930,1706184582,1,83652,182
12171,1706100928,1706100930,1706178047,1,77117,181
12172,1706100928,1706100930,1706187349,1,86419,190
12173,1706100954,1706100954,1706124153,1,23199,20
12174,1706100954,1706124170,1706147356,1,23186,20
12175,1706100954,1706147381,1706170571,1,23190,22
12176,1706100955,1706170588,1706193851,1,23263,22
12177,1706100955,1706193868,1706217033,1,23165,40
12178,1706100955,1706231685,1706255005,1,23320,413
12179,1706100956,1706255021,1706278460,1,23439,21
12180,1706100956,1706278477,1706301788,1,23311,27
12181,1706100956,1706304296,1706327594,1,23298,21
12182,1706101014,1706101014,1706101036,1,22,17
12184,1706101304,1706101306,1706101898,1,592,59
12185,1706101351,1706101354,1706110543,1,9189,118
12186,1706101354,1706101354,1706110552,1,9198,71
12187,1706101357,1706101360,1706110534,1,9174,144
12188,1706101360,1706101364,1706110519,1,9155,82
12189,1706101414,1706101414,1706103882,1,2468,72
12190,1706101446,1706101447,1706102692,8,1245,196
12191,1706101456,1706101457,1706184847,1,83390,180
12192,1706101457,1706101461,1706101701,4,240,40
12193,1706101552,1706101553,1706115994,1,14441,69
12194,1706101564,1706101564,1706107437,1,5873,26
12195,1706101569,1706101572,1706108298,1,6726,32
12196,1706101599,1706101927,1706102096,1,169,22
12197,1706101626,1706101643,1706187472,1,85829,189
12198,1706101626,1706101643,1706186102,1,84459,180
12199,1706101626,1706101643,1706182944,1,81301,182
12200,1706101626,1706101643,1706188069,1,86426,186
12201,1706101662,1706101669,1706101836,1,167,36
12203,1706101753,1706101770,1706102072,4,302,56
12205,1706101774,1706101787,1706102620,1,833,28
12206,1706101784,1706101787,1706116204,1,14417,26
12207,1706101790,1706101796,1706107587,1,5791,20
12208,1706101791,1706101796,1706134677,4,32881,38
12209,1706101795,1706101796,1706102689,1,893,23
12210,1706101795,1706101796,1706108665,1,6869,59
12211,1706101930,1706120504,1706139360,16,18856,135
12212,1706101952,1706105037,1706107104,4,2067,46
12213,1706101958,1706101958,1706102987,1,1029,28
12214,1706101973,1706101973,1706103034,1,1061,25
12215,1706101990,1706101994,1706103018,1,1024,26
12216,1706102082,1706102084,1706103093,1,1009,25
12217,1706102087,1706102088,1706109831,4,7743,78
12218,1706102095,1706102096,1706103107,1,1011,24
12219,1706102110,1706102111,1706103104,1,993,27
12221,1706102148,1706102152,1706103252,1,1100,38
12222,1706102167,1706102169,1706103264,1,1095,59
12223,1706102176,1706102181,1706102939,1,758,30
12224,1706102180,1706102181,1706103262,1,1081,55
12225,1706102223,1706102224,1706103313,1,1089,55
12226,1706102238,1706102250,1706103336,1,1086,53
12227,1706102251,1706102254,1706103346,1,1092,46
12229,1706102315,1706102325,1706109562,1,7237,38
12231,1706102367,1706102373,1706102935,1,562,22
12232,1706102386,1706102653,1706102830,1,177,63
12233,1706102401,1706102402,1706103010,1,608,148
12234,1706102439,1706102439,1706102478,1,39,22
12235,1706102587,1706102626,1706125921,1,23295,23
12236,1706102587,1706125943,1706149296,1,23353,23
12237,1706102587,1706149317,1706172665,1,23348,23
12238,1706102588,1706172717,1706195997,1,23280,21
12239,1706102588,1706196014,1706219341,1,23327,21
12240,1706102588,1706231728,1706255142,1,23414,21
12241,1706102589,1706255159,1706278558,1,23399,21
12242,1706102589,1706278574,1706301935,1,23361,21
12243,1706102589,1706304167,1706327599,1,23432,56
12244,1706102739,1706104151,1706104404,64,253,93
12246,1706102773,1706102912,1706103441,1,529,77
12247,1706102866,1706103042,1706103231,2,189,25
12248,1706102874,1706103893,1706104133,64,240,63
12249,1706103169,1706123183,1706123356,1,173,51
12250,1706103192,1706103306,1706103416,1,110,19
12251,1706103209,1706103297,1706103437,1,140,21
12252,1706103274,1706103275,1706104526,1,1251,153
12253,1706103338,1706104427,1706105194,1,767,65
12254,1706103338,1706103428,1706104232,1,804,26
12255,1706103338,1706103428,1706104231,1,803,28
12256,1706103339,1706103428,1706104231,1,803,33
12257,1706103339,1706103428,1706104233,1,805,40
12258,1706103339,1706104427,1706105196,1,769,66
12259,1706103339,1706104427,1706105198,1,771,67
12260,1706103340,1706104427,1706105197,1,770,67
12261,1706103369,1706103370,1706126619,1,23249,20
12262,1706103369,1706126639,1706149877,1,23238,20
12263,1706103369,1706154517,1706177683,1,23166,26
12264,1706103370,1706177707,1706200908,1,23201,26
12265,1706103370,1706200925,1706224135,1,23210,26
12266,1706103370,1706231817,1706255123,1,23306,23
12267,1706103371,1706255148,1706278480,1,23332,22
12268,1706103371,1706278500,1706301841,1,23341,22
12269,1706103371,1706304296,1706327557,1,23261,22
12270,1706103389,1706103400,1706103836,1,436,137
12271,1706103444,1706104102,1706133078,4,28976,122
12272,1706103449,1706103889,1706103918,1,29,20
12273,1706103450,1706103453,1706104401,1,948,81
12274,1706103457,1706104151,1706165591,1,61440,21
12275,1706103457,1706104151,1706165775,1,61624,22
12276,1706103457,1706104151,1706134691,1,30540,25
12277,1706103458,1706104151,1706134611,1,30460,42
12278,1706103458,1706104151,1706134786,1,30635,21
12279,1706103458,1706104151,1706165566,1,61415,25
12280,1706103459,1706104151,1706165877,1,61726,25
12281,1706103459,1706104151,1706134375,1,30224,46
12282,1706103466,1706104427,1706105951,24,1524,424
12283,1706103530,1706103558,1706103734,1,176,60
12284,1706103530,1706103751,1706106792,1,3041,73
12285,1706103531,1706103853,1706106800,1,2947,82
12286,1706103541,1706103899,1706103983,1,84,61
12287,1706103542,1706103999,1706105506,1,1507,175
12288,1706103542,1706104653,1706105772,1,1119,136
12289,1706103616,1706104427,1706105901,24,1474,438
12290,1706103746,1706103809,1706107463,1,3654,44
12291,1706103764,1706103807,1706104096,1,289,35
12292,1706103788,1706104427,1706109432,1,5005,65
12293,1706103788,1706104427,1706109416,1,4989,67
12294,1706103850,1706104151,1706190592,1,86441,26
12295,1706103850,1706104151,1706190592,1,86441,25
12296,1706103851,1706104151,1706139329,1,35178,26
12297,1706103851,1706104151,1706139154,1,35003,52
12298,1706103851,1706104151,1706139403,1,35252,44
12299,1706103851,1706104151,1706139224,1,35073,20
12300,1706103852,1706104151,1706190592,1,86441,22
12301,1706103852,1706104151,1706190592,1,86441,22
12302,1706103854,1706104151,1706173284,1,69133,21
12303,1706103855,1706104151,1706173666,1,69515,36
12304,1706103855,1706104151,1706134630,1,30479,35
12305,1706103855,1706104151,1706135040,1,30889,110
12306,1706103855,1706104151,1706135084,1,30933,21
12307,1706103856,1706104151,1706134390,1,30239,42
12308,1706103856,1706104151,1706174345,1,70194,22
12309,1706103856,1706104151,1706173605,1,69454,36
12310,1706103859,1706104151,1706157364,1,53213,21
12311,1706103859,1706104153,1706157592,1,53439,26
12312,1706103859,1706104153,1706185760,1,81607,26
12313,1706103859,1706104153,1706185903,1,81750,29
12314,1706103860,1706104248,1706185971,1,81723,28
12315,1706103860,1706104248,1706185955,1,81707,26
12316,1706103860,1706104250,1706157524,1,53274,33
12317,1706103860,1706104250,1706157484,1,53234,40
12318,1706103863,1706104427,1706190862,1,86435,66
12319,1706103863,1706104427,1706190862,1,86435,67
12320,1706103863,1706104427,1706190862,1,86435,67
12321,1706103864,1706104427,1706190862,1,86435,70
12322,1706103864,1706104427,1706190862,1,86435,68
12323,1706103864,1706104427,1706190862,1,86435,69
12324,1706103864,1706104427,1706190862,1,86435,69
12325,1706103865,1706104427,1706190862,1,86435,69
12326,1706103899,1706104102,1706105295,1,1193,34
12327,1706103961,1706103962,1706108835,1,4873,89
12328,1706103963,1706106354,1706107917,10,1563,476
12329,1706104080,1706114126,1706116197,4,2071,449
12375,1706104080,1706106354,1706108331,4,1977,431
12376,1706104080,1706106354,1706108416,4,2062,431
12377,1706104080,1706106354,1706108500,4,2146,436
12378,1706104080,1706106354,1706108453,4,2099,443
12379,1706104080,1706106354,1706108816,4,2462,432
12381,1706104080,1706106610,1706108609,4,1999,431
12382,1706104080,1706106610,1706108704,4,2094,437
12383,1706104080,1706106610,1706108648,4,2038,436
12384,1706104080,1706106610,1706108550,4,1940,445
12385,1706104080,1706106610,1706108648,4,2038,445
12386,1706104080,1706106610,1706108567,4,1957,450
12387,1706104080,1706106610,1706108536,4,1926,442
12388,1706104080,1706106610,1706108864,4,2254,491
12389,1706104080,1706106610,1706108474,4,1864,450
12401,1706104080,1706107118,1706109173,4,2055,445
12402,1706104080,1706107118,1706109163,4,2045,445
12403,1706104080,1706107118,1706109052,4,1934,439
12404,1706104080,1706107118,1706109065,4,1947,441
12405,1706104080,1706107118,1706109032,4,1914,456
12406,1706104080,1706107118,1706109089,4,1971,454
12417,1706104080,1706107503,1706109606,4,2103,443
12431,1706104080,1706107886,1706109952,4,2066,436
12432,1706104080,1706107886,1706109937,4,2051,445
12433,1706104080,1706107886,1706109887,4,2001,432
12434,1706104080,1706108014,1706109862,4,1848,432
12435,1706104080,1706108014,1706109898,4,1884,437
12449,1706104080,1706108530,1706110552,4,2022,436
12450,1706104080,1706108530,1706110600,4,2070,436
12451,1706104080,1706108530,1706110394,4,1864,450
12457,1706104080,1706108664,1706110665,4,2001,446
12458,1706104080,1706108664,1706110741,4,2077,450
12459,1706104080,1706108664,1706110752,4,2088,442
12463,1706104080,1706108792,1706110760,4,1968,445
12464,1706104080,1706108792,1706110827,4,2035,437
12465,1706104080,1706108792,1706110849,4,2057,431
12471,1706104080,1706108926,1706111341,4,2415,431
12480,1706104080,1706109058,1706110969,4,1911,456
12481,1706104080,1706109058,1706110913,4,1855,432
12482,1706104080,1706109058,1706111013,4,1955,429
12483,1706104080,1706109058,1706110983,4,1925,431
12491,1706104080,1706109184,1706111292,4,2108,444
12492,1706104080,1706109184,1706111127,4,1943,455
12493,1706104080,1706109184,1706111062,4,1878,436
12494,1706104080,1706109184,1706111284,4,2100,431
12498,1706104080,1706109314,1706111354,4,2040,445
12510,1706104080,1706109576,1706111569,4,1993,430
12511,1706104080,1706109576,1706111489,4,1913,430
12515,1706104080,1706109707,1706111813,4,2106,443
12520,1706104080,1706109836,1706111794,4,1958,437
12526,1706104080,1706109964,1706111810,4,1846,436
12527,1706104080,1706109964,1706111782,4,1818,432
12528,1706104080,1706109964,1706111780,4,1816,437
12529,1706104080,1706109964,1706111995,4,2031,427
12533,1706104080,1706110096,1706112089,4,1993,436
12536,1706104080,1706110224,1706112113,4,1889,436
12537,1706104080,1706110224,1706112171,4,1947,432
12550,1706104080,1706110485,1706112495,4,2010,443
12551,1706104080,1706110485,1706112531,4,2046,431
12564,1706104080,1706110748,1706112886,4,2138,432
12569,1706104080,1706111011,1706112861,4,1850,432
12570,1706104080,1706111011,1706112937,4,1926,431
12576,1706104080,1706111263,1706113243,4,1980,457
12578,1706104080,1706111389,1706113563,4,2174,427
12590,1706104080,1706112159,1706114160,4,2001,432
12592,1706104080,1706112294,1706114217,4,1923,440
12593,1706104080,1706112294,1706114257,4,1963,436
12594,1706104080,1706112294,1706114272,4,1978,436
12595,1706104080,1706112294,1706114136,4,1842,435
12596,1706104080,1706112294,1706114150,4,1856,431
12597,1706104080,1706112294,1706114274,4,1980,427
12598,1706104080,1706112294,1706114317,4,2023,437
12599,1706104080,1706112294,1706114245,4,1951,432
12600,1706104080,1706112294,1706114197,4,1903,432
12601,1706104080,1706112294,1706114298,4,2004,435
12611,1706104080,1706112562,1706114832,4,2270,433
12612,1706104080,1706112562,1706114537,4,1975,445
12613,1706104080,1706112562,1706114511,4,1949,442
12614,1706104080,1706112562,1706114509,4,1947,445
12615,1706104080,1706112562,1706114493,4,1931,446
12616,1706104080,1706112562,1706114670,4,2108,445
12617,1706104080,1706112562,1706114706,4,2144,478
12622,1706104080,1706112696,1706114669,4,1973,442
12623,1706104080,1706112696,1706114740,4,2044,435
12624,1706104080,1706112696,1706114650,4,1954,427
12625,1706104080,1706112696,1706114629,4,1933,430
12626,1706104080,1706112696,1706114613,4,1917,444
12627,1706104080,1706112696,1706114684,4,1988,427
12628,1706104080,1706112696,1706114678,4,1982,440
12629,1706104080,1706112696,1706114558,4,1862,436
12630,1706104080,1706112696,1706114609,4,1913,438
12631,1706104080,1706112696,1706114631,4,1935,450
12632,1706104080,1706112697,1706114663,4,1966,438
12633,1706104080,1706112697,1706114689,4,1992,439
12637,1706104080,1706112829,1706114968,4,2139,446
12638,1706104080,1706112829,1706114784,4,1955,448
12639,1706104080,1706112829,1706114789,4,1960,447
12640,1706104080,1706112829,1706114731,4,1902,430
12641,1706104080,1706112830,1706114919,4,2089,453
12642,1706104080,1706112830,1706114762,4,1932,445
12643,1706104080,1706112830,1706114800,4,1970,445
12644,1706104080,1706112830,1706114760,4,1930,450
12645,1706104080,1706112830,1706114833,4,2003,442
12646,1706104080,1706112830,1706114837,4,2007,439
12647,1706104080,1706112830,1706114794,4,1964,432
12648,1706104080,1706112830,1706114857,4,2027,449
12650,1706104080,1706112959,1706115009,4,2050,430
12651,1706104080,1706112959,1706114821,4,1862,430
12652,1706104080,1706112959,1706114874,4,1915,430
12653,1706104080,1706112959,1706114844,4,1885,430
12654,1706104080,1706112959,1706114883,4,1924,430
12655,1706104080,1706112959,1706114806,4,1847,430
12656,1706104080,1706112959,1706114801,4,1842,429
12657,1706104080,1706112959,1706114983,4,2024,430
12658,1706104080,1706112959,1706114922,4,1963,430
12659,1706104080,1706112959,1706114894,4,1935,429
12660,1706104080,1706112959,1706114897,4,1938,429
12661,1706104080,1706112959,1706115048,4,2089,430
12663,1706104080,1706113085,1706115043,4,1958,432
12664,1706104080,1706113085,1706114989,4,1904,426
12665,1706104080,1706113085,1706115054,4,1969,437
12666,1706104080,1706113085,1706115025,4,1940,431
12667,1706104080,1706113085,1706115042,4,1957,432
12668,1706104080,1706113085,1706115056,4,1971,432
12671,1706104080,1706113211,1706115188,4,1977,432
12672,1706104080,1706113211,1706115458,4,2247,439
12673,1706104080,1706113341,1706115316,4,1975,429
12674,1706104080,1706113341,1706115398,4,2057,451
12675,1706104080,1706113341,1706115177,4,1836,425
12676,1706104080,1706113341,1706113867,4,526,296
12680,1706104080,1706113485,1706115428,4,1943,453
12681,1706104080,1706113485,1706115520,4,2035,446
12685,1706104080,1706113615,1706115485,4,1870,432
12686,1706104080,1706113615,1706115725,4,2110,437
12687,1706104080,1706113615,1706115782,4,2167,427
12691,1706104080,1706113876,1706115988,4,2112,433
12692,1706104080,1706113876,1706115899,4,2023,443
12693,1706104080,1706113876,1706115950,4,2074,447
12694,1706104080,1706113876,1706115931,4,2055,448
12695,1706104080,1706113876,1706115963,4,2087,435
12696,1706104080,1706113876,1706115763,4,1887,441
12700,1706104080,1706114000,1706115977,4,1977,437
12701,1706104080,1706114000,1706115948,4,1948,427
12704,1706104080,1706114126,1706116234,4,2108,471
12705,1706104080,1706114126,1706116193,4,2067,435
12706,1706104080,1706114126,1706116159,4,2033,472
12707,1706104080,1706114126,1706116065,4,1939,451
12708,1706104080,1706114126,1706115986,4,1860,435
12709,1706104080,1706114126,1706116073,4,1947,450
12330,1706104085,1706119318,1706121257,4,1939,436
12702,1706104085,1706114000,1706115908,4,1908,432
12710,1706104085,1706114126,1706116140,4,2014,449
12711,1706104085,1706114126,1706116580,4,2454,435
12712,1706104085,1706114126,1706116289,4,2163,435
12713,1706104085,1706114126,1706116150,4,2024,448
12715,1706104085,1706114253,1706116299,4,2046,440
12716,1706104085,1706114253,1706116367,4,2114,435
12717,1706104085,1706114253,1706116107,4,1854,431
12718,1706104085,1706114253,1706116111,4,1858,432
12721,1706104085,1706114378,1706116341,4,1963,431
12722,1706104085,1706114378,1706116264,4,1886,439
12723,1706104085,1706114378,1706116285,4,1907,430
12728,1706104085,1706114771,1706116677,4,1906,439
12729,1706104085,1706114771,1706116848,4,2077,431
12731,1706104085,1706114903,1706116828,4,1925,432
12732,1706104085,1706114903,1706115262,4,359,133
12736,1706104085,1706115030,1706117156,4,2126,441
12739,1706104085,1706115156,1706117177,4,2021,435
12740,1706104085,1706115156,1706117137,4,1981,441
12741,1706104085,1706115156,1706117129,4,1973,436
12742,1706104085,1706115156,1706117150,4,1994,430
12743,1706104085,1706115156,1706116378,4,1222,428
12744,1706104085,1706115156,1706117103,4,1947,449
12745,1706104085,1706115156,1706117147,4,1991,432
12746,1706104085,1706115156,1706117217,4,2061,427
12748,1706104085,1706115282,1706117354,4,2072,427
12773,1706104085,1706115787,1706117634,4,1847,427
12774,1706104085,1706115787,1706117909,4,2122,432
12776,1706104085,1706115913,1706117906,4,1993,457
12777,1706104085,1706115913,1706117875,4,1962,431
12778,1706104085,1706115913,1706117845,4,1932,430
12779,1706104085,1706115913,1706118063,4,2150,445
12780,1706104085,1706115913,1706117493,4,1580,435
12783,1706104085,1706116040,1706118120,4,2080,430
12784,1706104085,1706116040,1706118030,4,1990,433
12785,1706104085,1706116040,1706117987,4,1947,433
12786,1706104085,1706116040,1706118020,4,1980,447
12787,1706104085,1706116040,1706117993,4,1953,448
12797,1706104085,1706116164,1706118064,4,1900,426
12798,1706104085,1706116164,1706118087,4,1923,432
12804,1706104085,1706116464,1706118338,4,1874,424
12805,1706104085,1706116468,1706118537,4,2069,430
12806,1706104085,1706116468,1706118596,4,2128,430
12807,1706104085,1706116468,1706118559,4,2091,430
12808,1706104085,1706116480,1706118433,4,1953,426
12809,1706104085,1706116480,1706118416,4,1936,424
12810,1706104085,1706116480,1706118350,4,1870,430
12811,1706104085,1706116480,1706118527,4,2047,430
12812,1706104085,1706116480,1706118466,4,1986,429
12813,1706104085,1706116480,1706118425,4,1945,424
12814,1706104085,1706116480,1706118433,4,1953,424
12815,1706104085,1706116480,1706118563,4,2083,429
12816,1706104085,1706116480,1706118429,4,1949,424
12817,1706104085,1706116480,1706118486,4,2006,430
12818,1706104085,1706116480,1706118394,4,1914,424
12820,1706104085,1706116597,1706118641,4,2044,436
12822,1706104085,1706116696,1706118604,4,1908,444
12824,1706104085,1706116798,1706118909,4,2111,433
12825,1706104085,1706116798,1706118688,4,1890,431
12826,1706104085,1706116798,1706118922,4,2124,431
12827,1706104085,1706116798,1706118734,4,1936,453
12828,1706104085,1706116798,1706118864,4,2066,432
12829,1706104085,1706116798,1706118689,4,1891,432
12830,1706104085,1706116798,1706118952,4,2154,445
12831,1706104085,1706116798,1706118876,4,2078,437
12832,1706104085,1706116798,1706118659,4,1861,451
12833,1706104085,1706116798,1706118723,4,1925,435
12834,1706104085,1706116798,1706118814,4,2016,430
12835,1706104085,1706116798,1706118800,4,2002,427
12836,1706104085,1706116798,1706117271,4,473,199
12837,1706104085,1706116798,1706118812,4,2014,439
12838,1706104085,1706116798,1706118838,4,2040,436
12839,1706104085,1706116798,1706118764,4,1966,448
12840,1706104085,1706116798,1706118849,4,2051,472
12841,1706104085,1706116798,1706118750,4,1952,438
12842,1706104085,1706116798,1706118754,4,1956,436
12843,1706104085,1706116798,1706118883,4,2085,445
12844,1706104085,1706116798,1706118798,4,2000,446
12845,1706104085,1706116798,1706118786,4,1988,427
12846,1706104085,1706116798,1706118682,4,1884,439
12847,1706104085,1706116798,1706118672,4,1874,436
12848,1706104085,1706116798,1706118804,4,2006,434
12849,1706104085,1706116798,1706118843,4,2045,440
12850,1706104085,1706116798,1706118885,4,2087,436
12851,1706104085,1706116798,1706118816,4,2018,460
12852,1706104085,1706116798,1706118895,4,2097,439
12853,1706104085,1706116798,1706118776,4,1978,425
12854,1706104085,1706116798,1706118882,4,2084,437
12855,1706104085,1706116798,1706118887,4,2089,435
12856,1706104085,1706116798,1706118928,4,2130,450
12857,1706104085,1706116798,1706118900,4,2102,449
12858,1706104085,1706116798,1706118776,4,1978,444
12859,1706104085,1706116798,1706118728,4,1930,448
12860,1706104085,1706116798,1706118782,4,1984,443
12861,1706104085,1706116798,1706118973,4,2175,452
12862,1706104085,1706116798,1706118686,4,1888,430
12863,1706104085,1706116798,1706118756,4,1958,431
12864,1706104085,1706116798,1706118663,4,1865,436
12865,1706104085,1706116798,1706118789,4,1991,426
12866,1706104085,1706116798,1706118836,4,2038,431
12867,1706104085,1706116798,1706118765,4,1967,432
12868,1706104085,1706116798,1706118767,4,1969,432
12869,1706104085,1706116798,1706118737,4,1939,442
12870,1706104085,1706116798,1706118822,4,2024,436
12871,1706104085,1706116798,1706118786,4,1988,436
12872,1706104085,1706116798,1706118693,4,1895,444
12873,1706104085,1706116798,1706118668,4,1870,436
12874,1706104085,1706116798,1706118883,4,2085,442
12875,1706104085,1706116798,1706118806,4,2008,427
12876,1706104085,1706116798,1706118830,4,2032,485
12877,1706104085,1706116798,1706118733,4,1935,435
12878,1706104085,1706116798,1706118720,4,1922,448
12879,1706104085,1706116798,1706117656,4,858,433
12880,1706104085,1706116798,1706118823,4,2025,432
12881,1706104085,1706116798,1706118846,4,2048,442
12882,1706104085,1706116798,1706118741,4,1943,427
12883,1706104085,1706116798,1706119098,4,2300,446
12884,1706104085,1706116801,1706118826,4,2025,436
12885,1706104085,1706116801,1706118784,4,1983,427
12886,1706104085,1706116803,1706118765,4,1962,439
12887,1706104085,1706116846,1706118752,4,1906,427
12888,1706104085,1706116865,1706118973,4,2108,433
12890,1706104085,1706117029,1706119147,4,2118,436
12892,1706104085,1706117193,1706117821,4,628,440
12908,1706104085,1706117321,1706119249,4,1928,443
12909,1706104085,1706117321,1706119371,4,2050,432
12911,1706104085,1706117449,1706119518,4,2069,432
12940,1706104085,1706117709,1706119651,4,1942,441
12942,1706104085,1706117840,1706119957,4,2117,446
12943,1706104085,1706117840,1706119829,4,1989,436
12944,1706104085,1706117840,1706120060,4,2220,431
12945,1706104085,1706117972,1706119934,4,1962,430
12958,1706104085,1706119295,1706121214,4,1919,429
12959,1706104085,1706119295,1706121142,4,1847,427
12960,1706104085,1706119295,1706121276,4,1981,448
12961,1706104085,1706119295,1706121261,4,1966,441
12962,1706104085,1706119295,1706121193,4,1898,430
12963,1706104085,1706119295,1706121245,4,1950,436
12964,1706104085,1706119295,1706121182,4,1887,430
12965,1706104085,1706119295,1706121188,4,1893,430
12966,1706104085,1706119295,1706121199,4,1904,433
12967,1706104085,1706119295,1706121255,4,1960,431
12968,1706104085,1706119295,1706121212,4,1917,430
12969,1706104085,1706119295,1706121229,4,1934,431
12970,1706104085,1706119295,1706121208,4,1913,432
12971,1706104085,1706119299,1706121236,4,1937,437
12972,1706104085,1706119299,1706121208,4,1909,432
12973,1706104085,1706119299,1706121344,4,2045,435
12974,1706104085,1706119318,1706121243,4,1925,444
12331,1706104091,1706104151,1706190592,1,86441,55
12332,1706104151,1706104437,1706104651,1,214,84
12333,1706104187,1706119435,1706205862,4,86427,54
12334,1706104192,1706119435,1706205862,4,86427,54
12335,1706104198,1706104418,1706104736,1,318,81
12337,1706104605,1706112031,1706112195,128,164,426
12338,1706104609,1706115918,1706116222,256,304,438
12339,1706104624,1706116332,1706116780,256,448,153
12340,1706104627,1706105457,1706105562,4,105,18
12341,1706104628,1706112294,1706112454,128,160,121
12342,1706104631,1706105969,1706106223,64,254,419
12343,1706104635,1706106353,1706106578,32,225,98
12344,1706104718,1706104814,1706105008,2,194,30
12345,1706104741,1706104814,1706104916,1,102,44
12346,1706104789,1706107248,1706107278,1,30,25
12347,1706104888,1706119435,1706120231,4,796,66
12348,1706104946,1706105187,1706105342,8,155,30
12349,1706105255,1706105256,1706131145,1,25889,23
12350,1706105255,1706131282,1706157262,1,25980,40
12351,1706105256,1706169114,1706194988,1,25874,23
12352,1706105256,1706195263,1706221105,1,25842,27
12353,1706105256,1706231956,1706257744,1,25788,21
12354,1706105257,1706257850,1706283762,1,25912,21
12355,1706105257,1706283835,1706309759,1,25924,22
12356,1706105257,1706318350,1706344224,1,25874,23
12357,1706105257,1706344240,1706370146,1,25906,23
12358,1706105258,1706370162,1706395952,1,25790,23
12359,1706105267,1706107227,1706107473,1,246,51
12360,1706105308,1706106566,1706109034,1,2468,91
12361,1706105440,1706105522,1706106550,1,1028,175
12362,1706105493,1706105494,1706105916,8,422,25
12363,1706105529,1706105587,1706105777,2,190,22
12364,1706105552,1706105587,1706111601,1,6014,34
12365,1706105563,1706120504,1706138342,16,17838,165
12366,1706105744,1706119562,1706148290,8,28728,27
12367,1706105749,1706105789,1706106727,1,938,73
12368,1706105763,1706119562,1706132798,16,13236,32
12369,1706105868,1706105969,1706107096,1,1127,21
12370,1706106081,1706106614,1706110260,1,3646,31
12371,1706106101,1706108925,1706109028,4,103,18
12372,1706106206,1706106354,1706106486,2,132,19
12373,1706106315,1706106357,1706106680,1,323,55
12374,1706106328,1706106353,1706170000,1,63647,85
12380,1706106462,1706106462,1706106761,8,299,25
12390,1706106630,1706106737,1706113996,1,7259,55
12391,1706106660,1706106807,1706107254,8,447,33
12392,1706106772,1706106825,1706107401,1,576,138
12393,1706106817,1706106834,1706106915,1,81,41
12394,1706106838,1706106899,1706107165,1,266,66
12395,1706106882,1706119563,1706189422,3,69859,41
12396,1706106882,1706106932,1706106992,1,60,41
12397,1706106886,1706119687,1706138965,3,19278,36
12398,1706106890,1706119687,1706120677,3,990,35
12399,1706106927,1706107014,1706112310,1,5296,80
12400,1706106960,1706106990,1706107050,2,60,20
12407,1706107125,1706107251,1706108293,1,1042,27
12408,1706107179,1706112697,1706112770,1,73,18
12409,1706107181,1706114126,1706114221,1,95,18
12410,1706107181,1706115913,1706116069,1,156,23
12411,1706107212,1706107213,1706108368,1,1155,71
12412,1706107272,1706107310,1706107794,8,484,27
12413,1706107314,1706107315,1706107343,1,28,22
12414,1706107343,1706107348,1706107700,1,352,28
12415,1706107381,1706107388,1706109426,1,2038,31
12416,1706107405,1706109058,1706109526,2,468,23
12418,1706107596,1706123183,1706130426,1,7243,46
12419,1706107596,1706123183,1706130426,1,7243,45
12420,1706107608,1706107717,1706107754,1,37,28
12422,1706107690,1706107762,1706109015,1,1253,21
12423,1706107749,1706107771,1706108326,1,555,37
12424,1706107776,1706108068,1706110497,1,2429,25
12425,1706107788,1706108014,1706117013,1,8999,29
12426,1706107788,1706119434,1706128512,1,9078,26
12427,1706107788,1706119434,1706128523,1,9089,26
12428,1706107801,1706108068,1706108317,1,249,55
12429,1706107804,1706119434,1706128512,1,9078,27
12430,1706107830,1706108068,1706108876,1,808,22
12436,1706108018,1706108348,1706108948,8,600,426
12437,1706108119,1706108144,1706110018,1,1874,143
12438,1706108129,1706108129,1706115343,1,7214,34
12439,1706108149,1706108342,1706115186,1,6844,37
12441,1706108330,1706119434,1706128512,1,9078,26
12443,1706108365,1706108365,1706115557,1,7192,30
12447,1706108493,1706108495,1706108799,1,304,73
12452,1706108593,1706108663,1706108809,1,146,17
12456,1706108616,1706108664,1706122885,4,14221,68
13076,1706108616,1706122892,1706137332,4,14440,69
13438,1706108616,1706137341,1706151566,4,14225,67
13656,1706108616,1706151583,1706165773,4,14190,68
13787,1706108616,1706165790,1706179988,4,14198,69
13806,1706108616,1706180004,1706194287,4,14283,70
13810,1706108616,1706194299,1706208505,4,14206,67
13813,1706108616,1706208521,1706222737,4,14216,68
13816,1706108616,1706222745,1706236936,4,14191,415
13819,1706108616,1706236953,1706251139,4,14186,67
13822,1706108616,1706251156,1706265352,4,14196,67
13825,1706108616,1706265368,1706279578,4,14210,67
13828,1706108616,1706279586,1706281797,4,2211,64
13830,1706108616,1706281815,1706296022,4,14207,77
13833,1706108616,1706296038,1706296899,4,861,77
12453,1706108651,1706114903,1706115087,64,184,45
12461,1706108734,1706109050,1706116234,1,7184,65
12462,1706108758,1706108792,1706108844,1,52,18
12466,1706108864,1706112294,1706112597,4,303,63
12479,1706108872,1706109058,1706123485,4,14427,74
13084,1706108872,1706123497,1706137683,4,14186,70
13459,1706108872,1706137692,1706151887,4,14195,70
13657,1706108872,1706151900,1706166076,4,14176,69
13788,1706108872,1706166092,1706180260,4,14168,71
13807,1706108872,1706180277,1706194436,4,14159,71
13811,1706108872,1706194453,1706208621,4,14168,70
13814,1706108872,1706208629,1706222791,4,14162,68
13817,1706108872,1706222811,1706236968,4,14157,71
13820,1706108872,1706237015,1706251174,4,14159,67
13823,1706108872,1706251194,1706265352,4,14158,70
13826,1706108872,1706265383,1706279578,4,14195,67
13829,1706108872,1706279598,1706293796,4,14198,70
13832,1706108872,1706293819,1706301766,4,7947,66
13834,1706108872,1706301786,1706315982,4,14196,77
13836,1706108872,1706316002,1706319129,4,3127,77
13838,1706108872,1706319149,1706319199,4,50,65
12468,1706108894,1706108894,1706112511,2,3617,484
12469,1706108895,1706112160,1706120724,1,8564,28
12470,1706108920,1706108936,1706109157,1,221,26
12472,1706108945,1706108961,1706109350,1,389,43
12476,1706109026,1706109179,1706109882,1,703,26
12484,1706109086,1706109498,1706109601,1,103,34
12487,1706109090,1706119435,1706120923,1,1488,28
12489,1706109099,1706109109,1706109267,8,158,37
12496,1706109268,1706109450,1706112033,1,2583,35
12499,1706109320,1706109405,1706110164,8,759,37
12500,1706109327,1706109367,1706109476,1,109,34
12503,1706109416,1706119434,1706124457,1,5023,27
12504,1706109432,1706119434,1706124457,1,5023,28
12508,1706109533,1706109576,1706111125,1,1549,59
12509,1706109540,1706119561,1706119636,1,75,21
12978,1706109540,1706119561,1706119636,1,75,20
12979,1706109540,1706119561,1706119636,1,75,19
12980,1706109540,1706119561,1706119636,1,75,20
12981,1706109540,1706119561,1706119636,1,75,18
12512,1706109610,1706109618,1706109783,1,165,34
12513,1706109639,1706119561,1706119636,1,75,17
12982,1706109639,1706119561,1706119636,1,75,19
12983,1706109639,1706119561,1706119636,1,75,17
12984,1706109639,1706119561,1706119636,1,75,29
12985,1706109639,1706119561,1706119636,1,75,17
12986,1706109783,1706119561,1706119636,1,75,17
12987,1706109783,1706119561,1706119636,1,75,19
12517,1706109805,1706116299,1706116352,1,53,45
12518,1706109834,1706109838,1706110115,1,277,58
12521,1706109843,1706109844,1706109872,1,28,38
12522,1706109872,1706109895,1706110053,1,158,25
12525,1706109948,1706109948,1706110266,1,318,49
12531,1706110048,1706110073,1706110163,1,90,25
12532,1706110055,1706110180,1706110492,1,312,50
12534,1706110100,1706110136,1706114318,1,4182,40
12538,1706110228,1706110681,1706111430,1,749,55
12540,1706110309,1706110802,1706110860,1,58,35
12541,1706110320,1706110454,1706110569,1,115,55
12542,1706110335,1706110336,1706110437,1,101,55
12543,1706110354,1706112294,1706113312,4,1018,103
12544,1706110377,1706110513,1706110644,2,131,36
12546,1706110394,1706119562,1706122868,4,3306,40
12547,1706110404,1706110492,1706110603,1,111,19
12548,1706110447,1706110485,1706110661,1,176,202
12549,1706110482,1706110492,1706110604,1,112,19
12552,1706110498,1706110621,1706110730,1,109,23
12553,1706110500,1706110748,1706110918,1,170,36
12554,1706110516,1706110621,1706110730,1,109,22
12556,1706110532,1706110621,1706110730,1,109,32
12557,1706110548,1706110621,1706110730,1,109,24
12558,1706110550,1706110681,1706110774,1,93,36
12559,1706110550,1706110883,1706113155,1,2272,50
12560,1706110551,1706110592,1706110892,1,300,66
12562,1706110662,1706112394,1706113365,1,971,68
12563,1706110734,1706113005,1706113887,1,882,65
12566,1706110785,1706110908,1706112205,1,1297,66
12567,1706110931,1706113047,1706113461,1,414,86
12568,1706110959,1706112327,1706116254,1,3927,46
12571,1706111029,1706111140,1706111380,2,240,23
12572,1706111086,1706111263,1706111426,1,163,30
12573,1706111103,1706111453,1706111633,1,180,68
12574,1706111124,1706117584,1706118016,1,432,66
12575,1706111179,1706112052,1706112374,1,322,68
12577,1706111307,1706111389,1706113237,1,1848,94
12579,1706111409,1706111519,1706111933,2,414,25
12580,1706111485,1706111523,1706111548,1,25,17
12582,1706111618,1706113487,1706114588,1,1101,83
12583,1706111662,1706112697,1706112751,1,54,19
12584,1706111682,1706111701,1706111873,1,172,46
12585,1706111696,1706112159,1706121415,1,9256,50
12586,1706111849,1706111903,1706112072,1,169,57
12587,1706111932,1706112102,1706112229,1,127,68
12588,1706111957,1706112700,1706112809,1,109,21
12589,1706112128,1706112228,1706112824,1,596,54
12591,1706112231,1706112245,1706112354,1,109,41
12602,1706112313,1706112697,1706118132,1,5435,58
12603,1706112317,1706130448,1706131170,4,722,47
12604,1706112328,1706112371,1706112529,1,158,51
12605,1706112363,1706112562,1706114404,1,1842,32
12606,1706112436,1706112557,1706112657,1,100,51
12607,1706112475,1706112700,1706112747,1,47,22
12608,1706112484,1706113569,1706113734,1,165,73
12609,1706112501,1706112700,1706112747,1,47,19
12610,1706112515,1706112700,1706112747,1,47,22
12618,1706112582,1706112697,1706115198,1,2501,33
12619,1706112632,1706112858,1706113015,1,157,56
12620,1706112684,1706112699,1706113957,1,1258,23
12621,1706112686,1706112719,1706112839,1,120,33
12634,1706112702,1706112831,1706113070,2,239,24
12635,1706112702,1706112848,1706112949,1,101,43
12636,1706112754,1706119434,1706162664,4,43230,75
12649,1706112864,1706112961,1706113074,2,113,21
12662,1706113053,1706113171,1706113325,1,154,32
12669,1706113089,1706113215,1706113442,2,227,25
12670,1706113209,1706113211,1706113432,8,221,30
12677,1706113364,1706119562,1706119843,4,281,42
12678,1706113374,1706113382,1706113570,1,188,45
12679,1706113383,1706113390,1706113548,1,158,73
12682,1706113487,1706113586,1706115799,1,2213,85
12683,1706113547,1706119320,1706189849,4,70529,134
12684,1706113554,1706119320,1706205742,4,86422,134
12688,1706113662,1706113749,1706114131,8,382,26
12689,1706113704,1706113752,1706114114,2,362,31
12690,1706113706,1706113751,1706114721,1,970,83
12697,1706113931,1706113996,1706114910,1,914,54
12698,1706113976,1706114335,1706114456,1,121,40
12699,1706113996,1706118105,1706125356,1,7251,26
12703,1706114073,1706114130,1706114172,1,42,16
12714,1706114139,1706119435,1706205859,1,86424,27
12719,1706114309,1706114663,1706117479,1,2816,306
12720,1706114354,1706114378,1706114776,16,398,31
12724,1706114415,1706114663,1706114885,1,222,33
12726,1706114735,1706114928,1706122164,1,7236,53
12727,1706114766,1706114783,1706115021,1,238,51
12730,1706114809,1706114903,1706115927,1,1024,64
12733,1706114938,1706119436,1706119463,8,27,27
12734,1706114979,1706115038,1706117976,1,2938,69
12735,1706114996,1706115032,1706115446,2,414,39
12737,1706115092,1706115156,1706117031,1,1875,151
12738,1706115123,1706115203,1706116182,1,979,57
12747,1706115187,1706115815,1706123032,1,7217,85
12749,1706115336,1706115407,1706115541,64,134,42
12750,1706115344,1706116217,1706123185,1,6968,33
12751,1706115347,1706115359,1706116318,1,959,67
12752,1706115425,1706115573,1706116572,1,999,58
12753,1706115429,1706119434,1706127747,1,8313,26
12754,1706115441,1706119434,1706127747,1,8313,24
12755,1706115455,1706115944,1706116902,1,958,65
12756,1706115477,1706119427,1706120186,128,759,43
12757,1706115478,1706119434,1706127747,1,8313,22
12758,1706115489,1706119459,1706120482,128,1023,67
12759,1706115489,1706119434,1706127747,1,8313,23
12760,1706115493,1706120205,1706206646,32,86441,353
12761,1706115500,1706119434,1706127747,1,8313,27
12762,1706115507,1706119434,1706127747,1,8313,28
12763,1706115513,1706119434,1706127747,1,8313,28
12764,1706115540,1706119434,1706126182,1,6748,29
12765,1706115547,1706119434,1706126220,1,6786,18
12766,1706115549,1706120205,1706120487,128,282,160
12767,1706115555,1706119434,1706126142,1,6708,31
12768,1706115563,1706119434,1706120855,1,1421,26
12769,1706115571,1706119434,1706120868,1,1434,25
12770,1706115577,1706119560,1706121168,1,1608,19
12771,1706115595,1706116589,1706123781,1,7192,41
12772,1706115737,1706117198,1706122078,1,4880,276
12775,1706115838,1706119563,1706123187,16,3624,248
12781,1706115933,1706117584,1706117716,1,132,20
12782,1706115947,1706119262,1706119363,2,101,41
12788,1706116097,1706119436,1706119644,1,208,27
12789,1706116097,1706119436,1706119644,1,208,31
12790,1706116097,1706119436,1706119644,1,208,25
12791,1706116098,1706119436,1706119644,1,208,26
12792,1706116098,1706119436,1706119644,1,208,25
12793,1706116098,1706119436,1706119644,1,208,25
12794,1706116099,1706119436,1706119644,1,208,25
12795,1706116099,1706119436,1706119644,1,208,25
12796,1706116149,1706116395,1706117934,16,1539,430
12801,1706116238,1706117583,1706117644,1,61,22
12802,1706116239,1706116384,1706119123,3,2739,137
12803,1706116243,1706116549,1706130940,1,14391,63
12823,1706116766,1706116918,1706117123,1,205,47
12889,1706117012,1706119561,1706128658,1,9097,25
12891,1706117100,1706117820,1706118003,64,183,51
12893,1706117307,1706167998,1706171646,16,3648,31
12894,1706117308,1706175386,1706179032,16,3646,34
12895,1706117308,1706186689,1706190324,16,3635,33
12896,1706117308,1706196329,1706199968,16,3639,39
12897,1706117309,1706144112,1706147756,4,3644,27
12898,1706117309,1706150071,1706153708,4,3637,27
12899,1706117309,1706153774,1706157403,4,3629,27
12900,1706117309,1706157721,1706161342,4,3621,40
12901,1706117310,1706161883,1706165519,4,3636,29
12902,1706117310,1706165559,1706169181,4,3622,413
12903,1706117310,1706157599,1706161222,8,3623,31
12904,1706117311,1706164227,1706167859,8,3632,34
12905,1706117311,1706167998,1706171646,8,3648,34
12906,1706117311,1706172114,1706175757,8,3643,33
12907,1706117311,1706175871,1706179512,8,3641,44
12913,1706117524,1706118028,1706118194,64,166,442
12914,1706117524,1706118154,1706118318,64,164,439
12915,1706117525,1706118228,1706118408,64,180,51
12916,1706117526,1706118349,1706118528,64,179,46
12917,1706117528,1706118441,1706118615,64,174,51
12918,1706117528,1706118550,1706118724,64,174,37
12919,1706117529,1706118633,1706118805,64,172,424
12920,1706117530,1706118679,1706118852,64,173,44
12921,1706117531,1706118748,1706118912,64,164,430
12922,1706117532,1706118774,1706118939,64,165,448
12923,1706117532,1706118859,1706119023,64,164,430
12924,1706117533,1706118859,1706119023,64,164,434
12925,1706117534,1706118873,1706119035,64,162,466
12926,1706117534,1706118893,1706119060,64,167,480
12927,1706117535,1706118933,1706119097,64,164,37
12928,1706117535,1706118957,1706119121,64,164,61
12929,1706117535,1706119044,1706119212,64,168,32
12930,1706117536,1706119044,1706119212,64,168,43
12931,1706117536,1706119056,1706119219,64,163,61
12932,1706117536,1706119077,1706119241,64,164,68
12933,1706117536,1706119114,1706119278,64,164,46
12934,1706117537,1706119138,1706119302,64,164,40
12935,1706117537,1706119235,1706119413,64,178,32
12936,1706117537,1706119235,1706119407,64,172,47
12937,1706117537,1706119235,1706119409,64,174,41
12938,1706117538,1706119262,1706119436,64,174,60
12939,1706117538,1706119267,1706119442,64,175,443
12941,1706117746,1706117847,1706119650,1,1803,77
12976,1706117845,1706119435,1706133663,4,14228,60
13342,1706117845,1706133741,1706147964,4,14223,62
13621,1706117845,1706147970,1706148430,4,460,414
13630,1706117845,1706148436,1706162599,4,14163,74
13744,1706117845,1706162610,1706176813,4,14203,63
13805,1706117845,1706176818,1706190982,4,14164,61
13809,1706117845,1706190998,1706205206,4,14208,63
13812,1706117845,1706205222,1706219432,4,14210,63
13815,1706117845,1706219449,1706233644,4,14195,63
13818,1706117845,1706233660,1706247841,4,14181,61
13821,1706117845,1706247858,1706262044,4,14186,64
13824,1706117845,1706262073,1706276268,4,14195,64
13827,1706117845,1706276273,1706290487,4,14214,64
13831,1706117845,1706290505,1706304703,4,14198,64
13835,1706117845,1706304717,1706318930,4,14213,61
13837,1706117845,1706318946,1706333163,4,14217,61
13839,1706117845,1706333174,1706347346,4,14172,64
13840,1706117845,1706347352,1706361604,4,14252,61
13841,1706117845,1706361634,1706365564,4,3930,61
13842,1706117845,1706365581,1706379789,4,14208,75
13843,1706117845,1706379805,1706383128,4,3323,75
12946,1706118010,1706119585,1706126491,1,6906,38
12947,1706118028,1706118037,1706118148,1,111,66
12948,1706118029,1706118046,1706118146,1,100,56
12949,1706118029,1706118162,1706118212,1,50,44
12950,1706118052,1706118164,1706125404,1,7240,52
12951,1706118096,1706119262,1706126486,1,7224,46
12952,1706118257,1706118274,1706118383,1,109,43
12953,1706118300,1706118400,1706118886,1,486,69
12956,1706118939,1706118957,1706119021,1,64,27
12957,1706118940,1706119042,1706119093,1,51,27
12975,1706119408,1706119424,1706119577,1,153,36
12977,1706119535,1706119551,1706119724,1,173,27
12988,1706119601,1706119687,1706129380,4,9693,68
12989,1706119622,1706119656,1706120468,1,812,143
12990,1706119769,1706119785,1706119834,1,49,18
12991,1706119894,1706120000,1706121230,1,1230,237
12992,1706119938,1706120487,1706121519,1,1032,193
12993,1706119954,1706120056,1706206493,1,86437,37
12994,1706119977,1706120059,1706120146,1,87,28
12995,1706119983,1706121605,1706122354,1,749,197
12996,1706120085,1706120183,1706120408,1,225,18
12997,1706120085,1706120183,1706120408,1,225,45
12998,1706120086,1706120183,1706120408,1,225,21
12999,1706120086,1706120183,1706120408,1,225,24
13000,1706120087,1706120183,1706120408,1,225,20
13001,1706120087,1706120183,1706120408,1,225,21
13002,1706120088,1706120183,1706120408,1,225,19
13003,1706120088,1706120183,1706120408,1,225,19
13004,1706120110,1706122180,1706122221,2,41,35
13005,1706120228,1706120244,1706120300,1,56,18
13007,1706120303,1706120307,1706120354,1,47,28
13008,1706120331,1706120332,1706120378,1,46,18
13009,1706120416,1706120417,1706147523,4,27106,153
13010,1706120439,1706121651,1706121679,1,28,31
13011,1706120476,1706120477,1706126837,1,6360,309
13013,1706120534,1706120535,1706122330,1,1795,101
13014,1706120568,1706120568,1706120638,1,70,19
13016,1706120690,1706120690,1706120748,1,58,19
13017,1706120724,1706120730,1706129207,1,8477,26
13020,1706120953,1706120957,1706178060,1,57103,64
13021,1706120955,1706120957,1706178060,1,57103,63
13022,1706120955,1706120957,1706121642,1,685,66
13023,1706120958,1706120965,1706121634,1,669,54
13024,1706120964,1706120965,1706121755,1,790,60
13025,1706121039,1706121041,1706169347,1,48306,36
13026,1706121040,1706121041,1706169385,1,48344,36
13027,1706121099,1706121101,1706121170,16,69,54
13028,1706121154,1706121155,1706123042,1,1887,54
13029,1706121238,1706121268,1706121507,1,239,425
13030,1706121238,1706121268,1706121506,1,238,424
13031,1706121238,1706121268,1706121506,1,238,425
13032,1706121238,1706121268,1706121506,1,238,19
13033,1706121239,1706121268,1706121506,1,238,424
13034,1706121239,1706121268,1706121506,1,238,424
13035,1706121239,1706121268,1706121506,1,238,424
13036,1706121239,1706121268,1706121506,1,238,430
13039,1706121309,1706121746,1706121821,128,75,54
13040,1706121309,1706121857,1706121924,16,67,42
13041,1706121363,1706122237,1706122273,1,36,28
13042,1706121370,1706121686,1706121820,1,134,18
13046,1706121585,1706122237,1706122719,1,482,68
13047,1706121610,1706122360,1706123028,1,668,66
13048,1706121669,1706122370,1706122870,1,500,156
13049,1706121679,1706121698,1706122342,1,644,42
13050,1706121690,1706121809,1706122031,1,222,20
13051,1706121690,1706121857,1706122069,1,212,33
13052,1706121690,1706121809,1706122028,1,219,19
13053,1706121691,1706121809,1706122028,1,219,19
13054,1706121691,1706121809,1706122029,1,220,20
13055,1706121691,1706121809,1706122029,1,220,20
13056,1706121691,1706121857,1706122070,1,213,40
13057,1706121692,1706121858,1706122063,1,205,20
13060,1706122255,1706122290,1706122551,1,261,97
13063,1706122378,1706122381,1706127747,1,5366,22
13065,1706122587,1706122588,1706146218,1,23630,32
13066,1706122587,1706122588,1706146108,1,23520,30
13067,1706122588,1706122588,1706146116,1,23528,30
13068,1706122588,1706122594,1706146137,1,23543,30
13069,1706122588,1706122594,1706146073,1,23479,29
13070,1706122588,1706122594,1706146061,1,23467,30
13071,1706122589,1706122594,1706146112,1,23518,31
13072,1706122589,1706122594,1706146123,1,23529,29
13073,1706122720,1706122736,1706125758,1,3022,131
13074,1706122882,1706122883,1706124408,4,1525,24
13075,1706122892,1706123092,1706124866,1,1774,58
13078,1706122916,1706123049,1706123068,1,19,46
13079,1706122916,1706123049,1706123068,1,19,66
13077,1706122970,1706122984,1706123080,1,96,19
13080,1706123183,1706123373,1706130088,1,6715,45
13081,1706123186,1706123202,1706130086,1,6884,31
13083,1706123454,1706123454,1706124143,1,689,109
13085,1706123726,1706124740,1706125477,1,737,55
13086,1706123781,1706123788,1706124122,8,334,40
13087,1706123815,1706124351,1706131542,1,7191,37
13088,1706123825,1706125855,1706146042,1,20187,25
13107,1706123865,1706124235,1706124253,1,18,29
13089,1706123883,1706124160,1706181381,1,57221,37
13090,1706123883,1706124160,1706181381,1,57221,31
13091,1706123883,1706124160,1706181382,1,57222,31
13092,1706123883,1706124160,1706181374,1,57214,109
13093,1706123884,1706124160,1706181381,1,57221,30
13094,1706123884,1706124160,1706181381,1,57221,30
13095,1706123884,1706124160,1706181382,1,57222,31
13096,1706123885,1706124160,1706181381,1,57221,40
13097,1706123885,1706124578,1706181381,1,56803,31
13098,1706123885,1706124578,1706181381,1,56803,31
13099,1706123885,1706124578,1706181382,1,56804,34
13100,1706123886,1706124578,1706181381,1,56803,35
13101,1706123988,1706124713,1706181381,1,56668,32
13102,1706124002,1706124739,1706181381,1,56642,31
13103,1706124025,1706124160,1706134071,1,9911,43
13104,1706124138,1706127598,1706134505,1,6907,38
13105,1706124182,1706124739,1706125069,8,330,41
13106,1706124202,1706124473,1706124516,1,43,21
13108,1706124254,1706127526,1706127581,2,55,51
13109,1706124357,1706149742,1706160385,60,10643,420
13110,1706124447,1706126508,1706129092,1,2584,144
13112,1706124457,1706124578,1706129662,1,5084,23
13113,1706124457,1706124578,1706129641,1,5063,23
13114,1706124472,1706129803,1706130877,4,1074,30
13115,1706124485,1706127162,1706129783,1,2621,131
13116,1706124700,1706127073,1706127717,1,644,45
13117,1706124700,1706124883,1706125524,1,641,58
13122,1706124700,1706125423,1706126064,1,641,41
13123,1706124700,1706125541,1706126185,1,644,51
13125,1706124700,1706125774,1706126394,1,620,45
13127,1706124700,1706126085,1706126726,1,641,38
13128,1706124700,1706126204,1706126846,1,642,51
13143,1706124700,1706126412,1706127056,1,644,45
13144,1706124700,1706126502,1706127146,1,644,29
13146,1706124700,1706126742,1706127387,1,645,38
13148,1706124700,1706126867,1706127507,1,640,51
13119,1706124968,1706124969,1706125800,1,831,22
13120,1706125253,1706125259,1706182549,4,57290,202
13121,1706125356,1706125607,1706132831,1,7224,28
13124,1706125742,1706127306,1706170537,16,43231,128
13129,1706126214,1706126239,1706126436,1,197,20
13130,1706126311,1706127598,1706134837,1,7239,40
13131,1706126384,1706126485,1706183820,1,57335,32
13132,1706126384,1706126860,1706183820,1,56960,31
13133,1706126384,1706126982,1706183820,1,56838,31
13134,1706126384,1706126982,1706183820,1,56838,31
13135,1706126385,1706126982,1706183816,1,56834,31
13136,1706126385,1706126982,1706183820,1,56838,31
13137,1706126385,1706127306,1706183820,1,56514,45
13138,1706126385,1706127306,1706183820,1,56514,31
13139,1706126386,1706127306,1706183821,1,56515,31
13140,1706126386,1706127306,1706183821,1,56515,31
13141,1706126386,1706127306,1706183820,1,56514,32
13142,1706126386,1706127306,1706183821,1,56515,31
13145,1706126635,1706128787,1706130712,4,1925,432
13152,1706126635,1706127763,1706129685,4,1922,433
13153,1706126635,1706127765,1706129680,4,1915,428
13177,1706126635,1706128722,1706130573,4,1851,430
13178,1706126635,1706128722,1706130730,4,2008,478
13179,1706126635,1706128787,1706130727,4,1940,431
13180,1706126635,1706128787,1706130766,4,1979,432
13147,1706126843,1706129803,1706214435,4,84632,31
13149,1706127477,1706127477,1706136334,1,8857,369
13150,1706127751,1706127752,1706133187,1,5435,30
13151,1706127755,1706127756,1706130095,1,2339,44
13154,1706127788,1706129109,1706132134,1,3025,147
13155,1706127834,1706129799,1706132827,1,3028,134
13156,1706127874,1706130103,1706133124,1,3021,143
13157,1706127974,1706131186,1706131660,2,474,119
13158,1706127983,1706128082,1706156366,1,28284,23
13159,1706127983,1706128696,1706156381,1,27685,25
13160,1706127984,1706128787,1706156032,1,27245,24
13161,1706127985,1706128787,1706156015,1,27228,24
13162,1706127985,1706128787,1706155971,1,27184,25
13163,1706127986,1706128787,1706156275,1,27488,24
13164,1706127987,1706128787,1706155945,1,27158,23
13165,1706127987,1706128787,1706156031,1,27244,23
13166,1706127988,1706128787,1706155956,1,27169,24
13167,1706127989,1706128787,1706156372,1,27585,24
13168,1706127989,1706128787,1706156380,1,27593,23
13169,1706127990,1706128787,1706155975,1,27188,24
13170,1706128033,1706355260,1706359166,16,3906,249
13171,1706128306,1706130265,1706130331,2,66,45
13172,1706128512,1706128528,1706137521,1,8993,24
13173,1706128512,1706128528,1706137521,1,8993,23
13174,1706128512,1706128540,1706137521,1,8981,24
13175,1706128523,1706128564,1706137587,1,9023,25
13176,1706128658,1706128787,1706137795,1,9008,24
13181,1706128787,1706128787,1706129927,8,1140,51
13182,1706128826,1706128828,1706128932,1,104,18
13184,1706129207,1706129222,1706137687,1,8465,27
13185,1706129282,1706130104,1706130133,1,29,45
13186,1706129538,1706129538,1706140361,1,10823,27
13187,1706129641,1706129653,1706134650,1,4997,28
13188,1706129662,1706129670,1706134689,1,5019,24
13189,1706129842,1706129843,1706130164,1,321,61
13190,1706129946,1706129947,1706131650,8,1703,52
13191,1706130133,1706130138,1706130249,1,111,44
13192,1706130138,1706162048,1706174340,4,12292,491
13193,1706130511,1706135371,1706136234,128,863,85
13194,1706130545,1706135371,1706136116,128,745,90
13195,1706130668,1706132024,1706132308,128,284,89
13196,1706130679,1706134919,1706135351,256,432,90
13197,1706130691,1706130794,1706132533,1,1739,56
13198,1706130744,1706131186,1706131239,2,53,44
13199,1706130752,1706130794,1706132534,1,1740,54
13200,1706130755,1706130794,1706132532,1,1738,57
13201,1706130759,1706130794,1706132536,1,1742,55
13202,1706130761,1706130794,1706132535,1,1741,74
13203,1706130767,1706130794,1706132531,1,1737,57
13204,1706130770,1706130794,1706132532,1,1738,67
13205,1706130778,1706130794,1706132535,1,1741,56
13206,1706130832,1706130915,1706131011,1,96,37
13207,1706130893,1706149945,1706151474,24,1529,416
13356,1706130893,1706134718,1706136256,24,1538,429
13377,1706130893,1706135212,1706136649,24,1437,419
13381,1706130893,1706135371,1706136850,24,1479,428
13398,1706130893,1706136137,1706137581,24,1444,413
13399,1706130893,1706136137,1706137640,24,1503,434
13400,1706130893,1706136137,1706137595,24,1458,427
13401,1706130893,1706136137,1706137591,24,1454,423
13402,1706130893,1706136137,1706137618,24,1481,420
13404,1706130893,1706136253,1706137673,24,1420,424
13405,1706130893,1706136253,1706137702,24,1449,420
13406,1706130893,1706136253,1706137672,24,1419,435
13407,1706130893,1706136253,1706137682,24,1429,418
13408,1706130893,1706136253,1706137687,24,1434,436
13409,1706130893,1706136273,1706137709,24,1436,429
13412,1706130893,1706136680,1706138188,24,1508,419
13414,1706130893,1706136868,1706138303,24,1435,424
13450,1706130893,1706137603,1706139034,24,1431,418
13452,1706130893,1706137611,1706139028,24,1417,426
13453,1706130893,1706137618,1706139049,24,1431,431
13456,1706130893,1706137639,1706139013,24,1374,425
13457,1706130893,1706137658,1706139139,24,1481,432
13460,1706130893,1706137692,1706139132,24,1440,424
13461,1706130893,1706137692,1706139129,24,1437,430
13463,1706130893,1706137699,1706139140,24,1441,419
13464,1706130893,1706137707,1706139142,24,1435,436
13466,1706130893,1706137719,1706139152,24,1433,415
13467,1706130893,1706137725,1706139175,24,1450,433
13470,1706130893,1706138002,1706139456,24,1454,422
13474,1706130893,1706138178,1706139607,24,1429,433
13475,1706130893,1706138209,1706139615,24,1406,419
13476,1706130893,1706138324,1706139786,24,1462,428
13477,1706130893,1706138360,1706139899,24,1539,437
13497,1706130893,1706139270,1706140655,24,1385,420
13498,1706130893,1706139270,1706140794,24,1524,433
13504,1706130893,1706139517,1706140929,24,1412,420
13507,1706130893,1706139639,1706141059,24,1420,419
13508,1706130893,1706139639,1706141081,24,1442,429
13514,1706130893,1706139887,1706141344,24,1457,423
13523,1706130893,1706140016,1706141475,24,1459,437
13527,1706130893,1706140204,1706141795,24,1591,422
13528,1706130893,1706140204,1706141641,24,1437,426
13537,1706130893,1706140672,1706142166,24,1494,420
13538,1706130893,1706140813,1706142287,24,1474,426
13540,1706130893,1706140948,1706142484,24,1536,425
13541,1706130893,1706141088,1706142544,24,1456,419
13542,1706130893,1706141098,1706142179,24,1081,420
13543,1706130893,1706141362,1706142911,24,1549,428
13544,1706130893,1706141433,1706142895,24,1462,420
13545,1706130893,1706141433,1706142860,24,1427,429
13546,1706130893,1706141433,1706142854,24,1421,415
13547,1706130893,1706141433,1706142918,24,1485,431
13548,1706130893,1706141433,1706142908,24,1475,431
13549,1706130893,1706141433,1706142939,24,1506,430
13550,1706130893,1706141492,1706142952,24,1460,437
13551,1706130893,1706141662,1706143133,24,1471,421
13552,1706130893,1706141824,1706143387,24,1563,417
13553,1706130893,1706142185,1706143628,24,1443,422
13554,1706130893,1706142197,1706143606,24,1409,440
13555,1706130893,1706142308,1706143857,24,1549,476
13556,1706130893,1706142567,1706143974,24,1407,419
13557,1706130893,1706142570,1706144044,24,1474,420
13558,1706130893,1706142872,1706144396,24,1524,431
13559,1706130893,1706142882,1706144254,24,1372,433
13560,1706130893,1706142926,1706144470,24,1544,420
13561,1706130893,1706142926,1706144345,24,1419,436
13562,1706130893,1706142928,1706144380,24,1452,444
13563,1706130893,1706142945,1706144352,24,1407,436
13564,1706130893,1706142963,1706144506,24,1543,415
13565,1706130893,1706142972,1706144404,24,1432,437
13566,1706130893,1706143019,1706144517,24,1498,421
13568,1706130893,1706143158,1706144649,24,1491,435
13569,1706130893,1706143412,1706144913,24,1501,417
13570,1706130893,1706143624,1706145049,24,1425,421
13571,1706130893,1706143649,1706145158,24,1509,424
13572,1706130893,1706143717,1706145187,24,1470,440
13573,1706130893,1706143878,1706145305,24,1427,472
13574,1706130893,1706143993,1706145407,24,1414,424
13575,1706130893,1706144068,1706145455,24,1387,420
13576,1706130893,1706144273,1706145733,24,1460,433
13577,1706130893,1706144368,1706145814,24,1446,431
13578,1706130893,1706144371,1706145977,24,1606,436
13579,1706130893,1706144413,1706145850,24,1437,430
13580,1706130893,1706144413,1706145890,24,1477,444
13581,1706130893,1706144421,1706145881,24,1460,442
13582,1706130893,1706144491,1706146026,24,1535,421
13583,1706130893,1706144525,1706145996,24,1471,415
13584,1706130893,1706144535,1706145184,24,649,417
13585,1706130893,1706144667,1706146047,24,1380,415
13586,1706130893,1706144933,1706146439,24,1506,417
13587,1706130893,1706145067,1706146637,24,1570,435
13588,1706130893,1706145179,1706146593,24,1414,424
13589,1706130893,1706145206,1706146786,24,1580,440
13590,1706130893,1706145206,1706146815,24,1609,435
13591,1706130893,1706145328,1706146771,24,1443,472
13592,1706130893,1706145426,1706146852,24,1426,424
13593,1706130893,1706145475,1706146875,24,1400,425
13594,1706130893,1706145765,1706147164,24,1399,433
13595,1706130893,1706145831,1706147292,24,1461,433
13596,1706130893,1706145876,1706147411,24,1535,426
13597,1706130893,1706145917,1706147402,24,1485,442
13598,1706130893,1706145917,1706147490,24,1573,444
13599,1706130893,1706145996,1706147515,24,1519,432
13600,1706130893,1706146015,1706147437,24,1422,418
13601,1706130893,1706146066,1706147515,24,1449,417
13602,1706130893,1706146066,1706147464,24,1398,421
13603,1706130893,1706146474,1706147945,24,1471,422
13604,1706130893,1706146616,1706148032,24,1416,424
13605,1706130893,1706146655,1706148193,24,1538,430
13606,1706130893,1706146794,1706148243,24,1449,430
13607,1706130893,1706146804,1706148237,24,1433,476
13608,1706130893,1706146834,1706148404,24,1570,430
13609,1706130893,1706146871,1706148388,24,1517,420
13610,1706130893,1706146894,1706148322,24,1428,425
13611,1706130893,1706147181,1706148615,24,1434,417
13612,1706130893,1706147310,1706148850,24,1540,431
13613,1706130893,1706147424,1706148947,24,1523,442
13614,1706130893,1706147455,1706148964,24,1509,431
13615,1706130893,1706147455,1706148909,24,1454,433
13616,1706130893,1706147509,1706149000,24,1491,428
13617,1706130893,1706147509,1706148911,24,1402,434
13618,1706130893,1706147533,1706148963,24,1430,419
13619,1706130893,1706147533,1706149076,24,1543,436
13620,1706130893,1706147893,1706149416,24,1523,444
13622,1706130893,1706147981,1706149375,24,1394,417
13623,1706130893,1706148053,1706149683,24,1630,420
13624,1706130893,1706148210,1706149724,24,1514,434
13625,1706130893,1706148258,1706149813,24,1555,476
13626,1706130893,1706148262,1706149759,24,1497,426
13627,1706130893,1706148342,1706149702,24,1360,425
13628,1706130893,1706148413,1706149884,24,1471,424
13629,1706130893,1706148422,1706149900,24,1478,420
13631,1706130893,1706148632,1706150082,24,1450,415
13632,1706130893,1706148833,1706150261,24,1428,419
13633,1706130893,1706148833,1706150250,24,1417,418
13634,1706130893,1706148833,1706150372,24,1539,489
13635,1706130893,1706148954,1706150351,24,1397,433
13636,1706130893,1706149098,1706150603,24,1505,431
13637,1706130893,1706149231,1706150753,24,1522,429
13638,1706130893,1706149231,1706150661,24,1430,423
13639,1706130893,1706149231,1706150722,24,1491,434
13640,1706130893,1706149231,1706150730,24,1499,430
13641,1706130893,1706149231,1706150656,24,1425,429
13642,1706130893,1706149236,1706150754,24,1518,424
13643,1706130893,1706149414,1706150816,24,1402,417
13644,1706130893,1706149454,1706150886,24,1432,444
13645,1706130893,1706149778,1706151274,24,1496,433
13646,1706130893,1706149945,1706151437,24,1492,420
13647,1706130893,1706149945,1706151449,24,1504,473
13208,1706130898,1706167539,1706169018,24,1479,444
13648,1706130898,1706150191,1706151603,24,1412,420
13649,1706130898,1706150314,1706151828,24,1514,418
13650,1706130898,1706150314,1706151721,24,1407,419
13651,1706130898,1706150437,1706151870,24,1433,433
13652,1706130898,1706150437,1706151936,24,1499,484
13653,1706130898,1706150682,1706152087,24,1405,423
13654,1706130898,1706150682,1706152214,24,1532,431
13655,1706130898,1706150682,1706152149,24,1467,431
13658,1706130898,1706152646,1706154140,24,1494,437
13659,1706130898,1706154162,1706155630,24,1468,441
13660,1706130898,1706154574,1706156069,24,1495,426
13661,1706130898,1706155123,1706156717,24,1594,444
13662,1706130898,1706155123,1706156616,24,1493,437
13663,1706130898,1706155123,1706156628,24,1505,434
13664,1706130898,1706155123,1706156584,24,1461,418
13665,1706130898,1706155123,1706156579,24,1456,415
13666,1706130898,1706155177,1706156626,24,1449,427
13667,1706130898,1706155177,1706156590,24,1413,431
13668,1706130898,1706155177,1706156712,24,1535,426
13669,1706130898,1706155177,1706156616,24,1439,426
13670,1706130898,1706155177,1706156652,24,1475,429
13671,1706130898,1706155220,1706156619,24,1399,429
13672,1706130898,1706155224,1706156372,24,1148,424
13673,1706130898,1706155224,1706156651,24,1427,472
13674,1706130898,1706155224,1706156663,24,1439,419
13675,1706130898,1706155224,1706156636,24,1412,421
13676,1706130898,1706155224,1706156717,24,1493,423
13677,1706130898,1706155651,1706157125,24,1474,436
13678,1706130898,1706156090,1706157617,24,1527,427
13679,1706130898,1706156390,1706157860,24,1470,419
13680,1706130898,1706156597,1706158024,24,1427,420
13681,1706130898,1706156603,1706158043,24,1440,419
13682,1706130898,1706156609,1706158036,24,1427,431
13683,1706130898,1706156646,1706158020,24,1374,415
13684,1706130898,1706156646,1706158055,24,1409,432
13685,1706130898,1706156646,1706158170,24,1524,431
13686,1706130898,1706156646,1706158278,24,1632,430
13687,1706130898,1706156646,1706158111,24,1465,434
13688,1706130898,1706156657,1706158191,24,1534,426
13689,1706130898,1706156669,1706158219,24,1550,472
13690,1706130898,1706156669,1706158101,24,1432,434
13691,1706130898,1706156679,1706158173,24,1494,419
13692,1706130898,1706156734,1706158280,24,1546,428
13693,1706130898,1706156734,1706158164,24,1430,417
13694,1706130898,1706156734,1706158269,24,1535,438
13695,1706130898,1706157147,1706158646,24,1499,441
13696,1706130898,1706157164,1706158656,24,1492,449
13698,1706130898,1706157651,1706159090,24,1439,430
13699,1706130898,1706157877,1706159305,24,1428,424
13700,1706130898,1706158041,1706159481,24,1440,419
13701,1706130898,1706158041,1706159457,24,1416,420
13702,1706130898,1706158053,1706159507,24,1454,426
13703,1706130898,1706158061,1706159510,24,1449,414
13704,1706130898,1706158074,1706159501,24,1427,433
13705,1706130898,1706158119,1706159545,24,1426,430
13706,1706130898,1706158129,1706159590,24,1461,434
13707,1706130898,1706158184,1706159640,24,1456,417
13708,1706130898,1706158187,1706159697,24,1510,431
13709,1706130898,1706158202,1706159693,24,1491,419
13710,1706130898,1706158209,1706159683,24,1474,426
13711,1706130898,1706158236,1706159670,24,1434,472
13712,1706130898,1706158289,1706159801,24,1512,433
13713,1706130898,1706158297,1706159775,24,1478,430
13714,1706130898,1706158302,1706159766,24,1464,423
13715,1706130898,1706158668,1706160178,24,1510,440
13716,1706130898,1706158678,1706160159,24,1481,449
13717,1706130898,1706159111,1706160514,24,1403,430
13718,1706130898,1706159425,1706160853,24,1428,424
13719,1706130898,1706160406,1706161852,24,1446,419
13720,1706130898,1706160406,1706161889,24,1483,432
13721,1706130898,1706160465,1706162001,24,1536,471
13722,1706130898,1706160465,1706162032,24,1567,414
13723,1706130898,1706160465,1706161901,24,1436,415
13724,1706130898,1706160465,1706161891,24,1426,436
13725,1706130898,1706160465,1706161876,24,1411,428
13726,1706130898,1706160468,1706161920,24,1452,416
13727,1706130898,1706160493,1706161955,24,1462,418
13728,1706130898,1706160493,1706161960,24,1467,419
13729,1706130898,1706160493,1706161932,24,1439,432
13730,1706130898,1706160493,1706161911,24,1418,429
13731,1706130898,1706160493,1706161956,24,1463,420
13732,1706130898,1706160535,1706161916,24,1381,430
13733,1706130898,1706160590,1706162002,24,1412,426
13734,1706130898,1706160590,1706162036,24,1446,424
13735,1706130898,1706160590,1706162001,24,1411,417
13736,1706130898,1706160590,1706162029,24,1439,430
13737,1706130898,1706160590,1706162054,24,1464,445
13738,1706130898,1706160871,1706162339,24,1468,421
13739,1706130898,1706161515,1706163120,24,1605,430
13740,1706130898,1706162049,1706163534,24,1485,429
13741,1706130898,1706162053,1706163455,24,1402,425
13742,1706130898,1706162073,1706163555,24,1482,449
13743,1706130898,1706162356,1706163804,24,1448,424
13745,1706130898,1706163139,1706164647,24,1508,429
13746,1706130898,1706163419,1706164939,24,1520,415
13747,1706130898,1706163487,1706165103,24,1616,418
13748,1706130898,1706163570,1706165076,24,1506,426
13749,1706130898,1706163581,1706165185,24,1604,449
13750,1706130898,1706163822,1706165274,24,1452,421
13751,1706130898,1706164061,1706165485,24,1424,431
13752,1706130898,1706164061,1706165529,24,1468,425
13753,1706130898,1706164061,1706165540,24,1479,432
13754,1706130898,1706164061,1706165467,24,1406,422
13755,1706130898,1706164061,1706165603,24,1542,430
13756,1706130898,1706164126,1706165600,24,1474,416
13757,1706130898,1706164126,1706165581,24,1455,466
13758,1706130898,1706164126,1706165532,24,1406,420
13759,1706130898,1706164126,1706165584,24,1458,417
13760,1706130898,1706164126,1706165592,24,1466,420
13761,1706130898,1706164126,1706165615,24,1489,434
13762,1706130898,1706164168,1706165650,24,1482,415
13763,1706130898,1706164168,1706165720,24,1552,427
13764,1706130898,1706164168,1706165612,24,1444,435
13765,1706130898,1706164168,1706165575,24,1407,435
13766,1706130898,1706164666,1706166249,24,1583,439
13767,1706130898,1706164958,1706166386,24,1428,420
13768,1706130898,1706165097,1706166513,24,1416,431
13769,1706130898,1706165123,1706166558,24,1435,420
13770,1706130898,1706165204,1706166699,24,1495,429
13771,1706130898,1706165291,1706166767,24,1476,424
13772,1706130898,1706165484,1706167034,24,1550,417
13773,1706130898,1706165502,1706167031,24,1529,446
13774,1706130898,1706165550,1706167052,24,1502,426
13775,1706130898,1706165550,1706167037,24,1487,424
13776,1706130898,1706165559,1706167010,24,1451,434
13777,1706130898,1706165599,1706167059,24,1460,470
13778,1706130898,1706165599,1706167012,24,1413,430
13779,1706130898,1706165621,1706167030,24,1409,422
13780,1706130898,1706165621,1706167018,24,1397,420
13781,1706130898,1706165621,1706167223,24,1602,430
13782,1706130898,1706165621,1706167054,24,1433,420
13783,1706130898,1706165629,1706167070,24,1441,436
13784,1706130898,1706165635,1706167093,24,1458,430
13785,1706130898,1706165668,1706167099,24,1431,415
13786,1706130898,1706165737,1706167212,24,1475,426
13789,1706130898,1706166283,1706167782,24,1499,434
13790,1706130898,1706167114,1706168563,24,1449,434
13791,1706130898,1706167117,1706167960,24,843,415
13792,1706130898,1706167230,1706168668,24,1438,431
13793,1706130898,1706167241,1706168719,24,1478,426
13794,1706130898,1706167465,1706168880,24,1415,428
13795,1706130898,1706167465,1706168858,24,1393,430
13796,1706130898,1706167465,1706168969,24,1504,421
13797,1706130898,1706167465,1706168848,24,1383,439
13798,1706130898,1706167465,1706168962,24,1497,431
13799,1706130898,1706167465,1706168906,24,1441,432
13800,1706130898,1706167539,1706169075,24,1536,431
13801,1706130898,1706167539,1706168959,24,1420,419
13802,1706130898,1706167539,1706169006,24,1467,424
13209,1706131019,1706169163,1706190803,32,21640,73
13210,1706131021,1706169163,1706190803,32,21640,59
13211,1706131021,1706169167,1706190803,32,21636,55
13212,1706131022,1706169167,1706190803,32,21636,73
13213,1706131022,1706169167,1706190803,32,21636,64
13214,1706131022,1706169167,1706190803,32,21636,55
13215,1706131022,1706169363,1706190982,32,21619,67
13216,1706131023,1706169514,1706191133,32,21619,54
13217,1706131023,1706169514,1706191133,32,21619,73
13218,1706131023,1706169514,1706191133,32,21619,65
13219,1706131023,1706169514,1706191133,32,21619,60
13220,1706131024,1706169518,1706191163,32,21645,113
13221,1706131024,1706169518,1706191163,32,21645,65
13222,1706131024,1706171756,1706193385,32,21629,90
13223,1706131025,1706248111,1706269746,32,21635,473
13224,1706131025,1706248191,1706269834,32,21643,427
13225,1706131026,1706249857,1706271487,32,21630,68
13226,1706131179,1706131407,1706131493,1,86,17
13227,1706131260,1706142503,1706142553,16,50,25
13228,1706131284,1706131292,1706131454,1,162,41
13229,1706131384,1706212801,1706217365,1,4564,74
13230,1706131384,1706212801,1706226298,1,13497,76
13231,1706131395,1706215012,1706231169,1,16157,75
13232,1706131396,1706215012,1706229094,1,14082,76
13233,1706131406,1706215087,1706232212,1,17125,414
13234,1706131407,1706215087,1706230953,1,15866,414
13235,1706131409,1706215087,1706231791,1,16704,415
13236,1706131419,1706215087,1706230415,1,15328,413
13237,1706131420,1706215087,1706229102,1,14015,412
13238,1706131430,1706215087,1706228920,1,13833,412
13239,1706131431,1706215087,1706228090,1,13003,414
13240,1706131431,1706215087,1706229838,1,14751,415
13241,1706131442,1706215087,1706230080,1,14993,413
13242,1706131442,1706215087,1706229019,1,13932,413
13243,1706131453,1706215087,1706230007,1,14920,414
13244,1706131453,1706215087,1706230757,1,15670,413
13245,1706131464,1706215087,1706231038,1,15951,423
13246,1706131464,1706215087,1706230593,1,15506,424
13247,1706131465,1706215087,1706230592,1,15505,420
13248,1706131475,1706215087,1706231650,1,16563,417
13249,1706131476,1706215087,1706231220,1,16133,413
13250,1706131486,1706215087,1706229697,1,14610,413
13251,1706131487,1706215087,1706230160,1,15073,413
13252,1706131497,1706215087,1706228244,1,13157,414
13253,1706131498,1706215087,1706228281,1,13194,413
13254,1706131498,1706215087,1706229726,1,14639,413
13255,1706131509,1706215087,1706229568,1,14481,412
13256,1706131509,1706215087,1706229864,1,14777,412
13257,1706131520,1706215207,1706228403,1,13196,413
13258,1706131520,1706215207,1706230611,1,15404,414
13259,1706131521,1706215207,1706230464,1,15257,413
13260,1706131542,1706215207,1706230464,1,15257,413
13261,1706131542,1706215207,1706229515,1,14308,412
13262,1706131543,1706215207,1706230932,1,15725,412
13263,1706131553,1706215207,1706229417,1,14210,413
13264,1706131554,1706215207,1706229005,1,13798,412
13265,1706131564,1706215207,1706228984,1,13777,413
13266,1706131565,1706215207,1706229040,1,13833,414
13267,1706131565,1706215207,1706231308,1,16101,413
13268,1706131576,1706215207,1706228723,1,13516,412
13269,1706131576,1706215207,1706228585,1,13378,413
13270,1706131587,1706215207,1706229900,1,14693,413
13271,1706131587,1706215207,1706231465,1,16258,413
13272,1706131588,1706215207,1706228577,1,13370,414
13273,1706131588,1706215207,1706231584,1,16377,414
13274,1706131589,1706215207,1706228829,1,13622,414
13275,1706131589,1706215207,1706231061,1,15854,413
13276,1706131590,1706215207,1706230665,1,15458,415
13277,1706131590,1706215207,1706230925,1,15718,415
13278,1706131591,1706215207,1706229390,1,14183,414
13279,1706131591,1706215207,1706229924,1,14717,414
13280,1706131592,1706215207,1706231083,1,15876,413
13281,1706131603,1706131603,1706131659,1,56,18
13282,1706131667,1706131676,1706132917,1,1241,124
13283,1706131707,1706131779,1706131827,1,48,17
13284,1706131729,1706132148,1706132281,1,133,18
13285,1706132051,1706250077,1706253949,32,3872,41
13286,1706132054,1706250166,1706254106,32,3940,89
13287,1706132092,1706132093,1706132130,1,37,37
13288,1706132308,1706132319,1706132353,1,34,37
13289,1706132375,1706132376,1706132412,1,36,37
13290,1706132446,1706132447,1706132508,1,61,37
13291,1706132474,1706132881,1706133246,1,365,60
13292,1706132480,1706132514,1706132849,1,335,70
13293,1706132667,1706132758,1706138809,1,6051,280
13294,1706132667,1706132758,1706132844,1,86,35
13295,1706132667,1706132758,1706137764,1,5006,287
13296,1706132667,1706132758,1706132844,1,86,19
13297,1706132668,1706132758,1706147183,1,14425,122
13298,1706132668,1706132758,1706132844,1,86,20
13299,1706132678,1706132758,1706132844,1,86,19
13300,1706132678,1706132758,1706147183,1,14425,129
13301,1706132679,1706132758,1706132844,1,86,18
13302,1706132679,1706132758,1706137564,1,4806,274
13303,1706132679,1706132758,1706132844,1,86,18
13304,1706132679,1706132758,1706147183,1,14425,122
13305,1706132689,1706132880,1706134442,1,1562,245
13306,1706132689,1706132880,1706132930,1,50,19
13307,1706132690,1706132880,1706132946,1,66,20
13308,1706132690,1706132880,1706132930,1,50,19
13309,1706132690,1706132880,1706147303,1,14423,128
13310,1706132690,1706132880,1706132930,1,50,18
13311,1706132809,1706132809,1706135358,1,2549,234
13312,1706132809,1706132819,1706134534,1,1715,289
13313,1706132831,1706132839,1706136461,1,3622,135
13314,1706132831,1706133130,1706140373,1,7243,26
13315,1706132832,1706132927,1706136550,1,3623,83
13316,1706132927,1706149822,1706157070,8,7248,115
13317,1706132980,1706133004,1706133441,1,437,56
13318,1706132998,1706132999,1706133079,1,80,30
13319,1706133140,1706133252,1706134024,1,772,55
13320,1706133236,1706133240,1706133317,1,77,31
13321,1706133237,1706133251,1706133669,1,418,91
13322,1706133267,1706133374,1706133788,1,414,57
13323,1706133269,1706133374,1706133825,1,451,56
13324,1706133274,1706133374,1706133853,1,479,56
13325,1706133277,1706133374,1706133935,1,561,56
13326,1706133281,1706133374,1706134096,1,722,55
13327,1706133281,1706133373,1706142855,1,9482,128
13328,1706133282,1706133373,1706142876,1,9503,131
13329,1706133282,1706133373,1706142891,1,9518,128
13330,1706133283,1706133374,1706134182,1,808,56
13331,1706133289,1706133374,1706134590,1,1216,56
13332,1706133293,1706133373,1706142905,1,9532,141
13333,1706133293,1706133373,1706142911,1,9538,129
13334,1706133294,1706133373,1706142913,1,9540,131
13335,1706133304,1706133373,1706136164,1,2791,131
13336,1706133305,1706133373,1706133440,1,67,18
13337,1706133305,1706133373,1706142919,1,9546,132
13338,1706133399,1706133403,1706133659,1,256,41
13339,1706133584,1706133619,1706133702,1,83,18
13341,1706133681,1706133681,1706133878,1,197,53
13343,1706133744,1706133986,1706134356,1,370,68
13344,1706133763,1706169114,1706170190,4,1076,33
13346,1706133965,1706133985,1706135249,8,1264,61
13348,1706134013,1706134108,1706143474,1,9366,280
13351,1706134397,1706134398,1706134550,1,152,32
13352,1706134554,1706134555,1706135609,1,1054,46
13353,1706134576,1706134843,1706135254,1,411,74
13354,1706134650,1706134719,1706139722,1,5003,37
13355,1706134689,1706135213,1706140219,1,5006,23
13357,1706134738,1706134842,1706135122,1,280,29
13358,1706134738,1706135089,1706135561,1,472,41
13359,1706134739,1706134842,1706134974,1,132,22
13360,1706134739,1706134842,1706135009,1,167,19
13361,1706134823,1706134842,1706135068,1,226,24
13362,1706134945,1706134965,1706163801,1,28836,22
13363,1706134953,1706134965,1706163801,1,28836,19
13364,1706134957,1706134965,1706163801,1,28836,19
13365,1706134962,1706134965,1706163801,1,28836,41
13366,1706134980,1706135090,1706163922,1,28832,113
13367,1706134985,1706135212,1706164044,1,28832,18
13368,1706134990,1706135090,1706163922,1,28832,25
13369,1706134993,1706135090,1706163922,1,28832,19
13370,1706135002,1706135090,1706163922,1,28832,22
13371,1706135016,1706135090,1706163922,1,28832,23
13372,1706135023,1706135090,1706163922,1,28832,41
13373,1706135029,1706135090,1706163922,1,28832,19
13374,1706135063,1706135064,1706135128,2,64,55
13380,1706135367,1706135371,1706142611,1,7240,49
13382,1706135410,1706359183,1706371828,128,12645,452
13383,1706135456,1706135705,1706136037,1,332,60
13384,1706135509,1706135510,1706142085,1,6575,22
13385,1706135558,1706135559,1706135599,1,40,26
13386,1706135587,1706135594,1706153723,1,18129,42
13387,1706135587,1706135594,1706157219,1,21625,45
13388,1706135588,1706135594,1706144467,1,8873,44
13389,1706135598,1706135599,1706142983,1,7384,28
13390,1706135599,1706135599,1706142992,1,7393,30
13391,1706135599,1706135616,1706142934,1,7318,29
13392,1706135637,1706135638,1706142967,1,7329,32
13393,1706135637,1706135638,1706142975,1,7337,26
13394,1706135752,1706135753,1706135819,2,66,55
13395,1706135812,1706135818,1706136304,1,486,44
13396,1706135833,1706135838,1706142961,1,7123,29
13403,1706136188,1706136188,1706137109,2,921,67
13410,1706136480,1706138024,1706138375,1,351,85
13411,1706136641,1706136680,1706136837,1,157,27
13413,1706136801,1706136802,1706140334,1,3532,66
13415,1706137135,1706153894,1706240339,1,86445,46
13416,1706137139,1706154017,1706186110,1,32093,40
13417,1706137144,1706155257,1706241688,1,86431,35
13418,1706137147,1706156485,1706188927,1,32442,40
13419,1706137161,1706160200,1706191655,1,31455,412
13420,1706137164,1706160200,1706190019,1,29819,216
13421,1706137170,1706160200,1706189168,1,28968,138
13422,1706137176,1706160200,1706182610,1,22410,160
13423,1706137180,1706160200,1706182405,1,22205,158
13424,1706137183,1706160200,1706182543,1,22343,173
13425,1706137315,1706146342,1706148141,2,1799,39
13426,1706137315,1706147217,1706148968,2,1751,51
13427,1706137316,1706148833,1706150571,2,1738,40
13428,1706137316,1706148833,1706150568,2,1735,40
13429,1706137316,1706149328,1706151053,2,1725,40
13430,1706137317,1706150682,1706151006,2,324,427
13431,1706137317,1706151051,1706151366,2,315,34
13432,1706137317,1706151664,1706153406,2,1742,39
13433,1706137317,1706151664,1706153404,2,1740,39
13434,1706137318,1706151913,1706152235,2,322,34
13435,1706137318,1706152247,1706153974,2,1727,44
13436,1706137318,1706152247,1706153973,2,1726,39
13437,1706137340,1706137341,1706137575,1,234,62
13439,1706137376,1706137381,1706137475,1,94,44
13440,1706137427,1706137430,1706137477,4,47,19
13441,1706137478,1706137487,1706145417,1,7930,245
13442,1706137479,1706137487,1706142622,1,5135,174
13443,1706137521,1706144613,1706153641,1,9028,36
13444,1706137521,1706144864,1706153859,1,8995,95
13445,1706137521,1706144864,1706153888,1,9024,68
13446,1706137571,1706137576,1706143001,1,5425,142
13447,1706137571,1706137576,1706143001,1,5425,104
13448,1706137587,1706145483,1706154497,1,9014,145
13449,1706137593,1706137603,1706180932,4,43329,65
13451,1706137611,1706137611,1706137646,4,35,423
13454,1706137631,1706137639,1706142149,1,4510,121
13455,1706137631,1706137639,1706142160,1,4521,144
13458,1706137687,1706143727,1706152217,1,8490,132
13462,1706137699,1706137699,1706137762,1,63,47
13465,1706137708,1706137708,1706137788,1,80,19
13468,1706137795,1706145483,1706154474,1,8991,25
13469,1706137980,1706137993,1706145232,1,7239,128
13471,1706138043,1706250409,1706269381,16,18972,152
13472,1706138074,1706138078,1706138297,1,219,64
13473,1706138166,1706138520,1706141454,1,2934,492
13479,1706138477,1706138477,1706138575,1,98,46
13480,1706138602,1706138982,1706139175,16,193,50
13481,1706138603,1706139039,1706139218,16,179,419
13482,1706138603,1706139047,1706148681,16,9634,415
13483,1706138604,1706139047,1706139225,16,178,426
13484,1706138605,1706139057,1706148680,16,9623,413
13485,1706138606,1706139070,1706139245,16,175,29
13486,1706138606,1706139070,1706139247,16,177,413
13487,1706138607,1706139147,1706148675,16,9528,430
13488,1706138608,1706139151,1706192704,16,53553,419
13489,1706138608,1706139151,1706139330,16,179,418
13490,1706138701,1706139204,1706140183,128,979,414
13491,1706138709,1706140204,1706141405,128,1201,462
13492,1706138721,1706138722,1706138854,1,132,55
13493,1706138726,1706143233,1706153226,1,9993,57
13501,1706139352,1706139353,1706139803,2,450,47
13505,1706139614,1706168602,1706203709,1,35107,120
13510,1706139722,1706145726,1706150747,1,5021,20
13513,1706139875,1706250468,1706269280,16,18812,143
13515,1706139901,1706139917,1706140194,2,277,47
13516,1706139905,1706250554,1706269572,16,19018,144
13518,1706139924,1706144485,1706144832,1,347,60
13519,1706139933,1706139934,1706140097,1,163,50
13520,1706139935,1706250575,1706269644,16,19069,153
13521,1706139966,1706331794,1706350508,16,18714,149
13522,1706139996,1706331955,1706351755,16,19800,436
13525,1706140136,1706140319,1706140479,2,160,46
13526,1706140196,1706140496,1706140626,2,130,47
13529,1706140219,1706145726,1706150730,1,5004,22
13531,1706140372,1706140875,1706148124,1,7249,42
13534,1706140497,1706140498,1706140939,1,441,50
13535,1706140514,1706140739,1706140864,2,125,55
13536,1706140646,1706140980,1706141182,2,202,47
